transaction_id,source_account,destination_account,amount,timestamp
TXN_001079,ACC_0282,ACC_0075,2788.45,2026-01-20 14:14:21.991250
TXN_003881,ACC_0234,ACC_0114,2906.69,2026-01-20 14:27:32.786913
TXN_009770,ACC_0385,ACC_0010,863.42,2026-01-20 14:29:15.585287
TXN_009433,ACC_0331,ACC_0292,125.15,2026-01-20 14:31:22.055353
TXN_000489,ACC_0185,ACC_0412,932.06,2026-01-20 14:33:04.085817
TXN_001586,ACC_0252,ACC_0002,2684.15,2026-01-20 14:34:23.766508
TXN_004207,ACC_0404,ACC_0227,2953.25,2026-01-20 14:47:49.074614
TXN_007254,ACC_0403,ACC_0146,4844.83,2026-01-20 14:53:39.981700
TXN_006359,ACC_0323,ACC_0169,4741.3,2026-01-20 14:57:18.565878
TXN_007283,ACC_0182,ACC_0288,4205.97,2026-01-20 15:00:10.575149
TXN_005644,ACC_0351,ACC_0199,2689.15,2026-01-20 15:00:19.399834
TXN_002330,ACC_0124,ACC_0321,4180.93,2026-01-20 15:08:15.094322
TXN_004370,ACC_0061,ACC_0319,2970.09,2026-01-20 15:08:28.952586
TXN_007278,ACC_0282,ACC_0016,2456.09,2026-01-20 15:08:52.456813
TXN_006186,ACC_0115,ACC_0310,1177.17,2026-01-20 15:12:40.286299
TXN_004881,ACC_0013,ACC_0206,3858.94,2026-01-20 15:17:42.749471
TXN_001400,ACC_0455,ACC_0237,857.87,2026-01-20 15:17:49.155603
TXN_005904,ACC_0107,ACC_0414,2077.66,2026-01-20 15:18:37.943918
TXN_001540,ACC_0045,ACC_0064,1532.01,2026-01-20 15:21:35.458715
TXN_009128,ACC_0188,ACC_0327,2249.08,2026-01-20 15:22:17.397843
TXN_002922,ACC_0174,ACC_0118,1264.11,2026-01-20 15:27:40.637536
TXN_008398,ACC_0129,ACC_0306,3638.16,2026-01-20 15:36:56.767381
TXN_007389,ACC_0232,ACC_0334,4414.86,2026-01-20 15:42:06.236494
TXN_009233,ACC_0234,ACC_0097,1788.2,2026-01-20 15:47:47.414769
TXN_005611,ACC_0084,ACC_0341,1881.77,2026-01-20 15:56:59.182519
TXN_003775,ACC_0427,ACC_0345,204.5,2026-01-20 16:05:17.398864
TXN_009692,ACC_0156,ACC_0091,4476.08,2026-01-20 16:09:13.995885
TXN_003537,ACC_0014,ACC_0443,2608.39,2026-01-20 16:25:26.678470
TXN_000559,ACC_0250,ACC_0261,3114.33,2026-01-20 16:26:01.030493
TXN_000459,ACC_0083,ACC_0086,2148.41,2026-01-20 16:27:59.717601
TXN_006674,ACC_0332,ACC_0116,3833.93,2026-01-20 16:32:02.793595
TXN_004699,ACC_0223,ACC_0411,3047.84,2026-01-20 16:43:58.354591
TXN_004286,ACC_0419,ACC_0084,3971.03,2026-01-20 16:53:01.926647
TXN_007597,ACC_0428,ACC_0227,536.58,2026-01-20 16:56:16.668280
TXN_008211,ACC_0436,ACC_0049,4853.21,2026-01-20 17:01:33.785797
TXN_002059,ACC_0332,ACC_0188,4659.07,2026-01-20 17:06:47.791723
TXN_004883,ACC_0403,ACC_0220,1918.32,2026-01-20 17:09:41.957839
TXN_006774,ACC_0264,ACC_0149,2924.05,2026-01-20 17:17:06.813442
TXN_007463,ACC_0228,ACC_0330,1989.09,2026-01-20 17:18:15.229552
TXN_003394,ACC_0274,ACC_0412,4043.02,2026-01-20 17:25:09.239467
TXN_001021,ACC_0407,ACC_0409,1238.12,2026-01-20 17:30:35.137825
TXN_007511,ACC_0195,ACC_0005,766.95,2026-01-20 17:33:23.803565
TXN_001804,ACC_0186,ACC_0108,2610.05,2026-01-20 17:37:01.450891
TXN_006151,ACC_0281,ACC_0394,3090.48,2026-01-20 17:40:22.616022
TXN_006756,ACC_0148,ACC_0027,2236.74,2026-01-20 17:42:43.630020
TXN_001682,ACC_0126,ACC_0334,3410.19,2026-01-20 17:43:14.301373
TXN_004385,ACC_0341,ACC_0233,4439.98,2026-01-20 17:50:22.076554
TXN_006759,ACC_0310,ACC_0140,2315.8,2026-01-20 17:51:47.334521
TXN_000078,ACC_0475,ACC_0471,5689.94,2026-01-20 17:56:08.338846
TXN_004146,ACC_0101,ACC_0420,4222.28,2026-01-20 17:58:05.300631
TXN_001723,ACC_0277,ACC_0140,3818.8,2026-01-20 18:02:27.512392
TXN_009844,ACC_0235,ACC_0057,1292.12,2026-01-20 18:05:30.138694
TXN_006855,ACC_0317,ACC_0187,1734.96,2026-01-20 18:07:21.753727
TXN_002675,ACC_0270,ACC_0035,3178.09,2026-01-20 18:08:48.796305
TXN_006791,ACC_0468,ACC_0370,1110.06,2026-01-20 18:09:34.940031
TXN_002038,ACC_0325,ACC_0301,2234.42,2026-01-20 18:09:50.594983
TXN_006043,ACC_0278,ACC_0328,1257.17,2026-01-20 18:19:36.581317
TXN_005494,ACC_0199,ACC_0322,2614.77,2026-01-20 18:29:48.500919
TXN_009124,ACC_0250,ACC_0233,2851.76,2026-01-20 18:36:06.655724
TXN_002349,ACC_0356,ACC_0231,4063.0,2026-01-20 18:36:20.144249
TXN_003975,ACC_0258,ACC_0322,3005.67,2026-01-20 18:38:25.494542
TXN_002317,ACC_0257,ACC_0451,2477.1,2026-01-20 18:48:53.016031
TXN_000019,ACC_0485,ACC_0481,9186.71,2026-01-20 18:51:23.433840
TXN_007157,ACC_0462,ACC_0417,1000.62,2026-01-20 18:51:51.040344
TXN_002757,ACC_0031,ACC_0231,2033.67,2026-01-20 18:51:55.728397
TXN_001185,ACC_0179,ACC_0166,3289.15,2026-01-20 18:56:19.647846
TXN_004612,ACC_0448,ACC_0059,418.3,2026-01-20 19:01:46.198797
TXN_006427,ACC_0309,ACC_0376,1570.27,2026-01-20 19:17:13.168148
TXN_007824,ACC_0419,ACC_0209,4336.65,2026-01-20 19:20:19.110555
TXN_002428,ACC_0317,ACC_0126,2466.41,2026-01-20 19:20:55.158960
TXN_002479,ACC_0235,ACC_0019,3301.99,2026-01-20 19:25:45.706541
TXN_004320,ACC_0085,ACC_0190,1453.71,2026-01-20 19:31:47.510625
TXN_004851,ACC_0211,ACC_0470,2277.82,2026-01-20 19:33:15.573845
TXN_009182,ACC_0364,ACC_0041,3767.2,2026-01-20 19:35:49.803146
TXN_001161,ACC_0058,ACC_0175,3502.22,2026-01-20 19:36:04.002624
TXN_007889,ACC_0074,ACC_0461,3759.66,2026-01-20 19:40:49.326753
TXN_006190,ACC_0388,ACC_0260,2794.22,2026-01-20 19:41:34.587625
TXN_004538,ACC_0166,ACC_0135,1051.1,2026-01-20 19:46:45.628546
TXN_007858,ACC_0368,ACC_0350,3138.83,2026-01-20 19:52:00.780595
TXN_008510,ACC_0419,ACC_0145,2117.14,2026-01-20 19:54:27.561921
TXN_007841,ACC_0013,ACC_0204,1492.6,2026-01-20 19:56:33.457990
TXN_003059,ACC_0187,ACC_0083,3946.16,2026-01-20 19:59:24.186205
TXN_006239,ACC_0364,ACC_0117,1997.39,2026-01-20 20:00:08.893277
TXN_000655,ACC_0218,ACC_0081,1779.06,2026-01-20 20:10:48.487605
TXN_001779,ACC_0375,ACC_0119,1487.54,2026-01-20 20:14:43.315399
TXN_006004,ACC_0459,ACC_0441,4581.8,2026-01-20 20:24:18.073989
TXN_007203,ACC_0073,ACC_0038,3304.03,2026-01-20 20:24:36.498614
TXN_002296,ACC_0394,ACC_0430,3547.91,2026-01-20 20:29:15.661592
TXN_001241,ACC_0320,ACC_0241,3843.34,2026-01-20 20:30:59.011686
TXN_006695,ACC_0428,ACC_0262,2657.88,2026-01-20 20:39:36.209989
TXN_000273,ACC_0342,ACC_0495,7492.63,2026-01-20 20:40:21.529420
TXN_006033,ACC_0253,ACC_0470,890.1,2026-01-20 20:56:15.881943
TXN_005229,ACC_0407,ACC_0342,3256.16,2026-01-20 20:58:09.662379
TXN_001325,ACC_0459,ACC_0399,1357.37,2026-01-20 21:01:41.020297
TXN_009918,ACC_0262,ACC_0110,3597.77,2026-01-20 21:02:00.027524
TXN_007696,ACC_0136,ACC_0022,1132.12,2026-01-20 21:06:03.655210
TXN_009337,ACC_0160,ACC_0336,3874.67,2026-01-20 21:13:06.918694
TXN_002587,ACC_0290,ACC_0271,3965.53,2026-01-20 21:29:22.160320
TXN_002506,ACC_0074,ACC_0006,3959.59,2026-01-20 21:29:35.380737
TXN_000274,ACC_0495,ACC_0367,7118.0,2026-01-20 21:32:18.039824
TXN_009511,ACC_0347,ACC_0086,3099.79,2026-01-20 21:35:54.569376
TXN_008300,ACC_0014,ACC_0002,3594.96,2026-01-20 21:44:38.225723
TXN_009710,ACC_0312,ACC_0027,3786.11,2026-01-20 21:45:34.460219
TXN_009789,ACC_0252,ACC_0190,4979.45,2026-01-20 21:45:49.502673
TXN_004757,ACC_0246,ACC_0371,2522.76,2026-01-20 21:53:44.332570
TXN_005710,ACC_0137,ACC_0131,3763.73,2026-01-20 22:05:54.306603
TXN_003160,ACC_0196,ACC_0163,4548.82,2026-01-20 22:09:41.619008
TXN_008801,ACC_0423,ACC_0450,1576.3,2026-01-20 22:09:42.633010
TXN_002182,ACC_0418,ACC_0070,3932.01,2026-01-20 22:10:08.906385
TXN_004118,ACC_0016,ACC_0347,3618.15,2026-01-20 22:11:09.425577
TXN_002834,ACC_0404,ACC_0293,3749.98,2026-01-20 22:11:25.453251
TXN_002213,ACC_0237,ACC_0358,391.09,2026-01-20 22:13:03.461658
TXN_004791,ACC_0043,ACC_0438,4448.99,2026-01-20 22:13:51.998399
TXN_000929,ACC_0354,ACC_0204,313.4,2026-01-20 22:15:30.643084
TXN_009621,ACC_0452,ACC_0011,4886.8,2026-01-20 22:16:22.815306
TXN_009712,ACC_0052,ACC_0126,1092.37,2026-01-20 22:32:59.132627
TXN_001814,ACC_0059,ACC_0166,516.67,2026-01-20 22:35:41.653733
TXN_009505,ACC_0182,ACC_0042,4215.94,2026-01-20 22:37:59.303813
TXN_001314,ACC_0331,ACC_0305,738.32,2026-01-20 22:41:35.705170
TXN_009699,ACC_0162,ACC_0084,3569.54,2026-01-20 22:41:51.647527
TXN_008810,ACC_0034,ACC_0301,4748.21,2026-01-20 22:42:03.755947
TXN_007427,ACC_0434,ACC_0203,760.07,2026-01-20 22:46:49.332848
TXN_000015,ACC_0484,ACC_0485,20073.01,2026-01-20 22:51:10.072018
TXN_009205,ACC_0177,ACC_0283,4041.53,2026-01-20 22:55:31.966880
TXN_001828,ACC_0338,ACC_0103,4213.55,2026-01-20 22:59:22.417042
TXN_003292,ACC_0181,ACC_0213,255.44,2026-01-20 23:03:45.942701
TXN_007525,ACC_0361,ACC_0278,1671.08,2026-01-20 23:05:26.336137
TXN_005124,ACC_0155,ACC_0011,1425.71,2026-01-20 23:05:36.898042
TXN_003113,ACC_0136,ACC_0147,1898.05,2026-01-20 23:07:04.208547
TXN_004142,ACC_0446,ACC_0456,2286.16,2026-01-20 23:08:27.307266
TXN_007100,ACC_0195,ACC_0463,2669.59,2026-01-20 23:11:31.454495
TXN_007979,ACC_0085,ACC_0264,1089.8,2026-01-20 23:21:13.593182
TXN_007271,ACC_0348,ACC_0052,447.64,2026-01-20 23:29:55.686986
TXN_000899,ACC_0376,ACC_0463,4543.76,2026-01-20 23:39:25.565321
TXN_000412,ACC_0428,ACC_0099,3226.94,2026-01-20 23:42:53.074264
TXN_001208,ACC_0086,ACC_0284,1535.74,2026-01-20 23:47:56.569978
TXN_007207,ACC_0048,ACC_0055,3447.36,2026-01-20 23:48:36.543583
TXN_007537,ACC_0210,ACC_0315,2509.5,2026-01-20 23:53:48.130763
TXN_009821,ACC_0074,ACC_0282,4782.2,2026-01-20 23:55:21.544444
TXN_001776,ACC_0053,ACC_0061,3739.7,2026-01-20 23:59:46.731953
TXN_007499,ACC_0339,ACC_0399,3502.85,2026-01-21 00:00:06.669765
TXN_002171,ACC_0348,ACC_0416,3101.2,2026-01-21 00:04:35.021703
TXN_004068,ACC_0190,ACC_0050,3931.92,2026-01-21 00:10:11.182232
TXN_001154,ACC_0330,ACC_0290,3466.05,2026-01-21 00:19:02.252590
TXN_006098,ACC_0419,ACC_0452,987.36,2026-01-21 00:26:14.020360
TXN_004797,ACC_0261,ACC_0071,2588.2,2026-01-21 00:29:13.645859
TXN_008284,ACC_0151,ACC_0207,398.97,2026-01-21 00:37:06.514330
TXN_007199,ACC_0136,ACC_0356,3955.34,2026-01-21 00:50:36.272079
TXN_000011,ACC_0483,ACC_0484,24821.3,2026-01-21 00:50:49.840229
TXN_005908,ACC_0404,ACC_0145,4221.51,2026-01-21 00:53:13.941919
TXN_008203,ACC_0397,ACC_0226,4195.17,2026-01-21 00:54:14.485560
TXN_000892,ACC_0037,ACC_0119,461.25,2026-01-21 00:54:19.936308
TXN_002277,ACC_0468,ACC_0449,3701.01,2026-01-21 00:56:06.295479
TXN_008423,ACC_0440,ACC_0189,1717.98,2026-01-21 00:58:28.718620
TXN_001762,ACC_0003,ACC_0228,4414.98,2026-01-21 01:13:00.607308
TXN_008941,ACC_0141,ACC_0387,1188.13,2026-01-21 01:19:40.478242
TXN_004034,ACC_0202,ACC_0091,4598.44,2026-01-21 01:24:16.560749
TXN_001156,ACC_0303,ACC_0262,3493.81,2026-01-21 01:25:28.743464
TXN_007060,ACC_0027,ACC_0355,4512.46,2026-01-21 01:30:47.225051
TXN_007735,ACC_0332,ACC_0444,4009.12,2026-01-21 01:35:33.082540
TXN_008316,ACC_0349,ACC_0444,1416.99,2026-01-21 01:35:35.239365
TXN_002949,ACC_0343,ACC_0001,4636.23,2026-01-21 01:36:35.421737
TXN_003367,ACC_0366,ACC_0377,1530.41,2026-01-21 01:43:51.053573
TXN_008647,ACC_0339,ACC_0335,2086.17,2026-01-21 01:44:36.607117
TXN_000662,ACC_0154,ACC_0007,2556.26,2026-01-21 01:44:58.082208
TXN_001580,ACC_0372,ACC_0347,4733.96,2026-01-21 01:45:25.388418
TXN_005996,ACC_0400,ACC_0151,3309.76,2026-01-21 01:45:42.339686
TXN_009657,ACC_0212,ACC_0135,2868.28,2026-01-21 01:56:18.857665
TXN_003701,ACC_0195,ACC_0064,2507.76,2026-01-21 01:58:26.384695
TXN_007197,ACC_0405,ACC_0467,3241.39,2026-01-21 02:09:11.702000
TXN_007864,ACC_0013,ACC_0147,1953.72,2026-01-21 02:18:52.279789
TXN_000584,ACC_0202,ACC_0319,1557.01,2026-01-21 02:24:53.812689
TXN_007433,ACC_0228,ACC_0125,1263.3,2026-01-21 02:26:00.768618
TXN_001145,ACC_0225,ACC_0318,1933.16,2026-01-21 02:30:10.504992
TXN_002031,ACC_0275,ACC_0079,4098.4,2026-01-21 02:30:27.727893
TXN_004120,ACC_0216,ACC_0170,2024.54,2026-01-21 02:37:35.209607
TXN_007808,ACC_0036,ACC_0153,2267.94,2026-01-21 02:38:43.396800
TXN_002122,ACC_0377,ACC_0007,4627.21,2026-01-21 02:40:59.509122
TXN_009072,ACC_0158,ACC_0074,1121.1,2026-01-21 02:48:35.773199
TXN_002514,ACC_0378,ACC_0371,2647.4,2026-01-21 02:50:25.484760
TXN_004264,ACC_0070,ACC_0111,2684.45,2026-01-21 02:51:07.624460
TXN_004953,ACC_0378,ACC_0430,1165.35,2026-01-21 03:00:52.373939
TXN_009488,ACC_0012,ACC_0376,4243.04,2026-01-21 03:01:23.236029
TXN_003704,ACC_0002,ACC_0031,2251.37,2026-01-21 03:08:40.824738
TXN_005755,ACC_0412,ACC_0092,3210.07,2026-01-21 03:12:07.777958
TXN_002183,ACC_0159,ACC_0119,1334.55,2026-01-21 03:15:03.819417
TXN_002850,ACC_0399,ACC_0373,3473.61,2026-01-21 03:19:15.824833
TXN_005308,ACC_0385,ACC_0031,2565.02,2026-01-21 03:22:20.613766
TXN_007851,ACC_0194,ACC_0406,312.46,2026-01-21 03:25:51.628620
TXN_009024,ACC_0461,ACC_0401,4285.12,2026-01-21 03:27:14.237490
TXN_002425,ACC_0188,ACC_0072,4302.06,2026-01-21 03:32:32.237375
TXN_005740,ACC_0291,ACC_0324,4198.31,2026-01-21 03:38:48.969662
TXN_007422,ACC_0265,ACC_0255,2141.81,2026-01-21 03:43:28.397616
TXN_005107,ACC_0348,ACC_0006,1029.65,2026-01-21 03:44:49.402202
TXN_005632,ACC_0405,ACC_0267,2459.54,2026-01-21 03:50:19.525227
TXN_007967,ACC_0190,ACC_0045,4516.58,2026-01-21 04:00:52.824833
TXN_003872,ACC_0101,ACC_0063,4859.82,2026-01-21 04:10:57.924019
TXN_004440,ACC_0023,ACC_0301,485.95,2026-01-21 04:12:06.393474
TXN_003213,ACC_0294,ACC_0404,3732.19,2026-01-21 04:12:50.088798
TXN_003714,ACC_0457,ACC_0138,668.91,2026-01-21 04:20:14.054374
TXN_009870,ACC_0032,ACC_0285,502.49,2026-01-21 04:20:54.415361
TXN_001768,ACC_0093,ACC_0216,340.69,2026-01-21 04:21:28.750940
TXN_009778,ACC_0091,ACC_0154,1652.67,2026-01-21 04:25:29.876633
TXN_009281,ACC_0214,ACC_0040,3560.18,2026-01-21 04:43:48.109066
TXN_005606,ACC_0061,ACC_0296,944.6,2026-01-21 04:50:43.443224
TXN_009449,ACC_0268,ACC_0056,4210.99,2026-01-21 04:58:29.338179
TXN_007805,ACC_0117,ACC_0361,3938.73,2026-01-21 05:03:54.014434
TXN_002826,ACC_0075,ACC_0067,1037.68,2026-01-21 05:05:15.566057
TXN_009175,ACC_0161,ACC_0207,3734.35,2026-01-21 05:08:03.175697
TXN_008847,ACC_0169,ACC_0305,4247.25,2026-01-21 05:11:06.559114
TXN_009898,ACC_0190,ACC_0412,3107.53,2026-01-21 05:16:42.106810
TXN_001699,ACC_0424,ACC_0330,3991.85,2026-01-21 05:23:06.662938
TXN_002445,ACC_0176,ACC_0182,3203.88,2026-01-21 05:27:30.514346
TXN_006762,ACC_0246,ACC_0008,1918.51,2026-01-21 05:28:59.862087
TXN_006227,ACC_0279,ACC_0068,2081.45,2026-01-21 05:31:03.100298
TXN_008716,ACC_0362,ACC_0418,1833.83,2026-01-21 05:35:16.835184
TXN_008005,ACC_0193,ACC_0340,3195.29,2026-01-21 05:38:36.114255
TXN_007413,ACC_0253,ACC_0084,3915.07,2026-01-21 05:53:06.404245
TXN_001641,ACC_0265,ACC_0437,3867.22,2026-01-21 06:13:13.999614
TXN_000990,ACC_0379,ACC_0375,3149.12,2026-01-21 06:13:58.808783
TXN_006963,ACC_0442,ACC_0142,560.76,2026-01-21 06:19:37.101076
TXN_009766,ACC_0011,ACC_0128,505.5,2026-01-21 06:22:59.283887
TXN_005630,ACC_0046,ACC_0264,274.0,2026-01-21 06:23:58.182155
TXN_006291,ACC_0394,ACC_0058,2575.78,2026-01-21 06:25:32.205074
TXN_004296,ACC_0160,ACC_0198,4486.6,2026-01-21 06:27:06.370424
TXN_007543,ACC_0284,ACC_0110,3026.64,2026-01-21 06:29:37.427334
TXN_009388,ACC_0400,ACC_0085,4659.99,2026-01-21 06:42:03.882438
TXN_006775,ACC_0191,ACC_0368,3247.8,2026-01-21 06:43:37.872863
TXN_002395,ACC_0001,ACC_0287,3991.35,2026-01-21 06:45:51.617568
TXN_001729,ACC_0231,ACC_0176,717.67,2026-01-21 06:47:30.008002
TXN_008970,ACC_0453,ACC_0105,2966.61,2026-01-21 06:51:34.778035
TXN_006670,ACC_0333,ACC_0186,3417.59,2026-01-21 06:52:57.222315
TXN_006829,ACC_0248,ACC_0276,2495.07,2026-01-21 06:55:45.987819
TXN_009278,ACC_0124,ACC_0188,4889.44,2026-01-21 06:56:12.918562
TXN_005319,ACC_0249,ACC_0332,3047.69,2026-01-21 06:57:59.595437
TXN_007534,ACC_0185,ACC_0116,3172.64,2026-01-21 06:59:47.499688
TXN_002680,ACC_0393,ACC_0011,1878.86,2026-01-21 07:01:46.019144
TXN_001962,ACC_0143,ACC_0218,2511.55,2026-01-21 07:05:47.672183
TXN_004340,ACC_0092,ACC_0302,3575.83,2026-01-21 07:09:03.558043
TXN_000997,ACC_0338,ACC_0252,3338.54,2026-01-21 07:14:53.179198
TXN_000544,ACC_0232,ACC_0324,608.88,2026-01-21 07:18:47.044778
TXN_005707,ACC_0302,ACC_0021,4775.35,2026-01-21 07:22:36.778354
TXN_006971,ACC_0260,ACC_0440,993.04,2026-01-21 07:36:31.078932
TXN_006817,ACC_0287,ACC_0184,433.06,2026-01-21 07:42:01.229535
TXN_005980,ACC_0407,ACC_0183,4976.29,2026-01-21 07:44:31.425296
TXN_002448,ACC_0136,ACC_0241,984.12,2026-01-21 07:47:59.619118
TXN_003648,ACC_0342,ACC_0115,4165.41,2026-01-21 07:58:08.460035
TXN_004613,ACC_0012,ACC_0369,1801.95,2026-01-21 07:58:17.591729
TXN_003269,ACC_0335,ACC_0301,4124.67,2026-01-21 08:09:02.903582
TXN_004260,ACC_0343,ACC_0142,4808.68,2026-01-21 08:14:47.482847
TXN_002590,ACC_0364,ACC_0277,1254.6,2026-01-21 08:14:55.191604
TXN_002566,ACC_0131,ACC_0208,2541.48,2026-01-21 08:15:05.784137
TXN_009611,ACC_0077,ACC_0184,478.87,2026-01-21 08:19:08.850753
TXN_000906,ACC_0250,ACC_0264,2042.85,2026-01-21 08:23:24.969790
TXN_007188,ACC_0123,ACC_0440,1196.81,2026-01-21 08:27:51.601299
TXN_000905,ACC_0457,ACC_0469,361.67,2026-01-21 08:36:16.982176
TXN_004827,ACC_0193,ACC_0435,3761.49,2026-01-21 08:40:49.985024
TXN_004415,ACC_0035,ACC_0434,4491.62,2026-01-21 08:43:40.271980
TXN_001680,ACC_0231,ACC_0166,2199.98,2026-01-21 08:45:17.313375
TXN_007002,ACC_0198,ACC_0041,1401.16,2026-01-21 08:53:31.257865
TXN_000637,ACC_0309,ACC_0430,4593.07,2026-01-21 08:58:30.587013
TXN_006725,ACC_0294,ACC_0304,1231.09,2026-01-21 08:59:20.325441
TXN_002689,ACC_0415,ACC_0381,4678.24,2026-01-21 09:01:40.972448
TXN_005719,ACC_0394,ACC_0102,574.18,2026-01-21 09:03:18.482039
TXN_005687,ACC_0049,ACC_0424,286.23,2026-01-21 09:29:08.637929
TXN_001067,ACC_0457,ACC_0449,3629.77,2026-01-21 09:31:40.012039
TXN_009763,ACC_0132,ACC_0145,2415.58,2026-01-21 09:31:42.398238
TXN_007223,ACC_0136,ACC_0243,3735.58,2026-01-21 09:31:58.866059
TXN_008490,ACC_0155,ACC_0462,307.62,2026-01-21 09:33:40.097335
TXN_004800,ACC_0466,ACC_0014,2981.25,2026-01-21 09:34:52.637941
TXN_003353,ACC_0382,ACC_0017,4931.14,2026-01-21 09:42:42.116828
TXN_002149,ACC_0400,ACC_0322,793.56,2026-01-21 09:51:46.653179
TXN_006615,ACC_0122,ACC_0210,1341.8,2026-01-21 10:01:45.930782
TXN_007480,ACC_0044,ACC_0281,1934.43,2026-01-21 10:02:00.331692
TXN_004291,ACC_0293,ACC_0206,4862.1,2026-01-21 10:18:17.751096
TXN_006579,ACC_0042,ACC_0287,4672.79,2026-01-21 10:21:23.802966
TXN_001830,ACC_0338,ACC_0420,3551.67,2026-01-21 10:43:04.552632
TXN_001189,ACC_0142,ACC_0333,4345.75,2026-01-21 10:45:28.749724
TXN_002917,ACC_0226,ACC_0318,1162.94,2026-01-21 10:46:01.687707
TXN_007741,ACC_0150,ACC_0062,1312.65,2026-01-21 10:53:46.729385
TXN_000847,ACC_0164,ACC_0437,2610.41,2026-01-21 10:55:45.904737
TXN_009466,ACC_0029,ACC_0303,4300.65,2026-01-21 10:55:59.120876
TXN_001409,ACC_0389,ACC_0077,3428.47,2026-01-21 11:04:24.789779
TXN_007901,ACC_0176,ACC_0052,1432.22,2026-01-21 11:04:45.741376
TXN_005327,ACC_0127,ACC_0306,2076.86,2026-01-21 11:06:45.628556
TXN_000496,ACC_0460,ACC_0167,4502.26,2026-01-21 11:13:02.115255
TXN_009102,ACC_0439,ACC_0060,1305.38,2026-01-21 11:15:32.727115
TXN_008350,ACC_0379,ACC_0071,4803.94,2026-01-21 11:18:11.792188
TXN_006705,ACC_0447,ACC_0162,3992.45,2026-01-21 11:26:54.750934
TXN_002151,ACC_0137,ACC_0250,1532.94,2026-01-21 11:29:04.373472
TXN_008365,ACC_0189,ACC_0364,4157.35,2026-01-21 11:30:07.232061
TXN_007408,ACC_0365,ACC_0408,680.72,2026-01-21 11:40:33.356184
TXN_007484,ACC_0160,ACC_0443,3690.44,2026-01-21 11:44:13.510081
TXN_007102,ACC_0348,ACC_0157,121.23,2026-01-21 11:46:51.367651
TXN_007564,ACC_0145,ACC_0334,1574.79,2026-01-21 11:47:46.230195
TXN_004210,ACC_0079,ACC_0248,4151.71,2026-01-21 11:53:00.466325
TXN_005678,ACC_0282,ACC_0113,2189.77,2026-01-21 12:00:59.097776
TXN_008908,ACC_0272,ACC_0244,1987.83,2026-01-21 12:04:20.943886
TXN_004458,ACC_0455,ACC_0245,3710.23,2026-01-21 12:06:41.413665
TXN_004091,ACC_0055,ACC_0058,3245.57,2026-01-21 12:06:43.592541
TXN_008925,ACC_0174,ACC_0007,2361.6,2026-01-21 12:10:47.868810
TXN_005921,ACC_0099,ACC_0393,2750.86,2026-01-21 12:18:20.667345
TXN_008312,ACC_0100,ACC_0279,737.4,2026-01-21 12:20:18.090283
TXN_007548,ACC_0203,ACC_0166,3210.02,2026-01-21 12:20:27.549459
TXN_004164,ACC_0161,ACC_0040,3944.06,2026-01-21 12:20:59.675077
TXN_009404,ACC_0214,ACC_0463,1379.98,2026-01-21 12:21:57.321125
TXN_008520,ACC_0220,ACC_0233,4938.87,2026-01-21 12:25:33.722634
TXN_007174,ACC_0233,ACC_0391,4866.62,2026-01-21 12:25:37.455034
TXN_006379,ACC_0159,ACC_0362,4381.94,2026-01-21 12:31:07.284807
TXN_006909,ACC_0441,ACC_0338,2985.97,2026-01-21 12:37:15.484490
TXN_003203,ACC_0293,ACC_0283,4011.99,2026-01-21 12:47:36.853573
TXN_001892,ACC_0106,ACC_0357,3608.69,2026-01-21 12:48:22.955268
TXN_005024,ACC_0118,ACC_0202,424.11,2026-01-21 12:50:44.852412
TXN_007491,ACC_0420,ACC_0172,2603.79,2026-01-21 13:02:56.621401
TXN_004157,ACC_0042,ACC_0458,3852.72,2026-01-21 13:12:15.670208
TXN_003159,ACC_0097,ACC_0468,3762.12,2026-01-21 13:28:34.032607
TXN_003352,ACC_0093,ACC_0199,4983.78,2026-01-21 13:30:37.021420
TXN_007706,ACC_0045,ACC_0435,329.55,2026-01-21 13:30:56.743623
TXN_008071,ACC_0227,ACC_0436,3127.41,2026-01-21 13:33:50.835585
TXN_009021,ACC_0071,ACC_0392,2850.77,2026-01-21 13:39:51.935048
TXN_009819,ACC_0045,ACC_0400,2500.8,2026-01-21 13:42:49.695465
TXN_006761,ACC_0387,ACC_0042,774.68,2026-01-21 13:51:57.544009
TXN_002699,ACC_0246,ACC_0312,3621.5,2026-01-21 13:54:59.039824
TXN_002269,ACC_0365,ACC_0345,3465.77,2026-01-21 14:04:13.945328
TXN_002016,ACC_0201,ACC_0247,3884.71,2026-01-21 14:05:58.762995
TXN_004215,ACC_0451,ACC_0348,3084.01,2026-01-21 14:15:23.436918
TXN_007114,ACC_0453,ACC_0319,1631.5,2026-01-21 14:16:11.345460
TXN_001956,ACC_0175,ACC_0376,2928.48,2026-01-21 14:17:05.028710
TXN_008120,ACC_0426,ACC_0056,2626.88,2026-01-21 14:17:41.795958
TXN_001698,ACC_0110,ACC_0027,2298.85,2026-01-21 14:25:20.727946
TXN_004372,ACC_0161,ACC_0362,4353.41,2026-01-21 14:27:27.698375
TXN_005636,ACC_0196,ACC_0186,4209.61,2026-01-21 14:29:56.255098
TXN_009166,ACC_0175,ACC_0132,4142.33,2026-01-21 14:30:05.302732
TXN_000736,ACC_0350,ACC_0280,1335.7,2026-01-21 14:36:12.319614
TXN_002152,ACC_0376,ACC_0416,2386.42,2026-01-21 14:36:35.659252
TXN_000606,ACC_0091,ACC_0427,4371.77,2026-01-21 14:40:10.545238
TXN_004254,ACC_0234,ACC_0087,1674.54,2026-01-21 14:44:33.298023
TXN_005296,ACC_0374,ACC_0033,4559.34,2026-01-21 14:51:49.391620
TXN_003487,ACC_0059,ACC_0033,3496.05,2026-01-21 14:52:06.573270
TXN_007692,ACC_0034,ACC_0242,1157.62,2026-01-21 14:54:41.226819
TXN_005337,ACC_0305,ACC_0320,2759.49,2026-01-21 14:56:20.573170
TXN_008509,ACC_0048,ACC_0432,1050.2,2026-01-21 14:57:39.467339
TXN_008375,ACC_0019,ACC_0114,2647.39,2026-01-21 14:58:03.073524
TXN_007827,ACC_0401,ACC_0073,2916.81,2026-01-21 15:00:17.194513
TXN_009482,ACC_0157,ACC_0425,2329.11,2026-01-21 15:06:47.776044
TXN_008475,ACC_0390,ACC_0017,2961.05,2026-01-21 15:15:26.195103
TXN_008372,ACC_0030,ACC_0252,4892.31,2026-01-21 15:19:26.589926
TXN_001514,ACC_0411,ACC_0223,3086.36,2026-01-21 15:21:36.489532
TXN_005843,ACC_0062,ACC_0001,1351.31,2026-01-21 15:26:38.826498
TXN_008373,ACC_0066,ACC_0248,3243.94,2026-01-21 15:39:30.895388
TXN_008690,ACC_0092,ACC_0025,1654.14,2026-01-21 15:41:23.699700
TXN_003325,ACC_0225,ACC_0376,1491.9,2026-01-21 15:42:21.291941
TXN_004258,ACC_0203,ACC_0296,4196.47,2026-01-21 15:50:06.341079
TXN_006616,ACC_0078,ACC_0045,4612.99,2026-01-21 15:53:08.002685
TXN_008594,ACC_0205,ACC_0039,2085.86,2026-01-21 15:53:19.477047
TXN_004280,ACC_0346,ACC_0158,207.27,2026-01-21 15:57:45.673675
TXN_009168,ACC_0456,ACC_0313,4442.64,2026-01-21 15:59:38.250380
TXN_004375,ACC_0302,ACC_0139,1343.3,2026-01-21 16:01:32.023254
TXN_000680,ACC_0270,ACC_0288,2377.2,2026-01-21 16:04:37.457915
TXN_009276,ACC_0122,ACC_0196,1127.46,2026-01-21 16:04:51.500432
TXN_008021,ACC_0350,ACC_0164,2823.04,2026-01-21 16:12:44.556995
TXN_006360,ACC_0343,ACC_0097,3796.84,2026-01-21 16:14:56.130963
TXN_003958,ACC_0068,ACC_0355,1966.38,2026-01-21 16:16:56.599686
TXN_000981,ACC_0216,ACC_0259,1353.75,2026-01-21 16:19:08.967125
TXN_004028,ACC_0053,ACC_0373,1417.27,2026-01-21 16:24:43.260561
TXN_008125,ACC_0307,ACC_0068,1487.93,2026-01-21 16:25:33.553947
TXN_004511,ACC_0129,ACC_0178,2419.9,2026-01-21 16:28:15.467045
TXN_000902,ACC_0007,ACC_0227,4304.48,2026-01-21 16:31:37.228629
TXN_008967,ACC_0054,ACC_0012,1718.57,2026-01-21 16:41:25.232916
TXN_000163,ACC_0200,ACC_0489,5249.67,2026-01-21 16:45:39.561723
TXN_004701,ACC_0115,ACC_0140,4429.33,2026-01-21 16:47:22.037406
TXN_000448,ACC_0312,ACC_0443,3746.88,2026-01-21 17:05:54.565660
TXN_005173,ACC_0245,ACC_0109,1363.51,2026-01-21 17:13:59.014114
TXN_006530,ACC_0159,ACC_0120,1174.91,2026-01-21 17:17:09.891413
TXN_007995,ACC_0274,ACC_0051,1293.0,2026-01-21 17:27:52.435028
TXN_007249,ACC_0300,ACC_0374,2430.67,2026-01-21 17:32:39.221329
TXN_001948,ACC_0106,ACC_0037,2621.01,2026-01-21 17:33:45.313126
TXN_009542,ACC_0060,ACC_0358,1062.09,2026-01-21 17:41:17.992431
TXN_006018,ACC_0152,ACC_0325,3387.53,2026-01-21 17:41:46.364132
TXN_003651,ACC_0037,ACC_0082,4303.91,2026-01-21 17:42:57.815682
TXN_000519,ACC_0189,ACC_0334,3826.99,2026-01-21 17:42:59.893619
TXN_000164,ACC_0489,ACC_0088,4987.18,2026-01-21 17:43:20.581473
TXN_002986,ACC_0046,ACC_0255,2135.22,2026-01-21 17:44:53.967941
TXN_004644,ACC_0304,ACC_0358,4111.25,2026-01-21 17:50:23.691546
TXN_003178,ACC_0052,ACC_0186,1464.1,2026-01-21 17:51:07.236485
TXN_007159,ACC_0034,ACC_0209,855.55,2026-01-21 17:51:54.343663
TXN_001433,ACC_0377,ACC_0357,1163.39,2026-01-21 18:02:57.627861
TXN_004108,ACC_0254,ACC_0428,2734.95,2026-01-21 18:03:14.430164
TXN_005395,ACC_0232,ACC_0109,1418.71,2026-01-21 18:06:37.302186
TXN_006184,ACC_0229,ACC_0427,807.14,2026-01-21 18:06:57.424719
TXN_006410,ACC_0024,ACC_0272,3217.78,2026-01-21 18:07:13.824871
TXN_005006,ACC_0175,ACC_0148,4278.49,2026-01-21 18:10:31.526028
TXN_002527,ACC_0060,ACC_0353,198.69,2026-01-21 18:10:47.788535
TXN_007049,ACC_0021,ACC_0205,4038.68,2026-01-21 18:12:24.918402
TXN_007010,ACC_0049,ACC_0065,3667.6,2026-01-21 18:18:55.530781
TXN_002002,ACC_0343,ACC_0149,3762.78,2026-01-21 18:20:44.453202
TXN_006966,ACC_0393,ACC_0379,4765.36,2026-01-21 18:24:26.507801
TXN_008772,ACC_0296,ACC_0064,4860.47,2026-01-21 18:25:32.129311
TXN_000634,ACC_0363,ACC_0449,4447.62,2026-01-21 18:30:54.438041
TXN_002847,ACC_0400,ACC_0372,4386.66,2026-01-21 18:39:58.771744
TXN_003915,ACC_0102,ACC_0222,997.33,2026-01-21 18:47:42.748768
TXN_001821,ACC_0038,ACC_0388,4429.62,2026-01-21 18:55:42.091887
TXN_004231,ACC_0282,ACC_0289,2146.14,2026-01-21 19:01:53.998593
TXN_008574,ACC_0204,ACC_0150,4358.32,2026-01-21 19:12:48.175901
TXN_008381,ACC_0167,ACC_0180,2302.15,2026-01-21 19:20:46.953289
TXN_002089,ACC_0061,ACC_0402,4265.67,2026-01-21 19:21:00.139571
TXN_000587,ACC_0305,ACC_0013,3282.66,2026-01-21 19:27:18.077020
TXN_008412,ACC_0292,ACC_0409,952.36,2026-01-21 19:33:15.131342
TXN_009912,ACC_0433,ACC_0380,4592.34,2026-01-21 19:34:26.981175
TXN_001221,ACC_0069,ACC_0286,2255.52,2026-01-21 19:38:41.746802
TXN_002150,ACC_0292,ACC_0155,1938.72,2026-01-21 19:40:03.624878
TXN_003354,ACC_0321,ACC_0122,3292.32,2026-01-21 19:43:53.001865
TXN_005913,ACC_0272,ACC_0363,4007.55,2026-01-21 19:47:08.588198
TXN_009883,ACC_0284,ACC_0451,1359.43,2026-01-21 19:53:41.326812
TXN_000295,ACC_0209,ACC_0495,4298.15,2026-01-21 19:55:51.715152
TXN_001972,ACC_0070,ACC_0190,541.6,2026-01-21 19:56:00.545198
TXN_003798,ACC_0014,ACC_0252,4846.89,2026-01-21 20:08:27.859967
TXN_004019,ACC_0339,ACC_0250,4234.66,2026-01-21 20:12:05.535565
TXN_007052,ACC_0458,ACC_0238,1933.64,2026-01-21 20:14:18.852814
TXN_003278,ACC_0442,ACC_0300,493.46,2026-01-21 20:21:27.488255
TXN_004069,ACC_0242,ACC_0451,3557.22,2026-01-21 20:26:28.708379
TXN_006723,ACC_0210,ACC_0002,1757.61,2026-01-21 20:31:09.208344
TXN_001822,ACC_0374,ACC_0418,4501.79,2026-01-21 20:32:12.784478
TXN_001890,ACC_0056,ACC_0344,3323.08,2026-01-21 20:32:16.967828
TXN_007831,ACC_0329,ACC_0349,1582.58,2026-01-21 20:35:20.105100
TXN_009755,ACC_0285,ACC_0310,430.29,2026-01-21 20:36:17.663392
TXN_009452,ACC_0378,ACC_0029,2641.59,2026-01-21 20:49:50.531637
TXN_004955,ACC_0032,ACC_0262,4195.03,2026-01-21 20:51:13.762247
TXN_008473,ACC_0093,ACC_0008,3143.45,2026-01-21 20:51:53.072477
TXN_006168,ACC_0251,ACC_0070,862.42,2026-01-21 20:55:21.489963
TXN_009292,ACC_0159,ACC_0369,378.52,2026-01-21 20:56:31.492210
TXN_004390,ACC_0455,ACC_0042,583.43,2026-01-21 20:58:36.812908
TXN_004745,ACC_0410,ACC_0324,451.02,2026-01-21 21:01:50.817000
TXN_007753,ACC_0321,ACC_0182,1879.36,2026-01-21 21:01:55.717363
TXN_002525,ACC_0332,ACC_0444,505.2,2026-01-21 21:02:46.278999
TXN_008615,ACC_0461,ACC_0007,2800.99,2026-01-21 21:05:07.315731
TXN_008380,ACC_0239,ACC_0400,2820.41,2026-01-21 21:08:39.073484
TXN_005068,ACC_0298,ACC_0160,4804.01,2026-01-21 21:09:24.484299
TXN_009637,ACC_0207,ACC_0347,1421.92,2026-01-21 21:13:05.219360
TXN_006304,ACC_0287,ACC_0050,1805.04,2026-01-21 21:23:19.852278
TXN_005345,ACC_0392,ACC_0099,4957.01,2026-01-21 21:28:17.827941
TXN_001759,ACC_0119,ACC_0168,1746.83,2026-01-21 21:28:21.857727
TXN_000296,ACC_0495,ACC_0426,4083.25,2026-01-21 21:33:14.749536
TXN_005924,ACC_0316,ACC_0395,4232.69,2026-01-21 21:47:00.001349
TXN_006551,ACC_0438,ACC_0153,189.2,2026-01-21 21:48:13.640718
TXN_003075,ACC_0246,ACC_0065,4595.57,2026-01-21 21:51:17.562678
TXN_009654,ACC_0059,ACC_0126,1674.68,2026-01-21 21:52:11.941906
TXN_008431,ACC_0108,ACC_0160,2716.07,2026-01-21 21:55:46.493461
TXN_005048,ACC_0217,ACC_0348,2817.08,2026-01-21 22:05:13.090744
TXN_001415,ACC_0368,ACC_0218,1210.63,2026-01-21 22:06:40.406470
TXN_009103,ACC_0205,ACC_0426,4571.45,2026-01-21 22:08:29.469721
TXN_001392,ACC_0372,ACC_0030,1701.13,2026-01-21 22:16:41.479586
TXN_007628,ACC_0314,ACC_0359,4530.7,2026-01-21 22:18:39.262553
TXN_005126,ACC_0145,ACC_0470,4496.32,2026-01-21 22:18:51.433575
TXN_002775,ACC_0209,ACC_0024,3449.33,2026-01-21 22:25:28.359617
TXN_006375,ACC_0311,ACC_0402,1368.23,2026-01-21 22:27:31.813402
TXN_001626,ACC_0025,ACC_0103,753.0,2026-01-21 22:28:34.012188
TXN_009503,ACC_0254,ACC_0266,3999.78,2026-01-21 22:29:45.049666
TXN_004696,ACC_0201,ACC_0221,2177.22,2026-01-21 22:31:03.370837
TXN_000363,ACC_0415,ACC_0499,8211.83,2026-01-21 22:35:05.841228
TXN_004617,ACC_0077,ACC_0278,4605.7,2026-01-21 22:37:15.364054
TXN_004906,ACC_0189,ACC_0329,1347.88,2026-01-21 22:39:40.416630
TXN_005098,ACC_0345,ACC_0284,188.18,2026-01-21 22:42:36.126142
TXN_007786,ACC_0204,ACC_0419,2549.37,2026-01-21 22:44:51.255619
TXN_004495,ACC_0178,ACC_0153,1490.46,2026-01-21 22:46:00.305503
TXN_000527,ACC_0180,ACC_0147,3706.05,2026-01-21 22:53:36.278083
TXN_004159,ACC_0461,ACC_0334,1153.86,2026-01-21 22:54:44.766868
TXN_008587,ACC_0358,ACC_0354,731.56,2026-01-21 23:05:38.709078
TXN_002758,ACC_0092,ACC_0407,701.09,2026-01-21 23:05:49.044017
TXN_005799,ACC_0301,ACC_0042,4523.47,2026-01-21 23:06:39.230644
TXN_001351,ACC_0192,ACC_0470,3313.59,2026-01-21 23:08:41.860559
TXN_006170,ACC_0012,ACC_0336,4061.27,2026-01-21 23:09:03.443238
TXN_004155,ACC_0329,ACC_0130,1350.63,2026-01-21 23:17:05.758220
TXN_007385,ACC_0127,ACC_0302,4861.64,2026-01-21 23:18:30.077438
TXN_008192,ACC_0455,ACC_0149,3975.26,2026-01-21 23:18:33.784623
TXN_001646,ACC_0006,ACC_0126,3724.63,2026-01-21 23:36:06.648165
TXN_002820,ACC_0279,ACC_0419,3274.8,2026-01-21 23:38:24.033527
TXN_004988,ACC_0347,ACC_0021,1214.21,2026-01-21 23:46:11.243824
TXN_004043,ACC_0121,ACC_0102,2912.32,2026-01-21 23:51:51.291758
TXN_006702,ACC_0218,ACC_0150,3665.75,2026-01-21 23:55:28.834447
TXN_001534,ACC_0229,ACC_0138,776.23,2026-01-21 23:59:28.307300
TXN_008912,ACC_0438,ACC_0458,774.85,2026-01-22 00:00:15.089115
TXN_000364,ACC_0499,ACC_0168,7801.24,2026-01-22 00:02:52.545163
TXN_005976,ACC_0418,ACC_0169,1452.22,2026-01-22 00:07:35.139011
TXN_008669,ACC_0444,ACC_0288,4640.97,2026-01-22 00:09:03.093329
TXN_005328,ACC_0074,ACC_0470,4588.05,2026-01-22 00:12:51.181281
TXN_002853,ACC_0439,ACC_0356,4820.08,2026-01-22 00:14:26.146110
TXN_005413,ACC_0177,ACC_0234,3093.42,2026-01-22 00:19:00.350257
TXN_006992,ACC_0227,ACC_0058,2969.61,2026-01-22 00:19:20.635762
TXN_006141,ACC_0226,ACC_0355,3323.58,2026-01-22 00:24:47.759204
TXN_002024,ACC_0134,ACC_0171,1128.25,2026-01-22 00:36:18.895674
TXN_009741,ACC_0322,ACC_0164,4727.19,2026-01-22 00:48:59.518519
TXN_006070,ACC_0368,ACC_0007,2669.75,2026-01-22 00:51:00.054236
TXN_005732,ACC_0418,ACC_0006,1369.17,2026-01-22 00:59:18.112445
TXN_002716,ACC_0124,ACC_0405,310.85,2026-01-22 01:06:01.110201
TXN_007904,ACC_0020,ACC_0439,3737.96,2026-01-22 01:07:18.260902
TXN_004961,ACC_0366,ACC_0258,3900.49,2026-01-22 01:09:53.521763
TXN_006888,ACC_0416,ACC_0298,3522.46,2026-01-22 01:10:17.936482
TXN_004197,ACC_0048,ACC_0098,253.99,2026-01-22 01:10:42.229091
TXN_001159,ACC_0090,ACC_0314,4102.52,2026-01-22 01:15:04.195562
TXN_008031,ACC_0455,ACC_0462,4110.13,2026-01-22 01:20:37.241882
TXN_001675,ACC_0119,ACC_0271,2530.36,2026-01-22 01:28:35.389572
TXN_008236,ACC_0279,ACC_0041,549.69,2026-01-22 01:31:23.227711
TXN_000017,ACC_0485,ACC_0481,23963.26,2026-01-22 01:38:21.445274
TXN_003692,ACC_0268,ACC_0039,2394.05,2026-01-22 01:47:25.722507
TXN_005847,ACC_0354,ACC_0447,1439.77,2026-01-22 01:56:21.035349
TXN_000825,ACC_0431,ACC_0279,3143.67,2026-01-22 01:59:48.946210
TXN_009731,ACC_0027,ACC_0215,2688.71,2026-01-22 02:00:58.644677
TXN_002481,ACC_0410,ACC_0223,2139.87,2026-01-22 02:02:43.697259
TXN_005079,ACC_0055,ACC_0070,4402.56,2026-01-22 02:02:57.336093
TXN_009352,ACC_0319,ACC_0033,988.35,2026-01-22 02:08:12.042901
TXN_003559,ACC_0288,ACC_0157,4074.09,2026-01-22 02:11:41.112311
TXN_007125,ACC_0100,ACC_0191,4040.08,2026-01-22 02:13:50.573963
TXN_007183,ACC_0210,ACC_0368,1529.72,2026-01-22 02:17:27.682950
TXN_004557,ACC_0394,ACC_0407,859.68,2026-01-22 02:21:58.682786
TXN_001005,ACC_0322,ACC_0132,4638.39,2026-01-22 02:23:00.964766
TXN_002147,ACC_0074,ACC_0317,4063.21,2026-01-22 02:27:10.749031
TXN_007297,ACC_0142,ACC_0459,3393.22,2026-01-22 02:32:07.380424
TXN_004850,ACC_0144,ACC_0343,4939.79,2026-01-22 02:40:23.823164
TXN_008417,ACC_0261,ACC_0432,4144.55,2026-01-22 02:42:27.044408
TXN_006241,ACC_0190,ACC_0302,2573.21,2026-01-22 02:42:52.602096
TXN_002021,ACC_0079,ACC_0211,1690.66,2026-01-22 02:44:24.392062
TXN_007053,ACC_0458,ACC_0158,2234.0,2026-01-22 02:47:50.444410
TXN_008733,ACC_0343,ACC_0428,463.52,2026-01-22 02:55:48.548689
TXN_001529,ACC_0205,ACC_0330,326.55,2026-01-22 02:59:52.214183
TXN_006612,ACC_0164,ACC_0410,1040.34,2026-01-22 02:59:56.091996
TXN_008009,ACC_0209,ACC_0282,2083.84,2026-01-22 03:02:50.538862
TXN_000446,ACC_0153,ACC_0449,849.97,2026-01-22 03:09:15.859601
TXN_006212,ACC_0396,ACC_0368,356.23,2026-01-22 03:09:20.041119
TXN_006597,ACC_0196,ACC_0461,1188.5,2026-01-22 03:09:41.725227
TXN_005951,ACC_0197,ACC_0384,4957.38,2026-01-22 03:17:41.078771
TXN_005451,ACC_0115,ACC_0190,480.43,2026-01-22 03:22:22.951061
TXN_001998,ACC_0095,ACC_0133,1896.29,2026-01-22 03:29:57.486305
TXN_009025,ACC_0043,ACC_0072,327.45,2026-01-22 03:40:12.094955
TXN_004869,ACC_0316,ACC_0275,3110.52,2026-01-22 03:46:30.416297
TXN_004276,ACC_0059,ACC_0174,473.11,2026-01-22 03:52:03.734953
TXN_003283,ACC_0393,ACC_0238,1737.37,2026-01-22 03:53:43.293690
TXN_000083,ACC_0475,ACC_0471,23395.57,2026-01-22 03:59:06.643968
TXN_001193,ACC_0322,ACC_0127,4349.97,2026-01-22 03:59:51.873906
TXN_007658,ACC_0039,ACC_0241,1869.88,2026-01-22 04:02:48.540698
TXN_004160,ACC_0266,ACC_0233,390.1,2026-01-22 04:22:09.399282
TXN_004692,ACC_0369,ACC_0233,3662.14,2026-01-22 04:23:11.334369
TXN_001108,ACC_0192,ACC_0415,978.95,2026-01-22 04:26:20.708385
TXN_009430,ACC_0101,ACC_0247,3652.38,2026-01-22 04:33:52.827011
TXN_002974,ACC_0346,ACC_0194,544.41,2026-01-22 04:49:04.891641
TXN_001831,ACC_0305,ACC_0153,4731.86,2026-01-22 04:50:01.428886
TXN_005907,ACC_0425,ACC_0370,4443.4,2026-01-22 04:51:08.560670
TXN_001629,ACC_0273,ACC_0403,1616.86,2026-01-22 04:52:24.716053
TXN_004308,ACC_0120,ACC_0064,4318.21,2026-01-22 04:55:32.232621
TXN_002117,ACC_0040,ACC_0288,1517.48,2026-01-22 04:57:14.641464
TXN_008026,ACC_0352,ACC_0361,2174.71,2026-01-22 04:58:59.024337
TXN_007031,ACC_0321,ACC_0002,272.44,2026-01-22 05:01:50.761475
TXN_002635,ACC_0162,ACC_0263,880.19,2026-01-22 05:04:15.846752
TXN_006277,ACC_0063,ACC_0151,4912.87,2026-01-22 05:05:36.652546
TXN_000486,ACC_0262,ACC_0212,2748.75,2026-01-22 05:23:58.500436
TXN_005666,ACC_0007,ACC_0205,4017.6,2026-01-22 05:30:16.577008
TXN_001115,ACC_0335,ACC_0359,4607.76,2026-01-22 05:36:34.125335
TXN_006500,ACC_0247,ACC_0189,3436.24,2026-01-22 06:02:26.107094
TXN_009131,ACC_0265,ACC_0080,3629.84,2026-01-22 06:06:42.458206
TXN_007742,ACC_0347,ACC_0195,480.04,2026-01-22 06:10:02.179242
TXN_005396,ACC_0160,ACC_0177,4607.72,2026-01-22 06:17:16.529200
TXN_006537,ACC_0229,ACC_0300,3709.49,2026-01-22 06:23:49.358711
TXN_006111,ACC_0132,ACC_0345,1412.48,2026-01-22 06:32:10.235967
TXN_002180,ACC_0238,ACC_0193,3113.92,2026-01-22 06:36:40.472504
TXN_005906,ACC_0376,ACC_0313,3096.84,2026-01-22 06:36:57.193668
TXN_005489,ACC_0237,ACC_0284,421.84,2026-01-22 06:38:44.897489
TXN_009822,ACC_0330,ACC_0305,602.38,2026-01-22 06:40:17.890846
TXN_001803,ACC_0011,ACC_0118,2796.48,2026-01-22 06:42:51.323414
TXN_006193,ACC_0179,ACC_0463,2847.7,2026-01-22 06:45:20.309975
TXN_009291,ACC_0335,ACC_0458,3643.95,2026-01-22 06:49:08.046564
TXN_002684,ACC_0302,ACC_0440,1387.11,2026-01-22 06:49:13.090106
TXN_007715,ACC_0233,ACC_0012,1425.4,2026-01-22 06:53:26.376952
TXN_004148,ACC_0316,ACC_0091,104.97,2026-01-22 06:59:04.652316
TXN_005383,ACC_0252,ACC_0016,297.85,2026-01-22 06:59:09.138633
TXN_006995,ACC_0381,ACC_0252,627.06,2026-01-22 07:00:30.931407
TXN_007395,ACC_0308,ACC_0004,2144.03,2026-01-22 07:02:57.529295
TXN_009632,ACC_0271,ACC_0188,4187.34,2026-01-22 07:08:20.802223
TXN_008336,ACC_0085,ACC_0067,1472.31,2026-01-22 07:14:24.715401
TXN_009971,ACC_0371,ACC_0295,3883.87,2026-01-22 07:16:54.634663
TXN_008653,ACC_0422,ACC_0246,2620.15,2026-01-22 07:19:59.190803
TXN_006324,ACC_0006,ACC_0016,4226.46,2026-01-22 07:24:30.503884
TXN_005369,ACC_0058,ACC_0148,2515.26,2026-01-22 07:26:35.849928
TXN_008737,ACC_0062,ACC_0368,1099.75,2026-01-22 07:31:46.618385
TXN_001365,ACC_0457,ACC_0190,1889.61,2026-01-22 07:31:57.070073
TXN_002060,ACC_0325,ACC_0241,446.06,2026-01-22 07:35:44.269568
TXN_004218,ACC_0272,ACC_0282,629.27,2026-01-22 07:38:02.139734
TXN_006633,ACC_0233,ACC_0218,415.61,2026-01-22 07:41:16.110504
TXN_002235,ACC_0026,ACC_0180,1435.73,2026-01-22 07:42:01.311666
TXN_003544,ACC_0253,ACC_0193,3462.47,2026-01-22 07:46:33.405559
TXN_006142,ACC_0448,ACC_0027,1225.22,2026-01-22 07:46:37.563076
TXN_001130,ACC_0073,ACC_0324,1999.67,2026-01-22 07:50:53.220378
TXN_002769,ACC_0187,ACC_0145,4227.92,2026-01-22 07:53:10.422045
TXN_002027,ACC_0057,ACC_0197,4199.28,2026-01-22 07:57:11.559274
TXN_002893,ACC_0428,ACC_0201,301.53,2026-01-22 08:07:40.117964
TXN_005082,ACC_0419,ACC_0006,2264.23,2026-01-22 08:14:40.271159
TXN_008935,ACC_0192,ACC_0255,1112.62,2026-01-22 08:18:12.253445
TXN_007877,ACC_0269,ACC_0351,2741.89,2026-01-22 08:21:50.645789
TXN_005418,ACC_0010,ACC_0005,3318.81,2026-01-22 08:29:23.687298
TXN_003588,ACC_0290,ACC_0279,404.72,2026-01-22 08:36:51.449997
TXN_005717,ACC_0221,ACC_0378,2701.63,2026-01-22 08:37:59.908775
TXN_001843,ACC_0421,ACC_0370,2569.13,2026-01-22 08:41:11.610194
TXN_007697,ACC_0328,ACC_0066,3014.74,2026-01-22 08:45:29.498658
TXN_006744,ACC_0357,ACC_0225,2051.26,2026-01-22 09:08:42.981008
TXN_007224,ACC_0214,ACC_0307,2599.0,2026-01-22 09:22:25.048533
TXN_002636,ACC_0377,ACC_0334,4570.99,2026-01-22 09:26:40.148883
TXN_006771,ACC_0044,ACC_0454,4042.0,2026-01-22 09:30:33.040706
TXN_008069,ACC_0297,ACC_0091,1931.24,2026-01-22 09:38:33.659682
TXN_009863,ACC_0415,ACC_0216,2951.2,2026-01-22 09:41:01.542487
TXN_003444,ACC_0057,ACC_0202,1416.58,2026-01-22 09:42:35.154269
TXN_006107,ACC_0069,ACC_0175,3211.17,2026-01-22 09:46:39.863601
TXN_003977,ACC_0093,ACC_0297,477.28,2026-01-22 09:56:00.393797
TXN_006279,ACC_0247,ACC_0010,4351.88,2026-01-22 09:56:38.425022
TXN_004778,ACC_0205,ACC_0321,4803.19,2026-01-22 09:59:01.771151
TXN_003414,ACC_0294,ACC_0302,1205.57,2026-01-22 10:01:57.122454
TXN_009267,ACC_0178,ACC_0053,832.86,2026-01-22 10:05:15.282936
TXN_009364,ACC_0418,ACC_0148,431.94,2026-01-22 10:07:04.870511
TXN_007221,ACC_0306,ACC_0465,4279.66,2026-01-22 10:09:10.076063
TXN_002762,ACC_0363,ACC_0428,4393.74,2026-01-22 10:15:08.350740
TXN_003268,ACC_0267,ACC_0145,2502.63,2026-01-22 10:16:39.776922
TXN_004106,ACC_0163,ACC_0206,986.38,2026-01-22 10:17:16.688226
TXN_003334,ACC_0179,ACC_0126,1732.1,2026-01-22 10:18:43.380757
TXN_009546,ACC_0170,ACC_0097,4673.57,2026-01-22 10:22:05.242767
TXN_008200,ACC_0091,ACC_0089,107.77,2026-01-22 10:27:05.213947
TXN_001515,ACC_0454,ACC_0174,158.99,2026-01-22 10:29:05.880089
TXN_009913,ACC_0409,ACC_0456,2697.62,2026-01-22 10:30:33.914836
TXN_003725,ACC_0449,ACC_0150,1334.3,2026-01-22 10:33:30.390900
TXN_002544,ACC_0246,ACC_0420,1710.66,2026-01-22 10:33:58.750855
TXN_001319,ACC_0247,ACC_0290,177.08,2026-01-22 10:34:27.933861
TXN_007517,ACC_0457,ACC_0150,2261.54,2026-01-22 10:40:57.680696
TXN_004117,ACC_0314,ACC_0380,1879.73,2026-01-22 10:46:06.640912
TXN_007951,ACC_0407,ACC_0463,4573.06,2026-01-22 10:51:22.999151
TXN_002306,ACC_0091,ACC_0426,2862.74,2026-01-22 10:56:47.537573
TXN_007837,ACC_0171,ACC_0134,870.97,2026-01-22 11:02:16.639398
TXN_005446,ACC_0231,ACC_0224,2172.53,2026-01-22 11:02:29.607717
TXN_009015,ACC_0454,ACC_0453,3872.4,2026-01-22 11:03:57.604263
TXN_001139,ACC_0351,ACC_0079,487.81,2026-01-22 11:07:02.882977
TXN_008906,ACC_0462,ACC_0428,2836.69,2026-01-22 11:10:07.933344
TXN_007356,ACC_0022,ACC_0250,1850.24,2026-01-22 11:10:57.192049
TXN_008051,ACC_0137,ACC_0302,4681.18,2026-01-22 11:12:53.046731
TXN_005528,ACC_0379,ACC_0054,901.64,2026-01-22 11:15:58.499003
TXN_003382,ACC_0125,ACC_0447,3010.31,2026-01-22 11:19:27.342372
TXN_007087,ACC_0222,ACC_0029,1509.14,2026-01-22 11:34:33.934265
TXN_009044,ACC_0359,ACC_0161,3328.54,2026-01-22 11:38:13.506804
TXN_007242,ACC_0361,ACC_0221,579.86,2026-01-22 11:39:18.494983
TXN_007219,ACC_0121,ACC_0038,2706.09,2026-01-22 11:43:01.783712
TXN_008171,ACC_0073,ACC_0155,2724.25,2026-01-22 11:44:52.810503
TXN_002325,ACC_0396,ACC_0425,431.53,2026-01-22 11:47:03.311630
TXN_003642,ACC_0416,ACC_0192,3491.82,2026-01-22 11:50:50.166073
TXN_009017,ACC_0061,ACC_0036,4824.06,2026-01-22 11:55:09.947744
TXN_005012,ACC_0141,ACC_0272,303.81,2026-01-22 11:56:52.334536
TXN_008679,ACC_0410,ACC_0009,1461.18,2026-01-22 12:01:20.774900
TXN_003924,ACC_0358,ACC_0305,707.58,2026-01-22 12:02:48.446155
TXN_007409,ACC_0244,ACC_0152,1560.73,2026-01-22 12:03:56.699788
TXN_005720,ACC_0040,ACC_0323,3925.07,2026-01-22 12:11:16.829767
TXN_009285,ACC_0349,ACC_0173,4837.02,2026-01-22 12:13:33.103465
TXN_005169,ACC_0381,ACC_0374,751.19,2026-01-22 12:14:18.234583
TXN_003700,ACC_0021,ACC_0062,143.39,2026-01-22 12:17:55.643705
TXN_002994,ACC_0425,ACC_0243,2646.89,2026-01-22 12:26:08.351518
TXN_000926,ACC_0161,ACC_0130,4743.35,2026-01-22 12:37:54.752091
TXN_007552,ACC_0250,ACC_0287,803.96,2026-01-22 12:39:43.770681
TXN_000786,ACC_0432,ACC_0381,2962.27,2026-01-22 12:42:05.788532
TXN_002560,ACC_0363,ACC_0401,4833.41,2026-01-22 12:43:21.266417
TXN_003835,ACC_0468,ACC_0313,4603.13,2026-01-22 12:52:52.621499
TXN_006682,ACC_0271,ACC_0062,4044.87,2026-01-22 12:55:09.247818
TXN_004413,ACC_0098,ACC_0282,1014.69,2026-01-22 12:57:21.184057
TXN_002556,ACC_0408,ACC_0379,1744.7,2026-01-22 12:59:06.280313
TXN_004380,ACC_0243,ACC_0172,3640.27,2026-01-22 12:59:44.090849
TXN_002676,ACC_0310,ACC_0119,2075.15,2026-01-22 13:00:42.834960
TXN_007565,ACC_0141,ACC_0372,1230.24,2026-01-22 13:02:36.332549
TXN_008553,ACC_0300,ACC_0307,528.58,2026-01-22 13:04:18.436533
TXN_001408,ACC_0341,ACC_0275,438.13,2026-01-22 13:04:42.178597
TXN_008798,ACC_0008,ACC_0025,4745.29,2026-01-22 13:06:39.081586
TXN_008036,ACC_0442,ACC_0142,893.33,2026-01-22 13:07:22.481077
TXN_005432,ACC_0226,ACC_0172,265.1,2026-01-22 13:09:59.081232
TXN_006285,ACC_0115,ACC_0210,4636.74,2026-01-22 13:11:07.130188
TXN_002892,ACC_0369,ACC_0249,2896.02,2026-01-22 13:19:31.935571
TXN_008064,ACC_0195,ACC_0139,3897.72,2026-01-22 13:25:08.955195
TXN_008497,ACC_0372,ACC_0123,758.52,2026-01-22 13:25:49.101680
TXN_007612,ACC_0067,ACC_0029,813.33,2026-01-22 13:35:22.240483
TXN_001979,ACC_0098,ACC_0023,2760.67,2026-01-22 13:44:44.252514
TXN_006978,ACC_0323,ACC_0123,4811.63,2026-01-22 13:47:49.006611
TXN_006081,ACC_0343,ACC_0312,451.57,2026-01-22 13:53:46.588834
TXN_001618,ACC_0271,ACC_0163,500.25,2026-01-22 13:54:20.005583
TXN_004960,ACC_0079,ACC_0377,4971.28,2026-01-22 13:56:12.779142
TXN_001569,ACC_0186,ACC_0279,441.92,2026-01-22 13:58:51.218601
TXN_005091,ACC_0119,ACC_0396,4955.03,2026-01-22 14:05:56.115170
TXN_005176,ACC_0276,ACC_0286,2141.06,2026-01-22 14:13:41.292010
TXN_002946,ACC_0265,ACC_0165,2370.6,2026-01-22 14:14:08.266627
TXN_009327,ACC_0188,ACC_0401,989.79,2026-01-22 14:18:44.846606
TXN_006344,ACC_0446,ACC_0254,4357.62,2026-01-22 14:33:52.573455
TXN_005086,ACC_0026,ACC_0423,1993.26,2026-01-22 14:34:36.894704
TXN_001195,ACC_0125,ACC_0430,1525.04,2026-01-22 14:40:52.040996
TXN_000518,ACC_0125,ACC_0035,902.3,2026-01-22 14:42:07.536505
TXN_003493,ACC_0230,ACC_0320,2783.93,2026-01-22 14:42:55.489266
TXN_003530,ACC_0260,ACC_0351,1055.75,2026-01-22 14:44:32.868064
TXN_001541,ACC_0276,ACC_0261,4546.0,2026-01-22 14:49:33.655062
TXN_008173,ACC_0265,ACC_0097,1137.04,2026-01-22 14:55:14.576467
TXN_002812,ACC_0413,ACC_0371,793.5,2026-01-22 14:59:20.140481
TXN_008472,ACC_0192,ACC_0219,4416.65,2026-01-22 15:01:13.115547
TXN_000973,ACC_0347,ACC_0068,4619.0,2026-01-22 15:07:44.098837
TXN_008506,ACC_0330,ACC_0138,3083.98,2026-01-22 15:15:47.008269
TXN_003928,ACC_0438,ACC_0363,4838.66,2026-01-22 15:21:28.295649
TXN_007255,ACC_0271,ACC_0384,655.65,2026-01-22 15:24:16.213373
TXN_003855,ACC_0439,ACC_0285,3019.82,2026-01-22 15:26:53.248007
TXN_005515,ACC_0013,ACC_0280,2677.13,2026-01-22 15:30:15.672415
TXN_005642,ACC_0158,ACC_0407,3895.7,2026-01-22 15:32:45.317471
TXN_008963,ACC_0018,ACC_0375,265.19,2026-01-22 15:52:12.410473
TXN_003461,ACC_0006,ACC_0111,594.41,2026-01-22 15:53:11.605676
TXN_006739,ACC_0337,ACC_0437,2967.04,2026-01-22 15:59:36.639762
TXN_008108,ACC_0135,ACC_0073,3169.71,2026-01-22 16:00:06.691823
TXN_004478,ACC_0171,ACC_0237,1270.21,2026-01-22 16:06:13.161054
TXN_009585,ACC_0089,ACC_0191,3605.83,2026-01-22 16:10:38.399005
TXN_005226,ACC_0200,ACC_0062,1231.33,2026-01-22 16:17:18.933663
TXN_000794,ACC_0279,ACC_0012,3782.45,2026-01-22 16:34:09.726916
TXN_000404,ACC_0272,ACC_0003,3994.47,2026-01-22 16:47:23.399756
TXN_007354,ACC_0045,ACC_0422,3442.66,2026-01-22 16:49:07.181105
TXN_009392,ACC_0260,ACC_0109,843.53,2026-01-22 16:49:26.301517
TXN_009682,ACC_0101,ACC_0416,1218.26,2026-01-22 16:58:15.678452
TXN_009013,ACC_0043,ACC_0392,4191.61,2026-01-22 16:59:21.918994
TXN_009415,ACC_0287,ACC_0377,1574.31,2026-01-22 17:05:40.922783
TXN_007465,ACC_0101,ACC_0059,3853.93,2026-01-22 17:09:25.201835
TXN_002996,ACC_0427,ACC_0030,1341.14,2026-01-22 17:11:36.711041
TXN_009428,ACC_0117,ACC_0008,2365.11,2026-01-22 17:13:40.058504
TXN_005711,ACC_0203,ACC_0103,2684.53,2026-01-22 17:16:28.878817
TXN_004369,ACC_0379,ACC_0117,2566.83,2026-01-22 17:17:55.391233
TXN_001040,ACC_0211,ACC_0414,4365.31,2026-01-22 17:24:56.606639
TXN_000742,ACC_0083,ACC_0221,2824.62,2026-01-22 17:26:17.485580
TXN_008256,ACC_0437,ACC_0095,1027.04,2026-01-22 17:26:38.723926
TXN_005406,ACC_0254,ACC_0176,1789.78,2026-01-22 17:43:46.249573
TXN_000112,ACC_0473,ACC_0471,20876.69,2026-01-22 17:51:37.262859
TXN_002510,ACC_0131,ACC_0403,4370.06,2026-01-22 17:55:13.156953
TXN_009046,ACC_0282,ACC_0015,1621.94,2026-01-22 18:01:55.931943
TXN_008597,ACC_0411,ACC_0279,1813.96,2026-01-22 18:08:39.756458
TXN_002971,ACC_0079,ACC_0470,4206.12,2026-01-22 18:10:43.652343
TXN_008893,ACC_0291,ACC_0261,3868.49,2026-01-22 18:12:20.273152
TXN_005677,ACC_0385,ACC_0217,387.05,2026-01-22 18:17:06.890496
TXN_002546,ACC_0378,ACC_0282,661.27,2026-01-22 18:17:09.157370
TXN_003550,ACC_0043,ACC_0447,4966.48,2026-01-22 18:18:23.588694
TXN_002286,ACC_0213,ACC_0357,158.47,2026-01-22 18:21:40.971758
TXN_003303,ACC_0296,ACC_0076,1565.32,2026-01-22 18:23:17.767073
TXN_008832,ACC_0420,ACC_0192,4791.28,2026-01-22 18:33:06.422302
TXN_001137,ACC_0457,ACC_0070,2695.51,2026-01-22 18:37:29.352603
TXN_005925,ACC_0239,ACC_0073,4030.87,2026-01-22 18:40:56.951896
TXN_008962,ACC_0101,ACC_0082,4291.53,2026-01-22 18:44:09.527550
TXN_005509,ACC_0396,ACC_0098,1890.26,2026-01-22 18:44:21.592178
TXN_006704,ACC_0218,ACC_0325,1680.63,2026-01-22 18:44:56.446308
TXN_003990,ACC_0077,ACC_0006,4160.02,2026-01-22 18:46:19.510089
TXN_002045,ACC_0399,ACC_0135,3972.42,2026-01-22 18:48:47.635167
TXN_003348,ACC_0246,ACC_0226,2652.85,2026-01-22 18:49:03.167210
TXN_005631,ACC_0415,ACC_0036,1047.04,2026-01-22 18:49:25.312337
TXN_001929,ACC_0240,ACC_0154,4861.5,2026-01-22 18:53:27.517784
TXN_003281,ACC_0205,ACC_0113,3707.31,2026-01-22 19:00:08.051997
TXN_000241,ACC_0432,ACC_0493,5862.19,2026-01-22 19:01:37.195668
TXN_007063,ACC_0356,ACC_0086,2727.2,2026-01-22 19:06:13.695733
TXN_006815,ACC_0266,ACC_0443,2881.97,2026-01-22 19:10:20.074170
TXN_008141,ACC_0169,ACC_0227,1507.16,2026-01-22 19:11:45.966910
TXN_004918,ACC_0145,ACC_0361,3547.3,2026-01-22 19:13:05.523708
TXN_004459,ACC_0167,ACC_0143,688.56,2026-01-22 19:18:14.509180
TXN_001438,ACC_0219,ACC_0148,4097.51,2026-01-22 19:20:52.475638
TXN_004026,ACC_0118,ACC_0156,2144.97,2026-01-22 19:21:47.725723
TXN_003376,ACC_0213,ACC_0004,1952.09,2026-01-22 19:23:07.426527
TXN_000171,ACC_0218,ACC_0489,12284.57,2026-01-22 19:24:05.186066
TXN_002908,ACC_0167,ACC_0012,756.51,2026-01-22 19:24:22.861302
TXN_006104,ACC_0305,ACC_0349,3932.61,2026-01-22 19:25:25.193310
TXN_000242,ACC_0493,ACC_0453,5569.08,2026-01-22 19:25:37.285856
TXN_009641,ACC_0433,ACC_0300,1561.85,2026-01-22 19:26:15.059977
TXN_008347,ACC_0430,ACC_0305,517.36,2026-01-22 19:27:07.699190
TXN_003936,ACC_0162,ACC_0457,1739.01,2026-01-22 19:28:08.898354
TXN_005018,ACC_0145,ACC_0013,118.78,2026-01-22 19:34:50.749253
TXN_004150,ACC_0267,ACC_0094,2326.59,2026-01-22 19:37:52.119414
TXN_005443,ACC_0222,ACC_0245,3893.62,2026-01-22 19:42:15.015172
TXN_009208,ACC_0382,ACC_0097,1080.39,2026-01-22 19:44:12.468131
TXN_000335,ACC_0352,ACC_0497,11362.56,2026-01-22 19:45:58.013872
TXN_002141,ACC_0063,ACC_0359,494.32,2026-01-22 19:47:25.889297
TXN_000874,ACC_0129,ACC_0419,1204.89,2026-01-22 19:54:58.611226
TXN_000336,ACC_0497,ACC_0068,10794.43,2026-01-22 19:55:07.647679
TXN_008189,ACC_0376,ACC_0131,4357.42,2026-01-22 19:55:47.601602
TXN_009956,ACC_0400,ACC_0122,2754.72,2026-01-22 19:59:56.057819
TXN_005667,ACC_0416,ACC_0275,1988.13,2026-01-22 20:08:25.595738
TXN_006007,ACC_0161,ACC_0038,166.98,2026-01-22 20:14:39.864032
TXN_005207,ACC_0192,ACC_0439,3111.91,2026-01-22 20:22:06.100764
TXN_006549,ACC_0361,ACC_0366,1253.17,2026-01-22 20:23:14.110309
TXN_009184,ACC_0262,ACC_0441,1854.16,2026-01-22 20:24:35.980155
TXN_000172,ACC_0489,ACC_0071,11670.34,2026-01-22 20:29:47.323834
TXN_009377,ACC_0275,ACC_0422,254.72,2026-01-22 20:29:51.852755
TXN_004476,ACC_0354,ACC_0373,1872.08,2026-01-22 20:33:38.420678
TXN_003097,ACC_0391,ACC_0184,4578.78,2026-01-22 20:39:54.649400
TXN_002128,ACC_0011,ACC_0042,1491.97,2026-01-22 21:09:50.293442
TXN_004664,ACC_0166,ACC_0402,772.81,2026-01-22 21:13:30.034806
TXN_006538,ACC_0185,ACC_0392,4861.13,2026-01-22 21:13:43.484434
TXN_001876,ACC_0429,ACC_0381,4773.39,2026-01-22 21:21:49.853095
TXN_000562,ACC_0321,ACC_0451,4107.04,2026-01-22 21:26:14.383469
TXN_002274,ACC_0401,ACC_0106,4854.08,2026-01-22 21:26:49.163712
TXN_008053,ACC_0197,ACC_0224,517.22,2026-01-22 21:27:52.322641
TXN_002843,ACC_0136,ACC_0085,3977.2,2026-01-22 21:32:19.563039
TXN_008216,ACC_0348,ACC_0356,2017.07,2026-01-22 21:35:52.161237
TXN_006327,ACC_0316,ACC_0321,3481.59,2026-01-22 21:42:58.304206
TXN_005474,ACC_0170,ACC_0016,2370.66,2026-01-22 22:07:08.012909
TXN_004503,ACC_0414,ACC_0282,2617.48,2026-01-22 22:19:00.132668
TXN_009732,ACC_0058,ACC_0222,4910.55,2026-01-22 22:22:31.424045
TXN_006793,ACC_0003,ACC_0308,1104.73,2026-01-22 22:30:25.125254
TXN_004826,ACC_0097,ACC_0138,4348.92,2026-01-22 22:31:58.360315
TXN_000339,ACC_0153,ACC_0498,13489.13,2026-01-22 22:35:07.416782
TXN_002043,ACC_0194,ACC_0049,3640.9,2026-01-22 22:39:02.205383
TXN_007072,ACC_0238,ACC_0196,2785.23,2026-01-22 22:39:53.471975
TXN_007605,ACC_0143,ACC_0387,3854.52,2026-01-22 22:42:09.136824
TXN_003581,ACC_0014,ACC_0097,586.95,2026-01-22 22:46:00.267122
TXN_005256,ACC_0425,ACC_0447,1770.11,2026-01-22 22:47:39.665546
TXN_000231,ACC_0003,ACC_0492,6019.89,2026-01-22 22:48:39.474201
TXN_007965,ACC_0258,ACC_0393,3970.04,2026-01-22 22:49:27.360436
TXN_004818,ACC_0346,ACC_0152,1748.28,2026-01-22 22:50:24.641658
TXN_006570,ACC_0190,ACC_0178,4908.49,2026-01-22 22:51:38.260188
TXN_002935,ACC_0059,ACC_0199,2016.74,2026-01-22 22:53:58.663578
TXN_003331,ACC_0372,ACC_0416,488.49,2026-01-22 22:56:59.647058
TXN_008652,ACC_0376,ACC_0162,2958.45,2026-01-22 22:58:52.016037
TXN_006952,ACC_0250,ACC_0035,3056.98,2026-01-22 23:01:31.024817
TXN_000340,ACC_0498,ACC_0025,12814.68,2026-01-22 23:02:27.899127
TXN_005376,ACC_0470,ACC_0359,227.95,2026-01-22 23:05:25.714185
TXN_004531,ACC_0332,ACC_0026,2070.45,2026-01-22 23:09:56.033198
TXN_002591,ACC_0371,ACC_0328,3346.6,2026-01-22 23:11:02.575174
TXN_001395,ACC_0178,ACC_0120,860.81,2026-01-22 23:17:51.268913
TXN_008368,ACC_0315,ACC_0223,485.76,2026-01-22 23:27:30.904720
TXN_009681,ACC_0211,ACC_0407,1938.92,2026-01-22 23:31:00.094067
TXN_000968,ACC_0441,ACC_0384,3820.42,2026-01-22 23:39:21.605434
TXN_007476,ACC_0085,ACC_0404,3990.39,2026-01-22 23:39:26.952954
TXN_008871,ACC_0309,ACC_0105,4913.48,2026-01-22 23:43:08.515528
TXN_008789,ACC_0172,ACC_0375,2544.07,2026-01-22 23:43:15.287274
TXN_005435,ACC_0272,ACC_0109,3099.29,2026-01-22 23:44:48.247827
TXN_000398,ACC_0299,ACC_0220,2388.69,2026-01-22 23:47:51.044865
TXN_000232,ACC_0492,ACC_0236,5718.9,2026-01-22 23:53:30.856901
TXN_002982,ACC_0301,ACC_0219,4115.02,2026-01-22 23:58:12.004675
TXN_001473,ACC_0161,ACC_0467,2981.9,2026-01-23 00:02:19.092845
TXN_006350,ACC_0044,ACC_0313,3799.19,2026-01-23 00:06:46.002292
TXN_000914,ACC_0384,ACC_0263,4263.76,2026-01-23 00:07:50.121883
TXN_005705,ACC_0133,ACC_0299,3967.87,2026-01-23 00:10:15.712295
TXN_008055,ACC_0462,ACC_0292,3679.41,2026-01-23 00:16:05.583851
TXN_008890,ACC_0379,ACC_0114,3754.72,2026-01-23 00:36:57.604879
TXN_009560,ACC_0177,ACC_0334,4393.21,2026-01-23 00:42:19.975603
TXN_002553,ACC_0130,ACC_0260,1697.36,2026-01-23 00:43:26.348005
TXN_005028,ACC_0352,ACC_0358,256.76,2026-01-23 00:43:36.588085
TXN_001422,ACC_0226,ACC_0136,867.35,2026-01-23 00:46:25.448557
TXN_007016,ACC_0015,ACC_0199,1681.14,2026-01-23 00:46:36.766120
TXN_005373,ACC_0041,ACC_0331,4775.2,2026-01-23 00:46:54.050078
TXN_009061,ACC_0080,ACC_0408,2041.01,2026-01-23 00:48:20.323700
TXN_005193,ACC_0145,ACC_0075,3342.17,2026-01-23 00:50:34.759207
TXN_001745,ACC_0172,ACC_0425,3033.84,2026-01-23 00:51:38.487248
TXN_001342,ACC_0169,ACC_0311,3769.46,2026-01-23 00:53:15.315804
TXN_005944,ACC_0238,ACC_0343,4247.62,2026-01-23 00:54:40.295452
TXN_007418,ACC_0041,ACC_0111,4443.64,2026-01-23 00:59:41.768310
TXN_006905,ACC_0334,ACC_0205,3773.59,2026-01-23 01:05:26.112995
TXN_009603,ACC_0071,ACC_0163,3539.38,2026-01-23 01:05:34.574595
TXN_000435,ACC_0308,ACC_0207,1755.62,2026-01-23 01:06:31.478571
TXN_003183,ACC_0388,ACC_0060,4538.27,2026-01-23 01:09:48.350777
TXN_002743,ACC_0126,ACC_0279,2019.97,2026-01-23 01:11:22.486924
TXN_005058,ACC_0062,ACC_0419,3258.83,2026-01-23 01:19:21.062515
TXN_003418,ACC_0014,ACC_0430,2699.94,2026-01-23 01:22:29.507220
TXN_001117,ACC_0425,ACC_0307,3281.57,2026-01-23 01:28:26.023059
TXN_004493,ACC_0025,ACC_0250,4984.0,2026-01-23 01:34:03.866356
TXN_000898,ACC_0014,ACC_0097,405.5,2026-01-23 01:34:40.469560
TXN_005427,ACC_0206,ACC_0407,2525.71,2026-01-23 01:45:31.125955
TXN_002760,ACC_0239,ACC_0412,1589.91,2026-01-23 01:46:59.533934
TXN_005503,ACC_0362,ACC_0395,3739.42,2026-01-23 01:47:29.235316
TXN_009344,ACC_0014,ACC_0273,310.86,2026-01-23 01:49:00.287501
TXN_001402,ACC_0223,ACC_0144,2020.35,2026-01-23 01:59:44.343497
TXN_003603,ACC_0150,ACC_0439,2346.57,2026-01-23 02:00:21.895608
TXN_007935,ACC_0399,ACC_0352,2783.47,2026-01-23 02:09:14.138607
TXN_009245,ACC_0447,ACC_0271,4930.49,2026-01-23 02:11:31.932677
TXN_007663,ACC_0404,ACC_0284,1740.5,2026-01-23 02:15:20.775067
TXN_000677,ACC_0110,ACC_0235,394.4,2026-01-23 02:15:25.677963
TXN_003527,ACC_0359,ACC_0003,1322.13,2026-01-23 02:22:38.301163
TXN_001235,ACC_0433,ACC_0145,4750.42,2026-01-23 02:31:03.089375
TXN_002246,ACC_0094,ACC_0338,1271.85,2026-01-23 02:34:27.953411
TXN_002368,ACC_0259,ACC_0262,2855.21,2026-01-23 02:35:02.798738
TXN_005470,ACC_0194,ACC_0347,3717.3,2026-01-23 02:37:28.271238
TXN_003184,ACC_0460,ACC_0468,4757.5,2026-01-23 02:41:57.899074
TXN_001036,ACC_0297,ACC_0245,4049.82,2026-01-23 02:43:02.229396
TXN_002869,ACC_0413,ACC_0177,4870.93,2026-01-23 02:47:21.709172
TXN_004149,ACC_0304,ACC_0419,2687.31,2026-01-23 02:54:26.356428
TXN_004888,ACC_0386,ACC_0435,4237.3,2026-01-23 02:54:43.051337
TXN_003180,ACC_0091,ACC_0402,3519.45,2026-01-23 02:55:05.190282
TXN_008620,ACC_0254,ACC_0461,4863.66,2026-01-23 02:56:39.797303
TXN_004110,ACC_0131,ACC_0009,2202.67,2026-01-23 03:06:19.842369
TXN_008795,ACC_0235,ACC_0423,2766.72,2026-01-23 03:10:04.412969
TXN_001896,ACC_0225,ACC_0081,371.33,2026-01-23 03:11:21.828973
TXN_004814,ACC_0011,ACC_0024,4742.11,2026-01-23 03:11:34.454661
TXN_004865,ACC_0044,ACC_0392,4762.45,2026-01-23 03:12:20.957120
TXN_008463,ACC_0312,ACC_0026,1018.49,2026-01-23 03:26:39.375658
TXN_008418,ACC_0066,ACC_0177,3237.97,2026-01-23 03:43:33.872848
TXN_001826,ACC_0046,ACC_0316,4382.91,2026-01-23 03:52:31.359174
TXN_003364,ACC_0395,ACC_0133,4780.46,2026-01-23 03:53:04.528486
TXN_009749,ACC_0205,ACC_0413,869.37,2026-01-23 04:19:28.653381
TXN_009453,ACC_0175,ACC_0072,1363.42,2026-01-23 04:20:43.611864
TXN_009669,ACC_0007,ACC_0195,267.18,2026-01-23 04:21:44.535216
TXN_002734,ACC_0142,ACC_0152,4296.27,2026-01-23 04:28:47.470634
TXN_002612,ACC_0200,ACC_0202,1711.64,2026-01-23 04:30:55.423672
TXN_005797,ACC_0128,ACC_0424,238.97,2026-01-23 04:31:12.281356
TXN_000097,ACC_0476,ACC_0474,24353.3,2026-01-23 04:41:13.725075
TXN_004283,ACC_0450,ACC_0331,4738.36,2026-01-23 04:45:25.433073
TXN_007821,ACC_0424,ACC_0373,4682.63,2026-01-23 04:48:11.651081
TXN_004293,ACC_0241,ACC_0100,4067.48,2026-01-23 04:55:27.295036
TXN_004101,ACC_0439,ACC_0043,4017.36,2026-01-23 04:59:53.205856
TXN_000739,ACC_0359,ACC_0073,4917.29,2026-01-23 05:01:24.925415
TXN_008432,ACC_0323,ACC_0231,177.06,2026-01-23 05:03:26.125226
TXN_001474,ACC_0017,ACC_0083,3345.94,2026-01-23 05:05:01.458421
TXN_009547,ACC_0361,ACC_0386,2097.7,2026-01-23 05:05:48.627322
TXN_003301,ACC_0168,ACC_0232,3440.23,2026-01-23 05:05:51.706981
TXN_006397,ACC_0177,ACC_0262,611.32,2026-01-23 05:08:41.324325
TXN_004949,ACC_0051,ACC_0259,4131.95,2026-01-23 05:20:05.146182
TXN_007791,ACC_0289,ACC_0188,2465.64,2026-01-23 05:21:20.374446
TXN_005661,ACC_0275,ACC_0193,2890.56,2026-01-23 05:31:19.490807
TXN_008011,ACC_0442,ACC_0415,4327.71,2026-01-23 05:34:29.973832
TXN_003307,ACC_0376,ACC_0146,2233.6,2026-01-23 05:35:53.706363
TXN_005463,ACC_0218,ACC_0126,2694.44,2026-01-23 05:36:34.982726
TXN_005423,ACC_0214,ACC_0132,3846.32,2026-01-23 05:37:02.135002
TXN_002778,ACC_0050,ACC_0452,4306.53,2026-01-23 05:42:41.212209
TXN_002605,ACC_0319,ACC_0328,547.18,2026-01-23 05:42:57.948188
TXN_007045,ACC_0099,ACC_0419,2706.53,2026-01-23 05:43:47.610111
TXN_003573,ACC_0306,ACC_0329,540.45,2026-01-23 05:49:13.537209
TXN_007185,ACC_0220,ACC_0186,409.41,2026-01-23 05:55:02.975145
TXN_006272,ACC_0330,ACC_0096,3853.2,2026-01-23 06:02:01.386585
TXN_004892,ACC_0003,ACC_0007,1293.43,2026-01-23 06:03:10.389515
TXN_004886,ACC_0414,ACC_0002,3807.04,2026-01-23 06:03:13.403679
TXN_009879,ACC_0018,ACC_0001,852.76,2026-01-23 06:04:11.620444
TXN_003545,ACC_0021,ACC_0102,3602.04,2026-01-23 06:04:44.973383
TXN_008528,ACC_0383,ACC_0376,955.86,2026-01-23 06:06:21.510963
TXN_004191,ACC_0448,ACC_0104,789.86,2026-01-23 06:06:57.174748
TXN_004996,ACC_0306,ACC_0202,1125.28,2026-01-23 06:29:16.960409
TXN_003813,ACC_0180,ACC_0298,2483.98,2026-01-23 06:30:12.526447
TXN_007347,ACC_0458,ACC_0443,1281.56,2026-01-23 06:40:38.911064
TXN_004526,ACC_0437,ACC_0001,2930.89,2026-01-23 06:43:44.589364
TXN_007874,ACC_0197,ACC_0009,171.57,2026-01-23 06:47:22.927941
TXN_005857,ACC_0039,ACC_0469,3099.46,2026-01-23 06:51:03.723430
TXN_006056,ACC_0385,ACC_0083,1278.27,2026-01-23 06:54:48.523707
TXN_003211,ACC_0140,ACC_0060,787.68,2026-01-23 07:01:31.914835
TXN_004077,ACC_0209,ACC_0276,3422.26,2026-01-23 07:11:15.834425
TXN_007343,ACC_0401,ACC_0219,1722.56,2026-01-23 07:11:33.307903
TXN_004065,ACC_0127,ACC_0030,4394.83,2026-01-23 07:19:29.252006
TXN_001383,ACC_0107,ACC_0276,2907.78,2026-01-23 07:26:18.980087
TXN_001243,ACC_0186,ACC_0255,2850.03,2026-01-23 07:27:15.139574
TXN_004133,ACC_0277,ACC_0017,1890.75,2026-01-23 07:32:54.604332
TXN_000684,ACC_0385,ACC_0189,4336.01,2026-01-23 07:35:49.200887
TXN_001277,ACC_0198,ACC_0288,2724.31,2026-01-23 07:40:24.112520
TXN_000367,ACC_0254,ACC_0499,4481.75,2026-01-23 07:40:42.663870
TXN_006426,ACC_0262,ACC_0139,3016.22,2026-01-23 07:57:36.705292
TXN_005190,ACC_0463,ACC_0426,2389.83,2026-01-23 07:57:48.546503
TXN_006047,ACC_0188,ACC_0148,556.01,2026-01-23 07:58:19.766201
TXN_002926,ACC_0355,ACC_0247,1301.48,2026-01-23 07:58:42.172583
TXN_002623,ACC_0117,ACC_0437,4368.19,2026-01-23 08:03:43.345655
TXN_005514,ACC_0278,ACC_0428,817.5,2026-01-23 08:09:34.186598
TXN_004975,ACC_0343,ACC_0270,1128.05,2026-01-23 08:13:47.121512
TXN_002859,ACC_0025,ACC_0361,946.97,2026-01-23 08:21:29.498570
TXN_003914,ACC_0407,ACC_0228,4128.65,2026-01-23 08:38:44.384699
TXN_000568,ACC_0124,ACC_0450,4567.24,2026-01-23 08:43:38.262319
TXN_004649,ACC_0422,ACC_0048,4801.19,2026-01-23 08:45:34.413286
TXN_000614,ACC_0367,ACC_0294,3829.45,2026-01-23 08:51:52.383239
TXN_009780,ACC_0313,ACC_0382,4446.66,2026-01-23 08:56:53.863138
TXN_006891,ACC_0242,ACC_0391,3794.32,2026-01-23 09:04:53.197309
TXN_005718,ACC_0157,ACC_0191,3999.13,2026-01-23 09:08:39.738656
TXN_007626,ACC_0459,ACC_0289,2348.71,2026-01-23 09:12:48.091806
TXN_007091,ACC_0176,ACC_0230,485.2,2026-01-23 09:21:26.392655
TXN_003578,ACC_0230,ACC_0141,1125.86,2026-01-23 09:25:10.447606
TXN_001606,ACC_0331,ACC_0058,3478.63,2026-01-23 09:25:53.122671
TXN_008839,ACC_0155,ACC_0435,499.55,2026-01-23 09:29:46.927970
TXN_003661,ACC_0147,ACC_0110,3411.72,2026-01-23 09:34:15.782962
TXN_000368,ACC_0499,ACC_0404,4257.66,2026-01-23 09:39:38.538948
TXN_000787,ACC_0183,ACC_0321,3955.11,2026-01-23 09:41:42.164679
TXN_008301,ACC_0356,ACC_0223,3762.14,2026-01-23 09:42:07.273672
TXN_009354,ACC_0061,ACC_0145,4743.2,2026-01-23 09:45:17.328279
TXN_001081,ACC_0224,ACC_0456,4951.36,2026-01-23 10:02:55.142045
TXN_000837,ACC_0189,ACC_0231,936.4,2026-01-23 10:05:04.580332
TXN_004900,ACC_0276,ACC_0260,4572.85,2026-01-23 10:15:01.486728
TXN_006748,ACC_0071,ACC_0223,4681.19,2026-01-23 10:15:05.817355
TXN_009405,ACC_0219,ACC_0292,885.64,2026-01-23 10:26:40.426695
TXN_003709,ACC_0309,ACC_0215,3179.14,2026-01-23 10:28:49.194886
TXN_006861,ACC_0098,ACC_0279,1127.36,2026-01-23 10:30:45.218282
TXN_006906,ACC_0105,ACC_0136,2248.13,2026-01-23 10:32:52.911199
TXN_005639,ACC_0008,ACC_0041,3196.82,2026-01-23 10:33:10.167923
TXN_000062,ACC_0472,ACC_0473,21986.71,2026-01-23 10:34:21.939975
TXN_003076,ACC_0382,ACC_0316,3831.82,2026-01-23 10:34:29.493681
TXN_000901,ACC_0282,ACC_0048,3366.96,2026-01-23 10:36:10.073588
TXN_000939,ACC_0364,ACC_0039,629.56,2026-01-23 10:39:20.108889
TXN_004648,ACC_0449,ACC_0222,2302.59,2026-01-23 10:42:07.554649
TXN_009667,ACC_0277,ACC_0201,510.23,2026-01-23 10:45:33.534215
TXN_004203,ACC_0413,ACC_0219,2476.91,2026-01-23 10:46:48.653470
TXN_006361,ACC_0118,ACC_0123,3287.87,2026-01-23 10:57:48.115281
TXN_002098,ACC_0192,ACC_0294,1088.73,2026-01-23 11:00:27.975861
TXN_007651,ACC_0139,ACC_0278,4275.8,2026-01-23 11:02:03.624424
TXN_000497,ACC_0189,ACC_0178,4341.16,2026-01-23 11:04:16.095196
TXN_000652,ACC_0081,ACC_0150,928.52,2026-01-23 11:07:46.935317
TXN_002401,ACC_0013,ACC_0372,4614.13,2026-01-23 11:08:36.567523
TXN_008701,ACC_0179,ACC_0430,1903.19,2026-01-23 11:11:41.821155
TXN_009529,ACC_0205,ACC_0446,2934.05,2026-01-23 11:21:39.038375
TXN_003986,ACC_0030,ACC_0163,2269.23,2026-01-23 11:28:16.562099
TXN_003216,ACC_0347,ACC_0345,2703.64,2026-01-23 11:30:38.944410
TXN_001791,ACC_0405,ACC_0295,703.05,2026-01-23 11:34:33.740823
TXN_002185,ACC_0065,ACC_0091,975.05,2026-01-23 11:38:19.342686
TXN_004434,ACC_0223,ACC_0032,1920.34,2026-01-23 11:44:31.805578
TXN_002092,ACC_0233,ACC_0125,3276.74,2026-01-23 11:54:02.821420
TXN_008057,ACC_0314,ACC_0099,636.38,2026-01-23 12:05:26.055466
TXN_006144,ACC_0301,ACC_0155,4174.8,2026-01-23 12:10:00.374149
TXN_002008,ACC_0192,ACC_0458,2589.78,2026-01-23 12:15:30.185185
TXN_002690,ACC_0104,ACC_0333,272.36,2026-01-23 12:16:59.002434
TXN_006276,ACC_0377,ACC_0007,2635.12,2026-01-23 12:22:14.271844
TXN_001709,ACC_0193,ACC_0378,1723.36,2026-01-23 12:25:54.730010
TXN_005733,ACC_0079,ACC_0035,2435.86,2026-01-23 12:27:29.334322
TXN_001317,ACC_0387,ACC_0137,4097.18,2026-01-23 12:32:18.980185
TXN_006788,ACC_0193,ACC_0237,2758.69,2026-01-23 12:49:22.526336
TXN_001338,ACC_0047,ACC_0102,2836.68,2026-01-23 12:50:00.221272
TXN_009458,ACC_0429,ACC_0174,961.72,2026-01-23 12:50:47.644848
TXN_008295,ACC_0210,ACC_0304,2798.39,2026-01-23 12:53:31.820180
TXN_008514,ACC_0123,ACC_0352,113.03,2026-01-23 13:03:45.647174
TXN_008852,ACC_0191,ACC_0455,2369.31,2026-01-23 13:06:26.651932
TXN_008924,ACC_0407,ACC_0260,2700.93,2026-01-23 13:06:30.487525
TXN_002875,ACC_0467,ACC_0103,686.2,2026-01-23 13:08:26.784306
TXN_001813,ACC_0019,ACC_0023,1318.42,2026-01-23 13:16:22.459805
TXN_006152,ACC_0278,ACC_0039,1701.39,2026-01-23 13:17:19.967689
TXN_005861,ACC_0197,ACC_0403,3374.53,2026-01-23 13:20:37.625927
TXN_003227,ACC_0162,ACC_0407,3940.36,2026-01-23 13:29:09.132709
TXN_006372,ACC_0102,ACC_0059,1428.52,2026-01-23 13:35:02.363216
TXN_004879,ACC_0266,ACC_0097,3211.86,2026-01-23 13:44:54.011556
TXN_001761,ACC_0411,ACC_0200,4591.82,2026-01-23 13:46:11.030953
TXN_003930,ACC_0090,ACC_0380,147.62,2026-01-23 13:47:21.292432
TXN_007977,ACC_0242,ACC_0253,574.29,2026-01-23 13:48:29.221077
TXN_002501,ACC_0103,ACC_0048,1127.54,2026-01-23 13:54:16.241263
TXN_000233,ACC_0205,ACC_0492,8832.07,2026-01-23 13:55:31.006439
TXN_003011,ACC_0217,ACC_0160,1125.77,2026-01-23 14:02:22.201673
TXN_008661,ACC_0421,ACC_0233,1093.77,2026-01-23 14:11:28.063962
TXN_007846,ACC_0241,ACC_0437,1627.07,2026-01-23 14:14:30.063072
TXN_007444,ACC_0040,ACC_0062,144.6,2026-01-23 14:17:31.174287
TXN_005757,ACC_0182,ACC_0340,498.06,2026-01-23 14:18:34.511708
TXN_000897,ACC_0130,ACC_0121,560.07,2026-01-23 14:26:56.093030
TXN_000102,ACC_0471,ACC_0472,8942.46,2026-01-23 14:33:58.603291
TXN_002839,ACC_0437,ACC_0456,4650.24,2026-01-23 14:39:27.191908
TXN_000520,ACC_0003,ACC_0247,4727.89,2026-01-23 14:40:35.906842
TXN_000234,ACC_0492,ACC_0194,8390.47,2026-01-23 14:42:19.725629
TXN_009051,ACC_0379,ACC_0360,498.41,2026-01-23 14:50:53.424110
TXN_009475,ACC_0225,ACC_0330,130.35,2026-01-23 14:55:07.888433
TXN_002039,ACC_0419,ACC_0384,4075.27,2026-01-23 15:08:33.907047
TXN_007635,ACC_0286,ACC_0345,1852.97,2026-01-23 15:23:47.542958
TXN_008744,ACC_0383,ACC_0123,2971.68,2026-01-23 15:25:15.618799
TXN_008289,ACC_0012,ACC_0010,904.24,2026-01-23 15:26:08.545113
TXN_004255,ACC_0101,ACC_0145,109.58,2026-01-23 15:28:05.794036
TXN_003696,ACC_0180,ACC_0358,2055.4,2026-01-23 15:35:26.538486
TXN_007464,ACC_0319,ACC_0224,3061.31,2026-01-23 15:36:27.733379
TXN_002890,ACC_0132,ACC_0213,2362.35,2026-01-23 15:59:09.667106
TXN_006502,ACC_0362,ACC_0157,3782.36,2026-01-23 16:03:15.180681
TXN_003110,ACC_0268,ACC_0368,4568.49,2026-01-23 16:07:21.251478
TXN_000757,ACC_0243,ACC_0198,2135.53,2026-01-23 16:08:12.898360
TXN_001733,ACC_0311,ACC_0347,3040.4,2026-01-23 16:26:15.466224
TXN_005090,ACC_0417,ACC_0006,4660.87,2026-01-23 16:41:42.340642
TXN_003543,ACC_0015,ACC_0425,2188.36,2026-01-23 16:47:43.377200
TXN_004793,ACC_0423,ACC_0280,295.38,2026-01-23 16:48:07.101297
TXN_009402,ACC_0424,ACC_0340,132.23,2026-01-23 16:51:30.741830
TXN_006542,ACC_0283,ACC_0321,271.09,2026-01-23 16:57:18.822652
TXN_004319,ACC_0069,ACC_0166,3196.72,2026-01-23 16:58:42.023802
TXN_007717,ACC_0114,ACC_0443,3061.03,2026-01-23 17:03:00.667760
TXN_002621,ACC_0179,ACC_0438,4991.2,2026-01-23 17:19:39.667639
TXN_005902,ACC_0252,ACC_0025,2697.14,2026-01-23 17:34:50.147698
TXN_007481,ACC_0225,ACC_0034,156.82,2026-01-23 17:40:15.620135
TXN_003262,ACC_0202,ACC_0320,4173.82,2026-01-23 17:48:33.896195
TXN_008785,ACC_0235,ACC_0029,1595.94,2026-01-23 17:49:54.065973
TXN_001742,ACC_0296,ACC_0107,3595.76,2026-01-23 17:52:09.460082
TXN_002199,ACC_0311,ACC_0365,4579.22,2026-01-23 18:03:14.579235
TXN_007140,ACC_0430,ACC_0241,3196.08,2026-01-23 18:03:15.223701
TXN_005969,ACC_0188,ACC_0123,4124.12,2026-01-23 18:08:15.150774
TXN_001335,ACC_0215,ACC_0427,1511.12,2026-01-23 18:11:01.475874
TXN_008264,ACC_0406,ACC_0402,552.89,2026-01-23 18:11:26.456761
TXN_005075,ACC_0451,ACC_0386,2822.36,2026-01-23 18:11:42.907223
TXN_003338,ACC_0401,ACC_0019,3683.71,2026-01-23 18:18:06.587064
TXN_001963,ACC_0161,ACC_0326,347.08,2026-01-23 18:18:16.299374
TXN_006278,ACC_0453,ACC_0089,1299.43,2026-01-23 18:20:45.823016
TXN_005181,ACC_0261,ACC_0150,2778.46,2026-01-23 18:29:12.271235
TXN_001213,ACC_0275,ACC_0225,1898.18,2026-01-23 18:33:57.856318
TXN_002281,ACC_0239,ACC_0433,472.9,2026-01-23 18:35:56.580053
TXN_000024,ACC_0485,ACC_0481,18362.7,2026-01-23 18:39:23.373373
TXN_009244,ACC_0141,ACC_0046,769.92,2026-01-23 18:42:46.416900
TXN_003683,ACC_0259,ACC_0323,838.56,2026-01-23 18:42:51.625739
TXN_002259,ACC_0009,ACC_0064,4532.84,2026-01-23 18:51:02.154809
TXN_002698,ACC_0077,ACC_0440,1745.88,2026-01-23 18:56:01.960945
TXN_003056,ACC_0254,ACC_0445,1056.4,2026-01-23 18:58:21.269765
TXN_005790,ACC_0236,ACC_0351,3240.97,2026-01-23 19:10:26.870243
TXN_006200,ACC_0023,ACC_0092,2634.18,2026-01-23 19:14:07.043125
TXN_006907,ACC_0182,ACC_0406,1967.81,2026-01-23 19:14:08.906638
TXN_004356,ACC_0013,ACC_0329,4338.22,2026-01-23 19:18:03.445737
TXN_008855,ACC_0435,ACC_0029,4838.89,2026-01-23 19:21:49.372161
TXN_001736,ACC_0097,ACC_0228,252.76,2026-01-23 19:23:50.942130
TXN_006959,ACC_0346,ACC_0301,4651.25,2026-01-23 19:24:20.240561
TXN_003870,ACC_0371,ACC_0048,4279.66,2026-01-23 19:26:27.378856
TXN_001986,ACC_0408,ACC_0047,4397.82,2026-01-23 19:28:18.626369
TXN_004964,ACC_0335,ACC_0169,203.02,2026-01-23 19:32:19.354472
TXN_009478,ACC_0238,ACC_0120,222.71,2026-01-23 19:41:26.218059
TXN_008202,ACC_0117,ACC_0429,321.86,2026-01-23 19:48:01.990981
TXN_002304,ACC_0366,ACC_0415,1937.67,2026-01-23 19:48:10.147737
TXN_000047,ACC_0479,ACC_0480,22703.66,2026-01-23 19:49:10.504981
TXN_009593,ACC_0138,ACC_0043,3210.02,2026-01-23 19:49:28.471759
TXN_003384,ACC_0123,ACC_0430,425.7,2026-01-23 19:52:30.553400
TXN_000493,ACC_0347,ACC_0065,1257.6,2026-01-23 19:53:55.243045
TXN_004428,ACC_0328,ACC_0052,262.29,2026-01-23 19:54:04.214495
TXN_003062,ACC_0334,ACC_0376,1271.64,2026-01-23 20:01:17.811585
TXN_005338,ACC_0009,ACC_0181,1030.59,2026-01-23 20:02:16.668202
TXN_006608,ACC_0131,ACC_0331,1186.11,2026-01-23 20:07:52.795209
TXN_006263,ACC_0202,ACC_0073,3728.27,2026-01-23 20:10:44.673288
TXN_000730,ACC_0065,ACC_0353,4701.62,2026-01-23 20:11:40.533968
TXN_003824,ACC_0113,ACC_0384,4518.81,2026-01-23 20:23:03.852971
TXN_005077,ACC_0359,ACC_0410,3494.21,2026-01-23 20:27:26.705749
TXN_007064,ACC_0316,ACC_0234,2401.4,2026-01-23 20:33:00.405614
TXN_003587,ACC_0064,ACC_0222,3102.58,2026-01-23 20:33:17.017444
TXN_003143,ACC_0030,ACC_0086,2668.55,2026-01-23 20:37:34.713586
TXN_001581,ACC_0231,ACC_0410,2963.91,2026-01-23 20:40:16.735531
TXN_004912,ACC_0130,ACC_0171,4618.39,2026-01-23 20:42:10.018943
TXN_005202,ACC_0084,ACC_0046,3838.15,2026-01-23 20:48:34.009896
TXN_006643,ACC_0092,ACC_0385,1340.67,2026-01-23 20:57:11.895961
TXN_002261,ACC_0434,ACC_0384,1966.24,2026-01-23 21:03:28.785979
TXN_008511,ACC_0362,ACC_0119,1740.15,2026-01-23 21:06:57.673513
TXN_000069,ACC_0473,ACC_0474,11120.25,2026-01-23 21:08:15.139414
TXN_001217,ACC_0444,ACC_0382,266.18,2026-01-23 21:13:35.177294
TXN_007457,ACC_0063,ACC_0124,2121.76,2026-01-23 21:15:32.707429
TXN_006282,ACC_0403,ACC_0164,2707.12,2026-01-23 21:24:33.608139
TXN_008712,ACC_0318,ACC_0258,2651.51,2026-01-23 21:25:21.158122
TXN_000647,ACC_0310,ACC_0202,2759.21,2026-01-23 21:26:43.283723
TXN_001866,ACC_0327,ACC_0381,732.94,2026-01-23 21:27:42.353304
TXN_003042,ACC_0025,ACC_0282,4738.33,2026-01-23 21:28:48.440589
TXN_002293,ACC_0254,ACC_0010,1811.25,2026-01-23 21:42:00.636351
TXN_003981,ACC_0268,ACC_0027,3728.49,2026-01-23 21:53:18.685637
TXN_002326,ACC_0405,ACC_0120,930.09,2026-01-23 22:06:37.446529
TXN_008844,ACC_0355,ACC_0081,3723.73,2026-01-23 22:08:16.563752
TXN_009372,ACC_0263,ACC_0310,4967.73,2026-01-23 22:10:47.312327
TXN_005198,ACC_0466,ACC_0145,2300.91,2026-01-23 22:16:20.629184
TXN_000499,ACC_0464,ACC_0286,4927.08,2026-01-23 22:22:25.354902
TXN_003460,ACC_0121,ACC_0232,1367.45,2026-01-23 22:23:49.290161
TXN_004048,ACC_0376,ACC_0313,4310.79,2026-01-23 22:25:33.558849
TXN_007244,ACC_0151,ACC_0038,2395.56,2026-01-23 22:28:46.875261
TXN_004798,ACC_0135,ACC_0424,409.99,2026-01-23 22:33:09.351424
TXN_005622,ACC_0383,ACC_0163,2812.36,2026-01-23 22:33:51.684063
TXN_005729,ACC_0344,ACC_0420,4502.71,2026-01-23 22:34:20.464547
TXN_004226,ACC_0418,ACC_0187,517.25,2026-01-23 22:38:21.458478
TXN_005867,ACC_0070,ACC_0391,1981.92,2026-01-23 22:40:59.453782
TXN_006729,ACC_0215,ACC_0295,1471.91,2026-01-23 22:44:35.539582
TXN_004326,ACC_0301,ACC_0311,1705.14,2026-01-23 22:47:26.234210
TXN_008095,ACC_0018,ACC_0036,4296.26,2026-01-23 22:49:12.392664
TXN_006999,ACC_0259,ACC_0255,3913.97,2026-01-23 23:04:19.777004
TXN_007903,ACC_0312,ACC_0088,261.93,2026-01-23 23:06:01.015550
TXN_008456,ACC_0176,ACC_0161,1364.03,2026-01-23 23:07:19.619388
TXN_002507,ACC_0353,ACC_0156,4280.59,2026-01-23 23:07:20.393616
TXN_001238,ACC_0246,ACC_0344,4961.09,2026-01-23 23:16:57.574608
TXN_008729,ACC_0102,ACC_0456,4005.44,2026-01-23 23:22:29.712072
TXN_002412,ACC_0221,ACC_0376,2215.31,2026-01-23 23:22:37.042431
TXN_008248,ACC_0159,ACC_0054,162.02,2026-01-23 23:24:45.856066
TXN_004171,ACC_0024,ACC_0152,4235.85,2026-01-23 23:31:59.391814
TXN_008529,ACC_0223,ACC_0086,4115.68,2026-01-23 23:32:03.047666
TXN_005855,ACC_0128,ACC_0414,2050.46,2026-01-23 23:46:25.159135
TXN_006752,ACC_0257,ACC_0280,3856.49,2026-01-23 23:48:01.205305
TXN_008895,ACC_0340,ACC_0251,2477.44,2026-01-23 23:49:01.954354
TXN_005553,ACC_0101,ACC_0144,4412.37,2026-01-23 23:50:43.753864
TXN_005747,ACC_0083,ACC_0144,844.76,2026-01-23 23:51:01.900107
TXN_002323,ACC_0196,ACC_0405,1823.03,2026-01-23 23:55:04.665695
TXN_003383,ACC_0243,ACC_0248,3202.93,2026-01-23 23:55:17.542259
TXN_002788,ACC_0255,ACC_0340,2950.71,2026-01-24 00:02:48.271507
TXN_006368,ACC_0264,ACC_0432,4000.47,2026-01-24 00:03:58.204305
TXN_001781,ACC_0288,ACC_0342,4909.32,2026-01-24 00:09:06.044651
TXN_000061,ACC_0471,ACC_0472,11027.97,2026-01-24 00:19:43.482515
TXN_000018,ACC_0485,ACC_0481,21793.35,2026-01-24 00:20:44.174846
TXN_003007,ACC_0419,ACC_0186,4870.06,2026-01-24 00:21:57.462908
TXN_007716,ACC_0030,ACC_0232,1306.44,2026-01-24 00:22:47.010025
TXN_005984,ACC_0144,ACC_0029,1147.13,2026-01-24 00:27:04.425956
TXN_008838,ACC_0087,ACC_0406,3266.84,2026-01-24 00:33:37.502243
TXN_004727,ACC_0286,ACC_0137,247.73,2026-01-24 00:39:26.358267
TXN_008246,ACC_0183,ACC_0209,4599.74,2026-01-24 00:46:00.434351
TXN_005213,ACC_0259,ACC_0085,2647.13,2026-01-24 00:50:04.001262
TXN_005408,ACC_0103,ACC_0083,4868.42,2026-01-24 00:53:55.081596
TXN_008863,ACC_0020,ACC_0325,2098.95,2026-01-24 00:58:55.493425
TXN_004573,ACC_0470,ACC_0442,1087.28,2026-01-24 01:02:06.646788
TXN_006928,ACC_0469,ACC_0256,3377.36,2026-01-24 01:02:08.594826
TXN_003419,ACC_0191,ACC_0394,1062.2,2026-01-24 01:03:47.778839
TXN_007202,ACC_0398,ACC_0469,4678.48,2026-01-24 01:06:21.821409
TXN_001786,ACC_0155,ACC_0359,4633.34,2026-01-24 01:10:23.037317
TXN_009548,ACC_0007,ACC_0088,990.1,2026-01-24 01:12:35.001353
TXN_004689,ACC_0346,ACC_0337,1827.37,2026-01-24 01:17:13.387614
TXN_003037,ACC_0108,ACC_0290,3591.03,2026-01-24 01:17:48.591948
TXN_005833,ACC_0351,ACC_0349,4593.12,2026-01-24 01:27:17.217919
TXN_004243,ACC_0300,ACC_0012,1150.51,2026-01-24 01:30:01.150041
TXN_000409,ACC_0063,ACC_0073,1007.33,2026-01-24 01:30:50.255409
TXN_008907,ACC_0281,ACC_0022,3280.55,2026-01-24 01:34:33.318460
TXN_006701,ACC_0458,ACC_0103,1589.47,2026-01-24 01:34:39.369680
TXN_009406,ACC_0030,ACC_0394,3932.47,2026-01-24 01:54:25.470981
TXN_005116,ACC_0122,ACC_0356,1628.01,2026-01-24 01:58:59.891041
TXN_008618,ACC_0233,ACC_0250,3563.71,2026-01-24 01:59:01.762969
TXN_002551,ACC_0424,ACC_0235,1297.82,2026-01-24 02:04:56.941332
TXN_001173,ACC_0312,ACC_0130,1394.63,2026-01-24 02:07:18.969405
TXN_007494,ACC_0341,ACC_0187,1535.36,2026-01-24 02:15:07.040120
TXN_005129,ACC_0056,ACC_0030,3315.49,2026-01-24 02:21:45.379551
TXN_002473,ACC_0437,ACC_0323,2162.51,2026-01-24 02:21:53.927777
TXN_004951,ACC_0348,ACC_0194,1140.21,2026-01-24 02:25:39.964765
TXN_007896,ACC_0152,ACC_0348,3505.99,2026-01-24 02:37:12.557608
TXN_004429,ACC_0455,ACC_0073,3563.9,2026-01-24 02:45:30.063718
TXN_001118,ACC_0200,ACC_0207,610.92,2026-01-24 02:49:41.452285
TXN_004554,ACC_0038,ACC_0279,273.93,2026-01-24 02:50:20.851553
TXN_006914,ACC_0300,ACC_0233,2948.73,2026-01-24 02:51:53.552844
TXN_001376,ACC_0269,ACC_0124,1483.32,2026-01-24 03:07:00.647063
TXN_008961,ACC_0322,ACC_0081,139.48,2026-01-24 03:11:58.768548
TXN_002127,ACC_0432,ACC_0034,3198.69,2026-01-24 03:14:31.395326
TXN_002742,ACC_0351,ACC_0207,1745.86,2026-01-24 03:17:40.510532
TXN_008331,ACC_0428,ACC_0391,243.9,2026-01-24 03:25:05.446935
TXN_009502,ACC_0468,ACC_0370,1087.63,2026-01-24 03:34:55.695830
TXN_002285,ACC_0188,ACC_0446,2534.54,2026-01-24 03:35:58.620049
TXN_009769,ACC_0442,ACC_0441,3092.15,2026-01-24 03:41:16.472389
TXN_006887,ACC_0075,ACC_0045,577.29,2026-01-24 03:41:49.434921
TXN_005510,ACC_0121,ACC_0328,4147.24,2026-01-24 03:46:18.137701
TXN_009023,ACC_0469,ACC_0361,1567.79,2026-01-24 03:47:09.208603
TXN_007936,ACC_0302,ACC_0364,2009.45,2026-01-24 03:51:13.064456
TXN_005307,ACC_0345,ACC_0430,1239.64,2026-01-24 03:52:39.196877
TXN_009561,ACC_0132,ACC_0256,2435.17,2026-01-24 03:54:44.234709
TXN_005381,ACC_0065,ACC_0453,1077.54,2026-01-24 03:58:07.544039
TXN_006027,ACC_0400,ACC_0346,1391.34,2026-01-24 04:01:24.708997
TXN_007579,ACC_0028,ACC_0360,519.44,2026-01-24 04:08:43.283786
TXN_007378,ACC_0058,ACC_0411,4909.25,2026-01-24 04:25:32.339770
TXN_000869,ACC_0335,ACC_0230,124.14,2026-01-24 04:26:29.848275
TXN_005963,ACC_0250,ACC_0176,606.65,2026-01-24 04:28:16.678779
TXN_003033,ACC_0157,ACC_0188,3702.1,2026-01-24 04:33:18.521849
TXN_000811,ACC_0150,ACC_0164,1965.57,2026-01-24 04:34:20.605842
TXN_003831,ACC_0104,ACC_0409,2814.79,2026-01-24 04:35:27.988513
TXN_001252,ACC_0154,ACC_0111,1163.26,2026-01-24 04:37:04.414368
TXN_002695,ACC_0203,ACC_0462,3940.22,2026-01-24 04:42:23.457923
TXN_002227,ACC_0457,ACC_0047,2813.8,2026-01-24 04:45:18.457628
TXN_004972,ACC_0031,ACC_0382,672.51,2026-01-24 04:48:09.604974
TXN_002009,ACC_0430,ACC_0368,2409.38,2026-01-24 04:48:36.573522
TXN_004887,ACC_0039,ACC_0216,2626.32,2026-01-24 04:57:11.149909
TXN_009238,ACC_0057,ACC_0459,2671.05,2026-01-24 04:59:40.808670
TXN_007553,ACC_0195,ACC_0143,4608.42,2026-01-24 05:11:20.794624
TXN_001687,ACC_0190,ACC_0149,1105.04,2026-01-24 05:17:31.556049
TXN_004010,ACC_0079,ACC_0083,4474.69,2026-01-24 05:18:01.005323
TXN_009543,ACC_0049,ACC_0404,1607.0,2026-01-24 05:30:54.046120
TXN_006020,ACC_0468,ACC_0287,2188.53,2026-01-24 05:40:28.828920
TXN_008145,ACC_0034,ACC_0230,3860.67,2026-01-24 05:41:05.779496
TXN_002369,ACC_0383,ACC_0324,4626.26,2026-01-24 05:46:07.656213
TXN_005990,ACC_0096,ACC_0005,1020.32,2026-01-24 05:52:49.924515
TXN_004675,ACC_0467,ACC_0375,4593.34,2026-01-24 05:55:40.328898
TXN_007772,ACC_0044,ACC_0344,3137.71,2026-01-24 05:56:31.124802
TXN_000660,ACC_0236,ACC_0345,3690.92,2026-01-24 06:05:31.159092
TXN_004473,ACC_0084,ACC_0214,3798.44,2026-01-24 06:10:13.639468
TXN_003759,ACC_0040,ACC_0117,637.54,2026-01-24 06:20:14.546315
TXN_002658,ACC_0263,ACC_0179,1844.34,2026-01-24 06:20:34.559408
TXN_007158,ACC_0415,ACC_0451,1998.46,2026-01-24 06:26:52.661019
TXN_001047,ACC_0136,ACC_0300,4726.24,2026-01-24 06:30:16.661520
TXN_005533,ACC_0390,ACC_0091,1795.6,2026-01-24 06:46:03.446035
TXN_005482,ACC_0194,ACC_0324,731.15,2026-01-24 06:47:10.744606
TXN_004481,ACC_0384,ACC_0022,3326.3,2026-01-24 06:47:38.082128
TXN_000407,ACC_0159,ACC_0435,3412.78,2026-01-24 06:53:43.550998
TXN_003535,ACC_0308,ACC_0109,1479.15,2026-01-24 06:56:23.665375
TXN_008719,ACC_0252,ACC_0469,3733.37,2026-01-24 06:57:26.404994
TXN_009436,ACC_0273,ACC_0047,3253.84,2026-01-24 07:05:30.572483
TXN_000059,ACC_0471,ACC_0472,5056.96,2026-01-24 07:14:55.177784
TXN_009008,ACC_0064,ACC_0088,2430.52,2026-01-24 07:20:19.263731
TXN_001493,ACC_0281,ACC_0456,4026.86,2026-01-24 07:20:40.775354
TXN_004242,ACC_0106,ACC_0470,804.85,2026-01-24 07:22:49.490820
TXN_000235,ACC_0116,ACC_0492,12648.18,2026-01-24 07:27:45.489866
TXN_008696,ACC_0082,ACC_0401,2766.07,2026-01-24 07:31:49.467302
TXN_005962,ACC_0437,ACC_0419,3990.63,2026-01-24 07:33:02.874789
TXN_001104,ACC_0017,ACC_0200,1055.34,2026-01-24 07:34:53.829472
TXN_002458,ACC_0012,ACC_0069,3608.08,2026-01-24 07:38:05.254436
TXN_005043,ACC_0110,ACC_0170,900.27,2026-01-24 07:39:40.843904
TXN_006145,ACC_0073,ACC_0032,279.58,2026-01-24 07:40:16.214539
TXN_006253,ACC_0383,ACC_0093,1780.7,2026-01-24 07:48:30.561834
TXN_000236,ACC_0492,ACC_0309,12015.77,2026-01-24 07:54:52.716337
TXN_000315,ACC_0049,ACC_0497,12633.6,2026-01-24 08:22:50.938095
TXN_004639,ACC_0398,ACC_0376,1914.28,2026-01-24 08:26:37.733065
TXN_002770,ACC_0088,ACC_0373,941.21,2026-01-24 08:28:47.006475
TXN_001123,ACC_0035,ACC_0138,2375.08,2026-01-24 08:28:50.106373
TXN_002580,ACC_0463,ACC_0220,3413.3,2026-01-24 08:28:53.568625
TXN_004810,ACC_0022,ACC_0030,113.9,2026-01-24 08:29:37.861846
TXN_001802,ACC_0345,ACC_0352,2470.69,2026-01-24 08:32:21.284080
TXN_000316,ACC_0497,ACC_0085,12001.92,2026-01-24 08:34:59.647716
TXN_000591,ACC_0191,ACC_0271,3740.0,2026-01-24 08:39:05.751872
TXN_008184,ACC_0216,ACC_0213,1983.28,2026-01-24 08:40:13.359252
TXN_004352,ACC_0190,ACC_0180,4991.44,2026-01-24 08:41:31.054044
TXN_002214,ACC_0433,ACC_0143,1673.86,2026-01-24 08:44:04.890413
TXN_001670,ACC_0260,ACC_0243,4436.37,2026-01-24 08:48:09.846582
TXN_006511,ACC_0458,ACC_0196,3397.66,2026-01-24 08:52:41.556753
TXN_008951,ACC_0134,ACC_0339,3083.35,2026-01-24 08:54:33.852107
TXN_005795,ACC_0332,ACC_0210,605.25,2026-01-24 08:55:05.182150
TXN_002242,ACC_0156,ACC_0277,1492.24,2026-01-24 09:03:03.203406
TXN_001229,ACC_0333,ACC_0087,2442.13,2026-01-24 09:10:17.702135
TXN_009963,ACC_0237,ACC_0226,1975.5,2026-01-24 09:10:57.864270
TXN_006341,ACC_0053,ACC_0021,753.14,2026-01-24 09:12:59.826633
TXN_005846,ACC_0267,ACC_0205,3668.92,2026-01-24 09:22:06.599068
TXN_009356,ACC_0354,ACC_0456,682.58,2026-01-24 09:24:50.800200
TXN_004539,ACC_0154,ACC_0065,2198.25,2026-01-24 09:27:59.323596
TXN_001436,ACC_0274,ACC_0122,128.47,2026-01-24 09:37:27.905697
TXN_004061,ACC_0156,ACC_0196,3235.0,2026-01-24 09:40:04.547230
TXN_003519,ACC_0201,ACC_0446,3862.63,2026-01-24 09:52:53.319116
TXN_008334,ACC_0024,ACC_0194,3762.16,2026-01-24 10:11:39.149968
TXN_009601,ACC_0428,ACC_0081,3812.53,2026-01-24 10:28:18.919614
TXN_008195,ACC_0146,ACC_0095,1723.99,2026-01-24 10:33:03.657182
TXN_001492,ACC_0048,ACC_0011,4826.83,2026-01-24 10:42:16.686090
TXN_006910,ACC_0319,ACC_0242,816.42,2026-01-24 10:47:48.243689
TXN_009960,ACC_0079,ACC_0015,2971.29,2026-01-24 10:49:15.424460
TXN_000502,ACC_0394,ACC_0094,1168.13,2026-01-24 10:54:25.100980
TXN_001694,ACC_0385,ACC_0170,3772.68,2026-01-24 11:05:33.673105
TXN_007691,ACC_0079,ACC_0126,2254.79,2026-01-24 11:09:35.725141
TXN_009059,ACC_0313,ACC_0411,2505.54,2026-01-24 11:18:01.280617
TXN_006776,ACC_0106,ACC_0349,3859.1,2026-01-24 11:19:40.817885
TXN_001291,ACC_0326,ACC_0180,960.22,2026-01-24 11:21:03.610569
TXN_008956,ACC_0357,ACC_0065,4435.86,2026-01-24 11:22:21.655630
TXN_007156,ACC_0140,ACC_0341,4848.2,2026-01-24 11:24:37.180776
TXN_001619,ACC_0282,ACC_0209,2367.46,2026-01-24 11:28:24.204964
TXN_008017,ACC_0335,ACC_0372,4507.62,2026-01-24 11:30:28.604554
TXN_009425,ACC_0077,ACC_0088,4209.34,2026-01-24 11:32:50.848428
TXN_005003,ACC_0215,ACC_0107,2094.59,2026-01-24 11:40:10.190654
TXN_008607,ACC_0031,ACC_0337,213.37,2026-01-24 11:52:43.797884
TXN_008265,ACC_0136,ACC_0215,4981.6,2026-01-24 11:53:52.156395
TXN_004592,ACC_0354,ACC_0119,4818.1,2026-01-24 11:58:23.447850
TXN_007890,ACC_0232,ACC_0080,4784.14,2026-01-24 12:01:10.563590
TXN_004180,ACC_0122,ACC_0204,3289.82,2026-01-24 12:01:55.119655
TXN_004967,ACC_0306,ACC_0155,2475.54,2026-01-24 12:01:59.328975
TXN_004087,ACC_0150,ACC_0274,4449.06,2026-01-24 12:05:46.555768
TXN_007875,ACC_0354,ACC_0390,2669.24,2026-01-24 12:20:23.464856
TXN_009506,ACC_0369,ACC_0019,4232.24,2026-01-24 12:23:44.653237
TXN_001271,ACC_0125,ACC_0167,1237.96,2026-01-24 12:25:04.676040
TXN_004092,ACC_0161,ACC_0067,413.44,2026-01-24 12:26:39.665092
TXN_007133,ACC_0013,ACC_0193,198.36,2026-01-24 12:30:31.782485
TXN_008288,ACC_0424,ACC_0220,4915.71,2026-01-24 12:37:37.760453
TXN_001500,ACC_0327,ACC_0236,488.89,2026-01-24 12:44:58.914527
TXN_001114,ACC_0123,ACC_0408,4168.77,2026-01-24 12:51:19.213504
TXN_006032,ACC_0436,ACC_0061,621.94,2026-01-24 12:59:39.190848
TXN_008393,ACC_0345,ACC_0327,2397.96,2026-01-24 13:01:11.593356
TXN_008976,ACC_0319,ACC_0159,1830.8,2026-01-24 13:06:34.042554
TXN_006735,ACC_0204,ACC_0329,3080.63,2026-01-24 13:07:46.602923
TXN_000791,ACC_0239,ACC_0457,2925.36,2026-01-24 13:08:40.925533
TXN_007447,ACC_0332,ACC_0272,2145.51,2026-01-24 13:09:09.375444
TXN_000425,ACC_0332,ACC_0268,4275.57,2026-01-24 13:09:51.544610
TXN_007642,ACC_0181,ACC_0064,4534.35,2026-01-24 13:18:22.091529
TXN_004082,ACC_0358,ACC_0416,3356.37,2026-01-24 13:24:57.286489
TXN_009716,ACC_0307,ACC_0448,2616.15,2026-01-24 13:26:23.448260
TXN_003451,ACC_0160,ACC_0467,1869.93,2026-01-24 13:30:18.779149
TXN_006491,ACC_0330,ACC_0189,1456.29,2026-01-24 13:30:28.186385
TXN_001760,ACC_0412,ACC_0169,4622.21,2026-01-24 13:38:34.273603
TXN_004631,ACC_0359,ACC_0402,392.61,2026-01-24 13:41:03.202937
TXN_003236,ACC_0379,ACC_0201,652.35,2026-01-24 13:47:30.044964
TXN_002033,ACC_0226,ACC_0175,1548.26,2026-01-24 13:48:23.032596
TXN_005246,ACC_0225,ACC_0078,3833.64,2026-01-24 13:53:53.231824
TXN_001236,ACC_0433,ACC_0085,3857.09,2026-01-24 13:56:31.137282
TXN_001617,ACC_0202,ACC_0127,1335.31,2026-01-24 13:57:57.434030
TXN_006381,ACC_0382,ACC_0083,489.27,2026-01-24 14:02:33.828971
TXN_002902,ACC_0215,ACC_0226,3325.88,2026-01-24 14:06:29.552169
TXN_008079,ACC_0337,ACC_0323,1505.09,2026-01-24 14:09:55.718167
TXN_004322,ACC_0213,ACC_0127,1880.01,2026-01-24 14:09:58.953787
TXN_007918,ACC_0464,ACC_0058,2285.4,2026-01-24 14:23:58.747358
TXN_007005,ACC_0382,ACC_0072,4446.78,2026-01-24 14:35:39.964124
TXN_001406,ACC_0416,ACC_0078,1453.76,2026-01-24 14:47:23.602908
TXN_004244,ACC_0339,ACC_0059,3328.67,2026-01-24 14:49:11.850834
TXN_009680,ACC_0049,ACC_0329,2442.41,2026-01-24 15:02:46.789174
TXN_001006,ACC_0196,ACC_0458,2163.81,2026-01-24 15:22:39.701602
TXN_009270,ACC_0181,ACC_0199,3178.5,2026-01-24 15:27:37.065210
TXN_009259,ACC_0183,ACC_0284,3917.91,2026-01-24 15:29:11.386937
TXN_006732,ACC_0213,ACC_0273,2018.09,2026-01-24 15:32:07.610526
TXN_001886,ACC_0291,ACC_0223,266.11,2026-01-24 15:33:09.726804
TXN_003369,ACC_0095,ACC_0357,4445.79,2026-01-24 15:34:47.967411
TXN_002058,ACC_0396,ACC_0113,2570.96,2026-01-24 15:40:19.406102
TXN_009321,ACC_0022,ACC_0288,4067.08,2026-01-24 15:50:04.073097
TXN_008762,ACC_0362,ACC_0284,331.8,2026-01-24 15:51:17.318492
TXN_009545,ACC_0075,ACC_0145,2955.68,2026-01-24 16:00:18.128475
TXN_004241,ACC_0356,ACC_0401,1336.09,2026-01-24 16:01:16.631076
TXN_008539,ACC_0276,ACC_0458,4020.38,2026-01-24 16:05:43.283707
TXN_002915,ACC_0349,ACC_0147,976.97,2026-01-24 16:08:24.620032
TXN_002577,ACC_0255,ACC_0282,236.17,2026-01-24 16:25:20.854206
TXN_007545,ACC_0189,ACC_0137,3761.4,2026-01-24 16:27:59.555848
TXN_004979,ACC_0263,ACC_0312,3540.46,2026-01-24 16:28:35.004573
TXN_006063,ACC_0171,ACC_0139,2945.57,2026-01-24 16:32:56.555256
TXN_008751,ACC_0395,ACC_0296,3595.11,2026-01-24 16:38:40.995774
TXN_007676,ACC_0195,ACC_0342,1440.47,2026-01-24 16:39:28.051506
TXN_001805,ACC_0255,ACC_0242,1339.36,2026-01-24 16:40:48.415118
TXN_004184,ACC_0315,ACC_0253,303.69,2026-01-24 16:42:51.651490
TXN_005378,ACC_0246,ACC_0097,313.4,2026-01-24 16:43:27.382021
TXN_001360,ACC_0350,ACC_0251,3763.84,2026-01-24 16:54:34.593956
TXN_004272,ACC_0379,ACC_0242,3111.87,2026-01-24 16:56:51.169734
TXN_008078,ACC_0407,ACC_0221,989.64,2026-01-24 17:03:38.039904
TXN_000121,ACC_0164,ACC_0486,6620.33,2026-01-24 17:06:27.958779
TXN_007103,ACC_0026,ACC_0129,2753.31,2026-01-24 17:10:50.839682
TXN_008971,ACC_0269,ACC_0355,3936.9,2026-01-24 17:12:37.507410
TXN_003250,ACC_0050,ACC_0018,3872.71,2026-01-24 17:16:53.498492
TXN_001234,ACC_0106,ACC_0011,3424.17,2026-01-24 17:21:41.474711
TXN_004983,ACC_0078,ACC_0304,3248.03,2026-01-24 17:28:11.781731
TXN_009647,ACC_0278,ACC_0140,3887.5,2026-01-24 17:35:05.481504
TXN_007349,ACC_0165,ACC_0001,596.02,2026-01-24 17:36:08.113857
TXN_000067,ACC_0473,ACC_0474,8222.06,2026-01-24 17:37:01.909610
TXN_000710,ACC_0092,ACC_0328,2385.86,2026-01-24 17:41:33.794606
TXN_000122,ACC_0486,ACC_0418,6289.31,2026-01-24 17:42:43.307433
TXN_009293,ACC_0202,ACC_0431,480.57,2026-01-24 17:43:09.308190
TXN_001110,ACC_0090,ACC_0168,617.81,2026-01-24 17:51:02.022110
TXN_005161,ACC_0041,ACC_0047,1024.58,2026-01-24 17:59:23.157911
TXN_007743,ACC_0091,ACC_0448,1991.0,2026-01-24 18:05:56.085539
TXN_001075,ACC_0464,ACC_0028,1539.28,2026-01-24 18:10:01.384525
TXN_002239,ACC_0406,ACC_0180,3894.2,2026-01-24 18:15:46.304881
TXN_009143,ACC_0174,ACC_0087,4217.85,2026-01-24 18:35:33.753108
TXN_000799,ACC_0449,ACC_0269,2995.47,2026-01-24 18:41:46.498834
TXN_009053,ACC_0357,ACC_0100,701.52,2026-01-24 18:48:04.258219
TXN_002080,ACC_0060,ACC_0094,1994.88,2026-01-24 18:51:35.454550
TXN_003255,ACC_0147,ACC_0416,4398.93,2026-01-24 18:56:17.193154
TXN_007217,ACC_0354,ACC_0359,2721.53,2026-01-24 18:57:56.921567
TXN_003074,ACC_0451,ACC_0432,4106.93,2026-01-24 19:07:48.746361
TXN_008814,ACC_0026,ACC_0220,4484.45,2026-01-24 19:08:57.278369
TXN_007304,ACC_0056,ACC_0186,2944.57,2026-01-24 19:10:52.964547
TXN_000507,ACC_0139,ACC_0048,4122.52,2026-01-24 19:11:06.493282
TXN_009010,ACC_0116,ACC_0256,1428.25,2026-01-24 19:15:19.572058
TXN_009081,ACC_0317,ACC_0009,2619.43,2026-01-24 19:15:43.322621
TXN_003748,ACC_0070,ACC_0216,4116.36,2026-01-24 19:18:35.184184
TXN_007711,ACC_0072,ACC_0308,1333.51,2026-01-24 19:19:01.125566
TXN_002145,ACC_0118,ACC_0159,4354.23,2026-01-24 19:20:56.103583
TXN_000808,ACC_0361,ACC_0167,4493.9,2026-01-24 19:21:01.961261
TXN_007099,ACC_0412,ACC_0011,2322.13,2026-01-24 19:35:52.963767
TXN_000159,ACC_0230,ACC_0488,14151.31,2026-01-24 19:37:48.394704
TXN_007475,ACC_0210,ACC_0459,4531.28,2026-01-24 19:42:27.890894
TXN_007638,ACC_0224,ACC_0418,1506.13,2026-01-24 19:47:41.437108
TXN_001367,ACC_0108,ACC_0415,3294.65,2026-01-24 19:54:58.561482
TXN_009413,ACC_0349,ACC_0385,4271.31,2026-01-24 20:02:13.269832
TXN_007997,ACC_0302,ACC_0020,386.3,2026-01-24 20:04:59.969341
TXN_003980,ACC_0286,ACC_0246,4416.08,2026-01-24 20:07:58.153752
TXN_001645,ACC_0305,ACC_0186,1395.6,2026-01-24 20:16:18.195560
TXN_007859,ACC_0413,ACC_0174,1510.05,2026-01-24 20:18:10.328954
TXN_007562,ACC_0425,ACC_0176,771.38,2026-01-24 20:19:46.158020
TXN_001725,ACC_0218,ACC_0116,864.75,2026-01-24 20:22:43.236432
TXN_008570,ACC_0030,ACC_0155,1439.56,2026-01-24 20:23:25.209287
TXN_006061,ACC_0311,ACC_0117,2995.61,2026-01-24 20:30:46.579888
TXN_005117,ACC_0111,ACC_0239,4815.73,2026-01-24 20:32:17.533436
TXN_008154,ACC_0202,ACC_0402,2984.01,2026-01-24 20:34:15.501049
TXN_002130,ACC_0133,ACC_0277,3046.37,2026-01-24 20:35:26.699084
TXN_005409,ACC_0115,ACC_0117,4525.65,2026-01-24 20:48:23.033031
TXN_001153,ACC_0010,ACC_0389,1612.88,2026-01-24 20:49:11.300664
TXN_008638,ACC_0412,ACC_0378,4233.74,2026-01-24 20:50:16.760733
TXN_002918,ACC_0297,ACC_0055,317.61,2026-01-24 20:53:25.201446
TXN_004600,ACC_0183,ACC_0211,147.38,2026-01-24 21:02:38.080843
TXN_000247,ACC_0072,ACC_0493,10378.65,2026-01-24 21:04:41.334924
TXN_008465,ACC_0202,ACC_0190,2301.43,2026-01-24 21:09:02.061045
TXN_007353,ACC_0282,ACC_0443,100.9,2026-01-24 21:12:39.605226
TXN_008676,ACC_0467,ACC_0137,3807.78,2026-01-24 21:15:00.288225
TXN_000160,ACC_0488,ACC_0182,13443.75,2026-01-24 21:16:34.150116
TXN_008969,ACC_0022,ACC_0330,809.78,2026-01-24 21:28:26.085014
TXN_002438,ACC_0005,ACC_0450,3118.34,2026-01-24 21:29:45.966311
TXN_009701,ACC_0279,ACC_0048,2889.54,2026-01-24 21:33:56.024501
TXN_007375,ACC_0264,ACC_0281,1867.6,2026-01-24 21:34:19.338066
TXN_007201,ACC_0124,ACC_0198,3937.01,2026-01-24 21:37:29.444854
TXN_004018,ACC_0388,ACC_0392,4608.13,2026-01-24 21:40:09.198087
TXN_000450,ACC_0028,ACC_0425,3516.4,2026-01-24 21:41:43.232014
TXN_002222,ACC_0259,ACC_0284,933.31,2026-01-24 21:46:36.191138
TXN_002380,ACC_0024,ACC_0221,1730.14,2026-01-24 21:46:51.655372
TXN_008823,ACC_0098,ACC_0198,2818.05,2026-01-24 21:47:25.350718
TXN_008422,ACC_0032,ACC_0134,4632.42,2026-01-24 21:53:26.039012
TXN_006820,ACC_0466,ACC_0320,758.68,2026-01-24 21:57:50.948695
TXN_004398,ACC_0313,ACC_0271,4574.74,2026-01-24 21:59:09.239888
TXN_004729,ACC_0016,ACC_0069,2221.54,2026-01-24 22:02:55.913513
TXN_000248,ACC_0493,ACC_0331,9859.72,2026-01-24 22:13:33.896178
TXN_000909,ACC_0045,ACC_0465,1653.07,2026-01-24 22:14:35.312339
TXN_001666,ACC_0253,ACC_0092,4948.96,2026-01-24 22:16:42.691825
TXN_002930,ACC_0408,ACC_0077,3556.73,2026-01-24 22:29:38.816119
TXN_007910,ACC_0073,ACC_0373,2791.43,2026-01-24 22:32:09.942615
TXN_008878,ACC_0178,ACC_0157,4348.73,2026-01-24 22:32:24.056948
TXN_003055,ACC_0401,ACC_0066,2299.35,2026-01-24 22:35:43.230797
TXN_009035,ACC_0030,ACC_0178,4680.1,2026-01-24 22:36:13.481545
TXN_009011,ACC_0181,ACC_0068,4028.83,2026-01-24 22:36:27.608141
TXN_001891,ACC_0135,ACC_0052,4296.35,2026-01-24 22:38:33.292690
TXN_007415,ACC_0371,ACC_0143,1962.7,2026-01-24 22:40:06.029678
TXN_004938,ACC_0265,ACC_0346,941.4,2026-01-24 22:42:27.002313
TXN_002548,ACC_0394,ACC_0299,4167.86,2026-01-24 22:49:31.601151
TXN_003381,ACC_0056,ACC_0188,4670.1,2026-01-24 22:52:06.924748
TXN_005698,ACC_0083,ACC_0158,155.29,2026-01-24 22:53:00.979708
TXN_005165,ACC_0370,ACC_0099,2031.54,2026-01-24 22:54:57.611769
TXN_006401,ACC_0423,ACC_0337,3155.07,2026-01-24 22:55:37.134996
TXN_005011,ACC_0169,ACC_0187,1421.7,2026-01-24 23:03:24.123324
TXN_009535,ACC_0033,ACC_0018,1888.18,2026-01-24 23:06:31.621643
TXN_007664,ACC_0224,ACC_0348,2586.74,2026-01-24 23:09:38.691696
TXN_002880,ACC_0369,ACC_0025,3243.23,2026-01-24 23:10:35.454130
TXN_002955,ACC_0349,ACC_0386,4007.33,2026-01-24 23:10:38.738956
TXN_001390,ACC_0179,ACC_0436,1164.72,2026-01-24 23:17:22.719419
TXN_009119,ACC_0243,ACC_0013,2090.71,2026-01-24 23:20:21.019343
TXN_007085,ACC_0006,ACC_0155,2035.33,2026-01-24 23:22:24.360092
TXN_009004,ACC_0341,ACC_0144,2495.56,2026-01-24 23:24:52.921667
TXN_002999,ACC_0349,ACC_0160,3823.42,2026-01-24 23:32:38.397193
TXN_005104,ACC_0007,ACC_0190,2297.44,2026-01-24 23:33:13.924264
TXN_008917,ACC_0470,ACC_0399,3468.27,2026-01-24 23:37:57.096947
TXN_008820,ACC_0024,ACC_0006,2580.66,2026-01-24 23:39:37.319704
TXN_000755,ACC_0057,ACC_0299,3385.87,2026-01-24 23:40:46.459624
TXN_000403,ACC_0399,ACC_0039,2408.98,2026-01-24 23:42:27.617702
TXN_007879,ACC_0287,ACC_0018,2472.3,2026-01-24 23:43:17.311116
TXN_007862,ACC_0309,ACC_0305,301.38,2026-01-24 23:47:38.816049
TXN_007126,ACC_0162,ACC_0313,1024.65,2026-01-24 23:48:56.088162
TXN_006432,ACC_0192,ACC_0098,496.13,2026-01-24 23:52:49.020362
TXN_004131,ACC_0441,ACC_0158,4956.56,2026-01-24 23:53:19.832231
TXN_008449,ACC_0067,ACC_0111,568.71,2026-01-24 23:59:14.615230
TXN_007318,ACC_0458,ACC_0390,166.83,2026-01-25 00:00:54.147392
TXN_007273,ACC_0184,ACC_0395,2127.77,2026-01-25 00:01:39.634084
TXN_006568,ACC_0348,ACC_0343,1102.96,2026-01-25 00:02:02.315226
TXN_000038,ACC_0477,ACC_0478,19126.79,2026-01-25 00:07:08.659379
TXN_008400,ACC_0146,ACC_0391,2166.02,2026-01-25 00:09:46.305188
TXN_005659,ACC_0002,ACC_0044,2699.36,2026-01-25 00:10:11.978797
TXN_005027,ACC_0088,ACC_0258,538.42,2026-01-25 00:12:29.975023
TXN_006585,ACC_0148,ACC_0019,2491.93,2026-01-25 00:14:19.026617
TXN_006797,ACC_0095,ACC_0263,951.32,2026-01-25 00:19:14.291189
TXN_008758,ACC_0440,ACC_0072,2877.5,2026-01-25 00:23:42.820989
TXN_005542,ACC_0227,ACC_0319,3517.21,2026-01-25 00:26:13.921266
TXN_007252,ACC_0328,ACC_0395,3935.56,2026-01-25 00:29:51.493935
TXN_007246,ACC_0250,ACC_0037,3175.95,2026-01-25 00:29:58.391942
TXN_000974,ACC_0274,ACC_0131,4944.84,2026-01-25 00:35:11.723023
TXN_009054,ACC_0117,ACC_0322,3696.65,2026-01-25 00:42:41.545632
TXN_002899,ACC_0053,ACC_0192,471.34,2026-01-25 00:45:25.023174
TXN_005878,ACC_0459,ACC_0443,730.12,2026-01-25 00:49:02.754188
TXN_000517,ACC_0151,ACC_0364,3826.8,2026-01-25 00:55:37.231888
TXN_004163,ACC_0415,ACC_0326,731.67,2026-01-25 00:56:19.953384
TXN_009673,ACC_0424,ACC_0246,2404.72,2026-01-25 01:01:07.378602
TXN_001485,ACC_0051,ACC_0167,4591.79,2026-01-25 01:09:13.592077
TXN_008857,ACC_0293,ACC_0254,2525.4,2026-01-25 01:11:37.568059
TXN_003525,ACC_0021,ACC_0209,2480.2,2026-01-25 01:12:16.734516
TXN_004126,ACC_0061,ACC_0022,2348.42,2026-01-25 01:33:14.037401
TXN_004044,ACC_0316,ACC_0252,2893.34,2026-01-25 01:35:49.516160
TXN_003391,ACC_0367,ACC_0012,4727.5,2026-01-25 01:36:53.547653
TXN_004837,ACC_0394,ACC_0386,2421.09,2026-01-25 01:38:51.093460
TXN_000664,ACC_0292,ACC_0241,257.16,2026-01-25 01:42:59.510779
TXN_002297,ACC_0450,ACC_0194,232.28,2026-01-25 01:44:52.586790
TXN_003830,ACC_0325,ACC_0128,3045.05,2026-01-25 01:45:58.904751
TXN_005559,ACC_0227,ACC_0095,4588.27,2026-01-25 02:04:36.681431
TXN_009215,ACC_0054,ACC_0073,4800.16,2026-01-25 02:08:20.319075
TXN_006103,ACC_0439,ACC_0401,3086.22,2026-01-25 02:10:23.648287
TXN_003647,ACC_0384,ACC_0092,1577.1,2026-01-25 02:14:01.887379
TXN_007013,ACC_0006,ACC_0175,3113.76,2026-01-25 02:16:22.378386
TXN_001063,ACC_0199,ACC_0139,114.94,2026-01-25 02:20:57.079149
TXN_005476,ACC_0348,ACC_0068,1851.64,2026-01-25 02:29:47.785737
TXN_009411,ACC_0061,ACC_0391,3683.6,2026-01-25 02:43:05.050270
TXN_005148,ACC_0335,ACC_0048,3052.03,2026-01-25 02:43:18.091420
TXN_007567,ACC_0099,ACC_0258,2735.88,2026-01-25 02:44:33.682229
TXN_009696,ACC_0215,ACC_0284,1723.11,2026-01-25 02:44:40.099818
TXN_008793,ACC_0368,ACC_0391,3092.89,2026-01-25 02:49:14.734373
TXN_009613,ACC_0208,ACC_0141,1902.61,2026-01-25 03:04:10.272252
TXN_002537,ACC_0301,ACC_0272,1197.15,2026-01-25 03:07:04.002894
TXN_000960,ACC_0079,ACC_0337,3039.5,2026-01-25 03:09:21.158433
TXN_006945,ACC_0305,ACC_0119,142.94,2026-01-25 03:12:47.689038
TXN_006605,ACC_0016,ACC_0213,2733.63,2026-01-25 03:13:36.407245
TXN_007914,ACC_0335,ACC_0343,1694.98,2026-01-25 03:13:55.275650
TXN_007461,ACC_0389,ACC_0030,1784.92,2026-01-25 03:18:53.109281
TXN_002626,ACC_0365,ACC_0377,4957.63,2026-01-25 03:19:22.382962
TXN_003548,ACC_0337,ACC_0162,3099.27,2026-01-25 03:21:49.439802
TXN_003997,ACC_0008,ACC_0186,3699.66,2026-01-25 03:22:32.726713
TXN_006459,ACC_0042,ACC_0435,336.97,2026-01-25 03:27:48.640707
TXN_009931,ACC_0208,ACC_0440,1099.48,2026-01-25 03:34:12.557731
TXN_009670,ACC_0372,ACC_0424,4842.72,2026-01-25 03:35:36.790033
TXN_009838,ACC_0227,ACC_0089,3467.8,2026-01-25 03:43:43.267906
TXN_009600,ACC_0371,ACC_0073,1164.94,2026-01-25 03:46:12.517876
TXN_000541,ACC_0274,ACC_0281,513.11,2026-01-25 03:55:46.442751
TXN_008525,ACC_0365,ACC_0086,3408.64,2026-01-25 04:04:04.481192
TXN_006809,ACC_0202,ACC_0121,4416.52,2026-01-25 04:05:41.304358
TXN_009861,ACC_0406,ACC_0273,4395.03,2026-01-25 04:12:01.224024
TXN_005576,ACC_0238,ACC_0409,3724.28,2026-01-25 04:12:54.731499
TXN_008001,ACC_0410,ACC_0466,444.91,2026-01-25 04:17:02.710084
TXN_009903,ACC_0335,ACC_0408,4390.93,2026-01-25 04:28:36.045537
TXN_000998,ACC_0125,ACC_0339,2536.95,2026-01-25 04:31:38.731593
TXN_008178,ACC_0254,ACC_0092,3553.17,2026-01-25 04:35:19.477016
TXN_008027,ACC_0178,ACC_0274,3408.63,2026-01-25 04:36:33.074165
TXN_001464,ACC_0362,ACC_0329,2541.41,2026-01-25 04:39:03.627970
TXN_008232,ACC_0417,ACC_0005,143.05,2026-01-25 04:43:52.315793
TXN_001468,ACC_0408,ACC_0148,1389.48,2026-01-25 04:46:31.587172
TXN_005638,ACC_0089,ACC_0004,3829.71,2026-01-25 04:47:53.968085
TXN_007050,ACC_0052,ACC_0187,1308.62,2026-01-25 04:48:15.530599
TXN_009764,ACC_0045,ACC_0414,2413.91,2026-01-25 04:49:39.326218
TXN_005691,ACC_0249,ACC_0407,2217.56,2026-01-25 04:49:53.626732
TXN_008634,ACC_0469,ACC_0189,3497.56,2026-01-25 04:52:33.385723
TXN_008257,ACC_0406,ACC_0093,4502.05,2026-01-25 04:53:04.073259
TXN_002659,ACC_0413,ACC_0115,1856.55,2026-01-25 04:56:48.768552
TXN_004175,ACC_0353,ACC_0058,2089.66,2026-01-25 04:58:14.670017
TXN_009207,ACC_0364,ACC_0335,3147.74,2026-01-25 04:58:36.514036
TXN_003209,ACC_0437,ACC_0470,1757.22,2026-01-25 05:10:57.540056
TXN_002706,ACC_0193,ACC_0412,715.87,2026-01-25 05:21:51.947334
TXN_008717,ACC_0230,ACC_0366,4157.94,2026-01-25 05:26:06.254790
TXN_009342,ACC_0466,ACC_0250,3528.5,2026-01-25 05:27:03.618997
TXN_001671,ACC_0300,ACC_0030,2138.31,2026-01-25 05:29:19.226503
TXN_007361,ACC_0035,ACC_0166,1048.29,2026-01-25 05:31:51.550927
TXN_003456,ACC_0142,ACC_0043,2579.96,2026-01-25 05:34:46.592194
TXN_000269,ACC_0055,ACC_0494,11656.44,2026-01-25 05:40:26.549425
TXN_005905,ACC_0069,ACC_0107,193.83,2026-01-25 05:44:04.437407
TXN_000835,ACC_0313,ACC_0347,837.88,2026-01-25 05:44:37.886470
TXN_000270,ACC_0494,ACC_0041,11073.62,2026-01-25 05:46:16.407777
TXN_002394,ACC_0305,ACC_0093,3759.18,2026-01-25 05:46:45.665113
TXN_004813,ACC_0466,ACC_0425,2180.91,2026-01-25 05:52:09.992653
TXN_005233,ACC_0237,ACC_0376,4822.87,2026-01-25 05:54:17.013717
TXN_009345,ACC_0074,ACC_0448,2753.65,2026-01-25 05:56:10.814186
TXN_002505,ACC_0219,ACC_0340,1714.41,2026-01-25 05:57:54.439035
TXN_001327,ACC_0389,ACC_0168,4187.58,2026-01-25 06:06:44.132105
TXN_002179,ACC_0359,ACC_0341,2388.9,2026-01-25 06:20:53.031694
TXN_009396,ACC_0315,ACC_0223,785.14,2026-01-25 06:25:27.579193
TXN_000542,ACC_0212,ACC_0099,1965.49,2026-01-25 06:26:17.030185
TXN_007086,ACC_0005,ACC_0435,355.51,2026-01-25 06:26:28.332573
TXN_004097,ACC_0110,ACC_0201,1543.34,2026-01-25 06:27:02.611597
TXN_009474,ACC_0357,ACC_0082,3703.49,2026-01-25 06:27:31.010123
TXN_004212,ACC_0438,ACC_0365,4357.14,2026-01-25 06:34:00.286333
TXN_004128,ACC_0113,ACC_0163,2065.19,2026-01-25 06:36:09.764391
TXN_009590,ACC_0408,ACC_0257,1570.62,2026-01-25 06:38:53.764775
TXN_006648,ACC_0033,ACC_0036,1383.82,2026-01-25 06:43:53.713487
TXN_002250,ACC_0245,ACC_0213,4901.78,2026-01-25 06:51:39.540443
TXN_007243,ACC_0370,ACC_0436,2062.43,2026-01-25 06:53:58.622339
TXN_006541,ACC_0097,ACC_0094,3384.17,2026-01-25 06:57:54.617273
TXN_000036,ACC_0477,ACC_0478,9559.08,2026-01-25 07:01:07.631077
TXN_004096,ACC_0189,ACC_0074,3280.72,2026-01-25 07:18:26.071549
TXN_006586,ACC_0290,ACC_0296,2874.18,2026-01-25 07:23:33.847293
TXN_007947,ACC_0423,ACC_0267,1816.77,2026-01-25 07:33:10.808172
TXN_008589,ACC_0350,ACC_0055,2428.97,2026-01-25 07:34:14.316569
TXN_002025,ACC_0303,ACC_0154,2882.39,2026-01-25 07:46:10.422819
TXN_002565,ACC_0231,ACC_0024,2175.67,2026-01-25 07:48:57.358093
TXN_008067,ACC_0054,ACC_0369,4886.38,2026-01-25 07:52:31.107821
TXN_004165,ACC_0108,ACC_0046,2799.59,2026-01-25 07:52:39.850539
TXN_009150,ACC_0150,ACC_0316,1931.21,2026-01-25 07:53:30.155338
TXN_007366,ACC_0317,ACC_0121,2540.27,2026-01-25 08:00:12.601434
TXN_000671,ACC_0349,ACC_0140,3069.15,2026-01-25 08:00:30.057084
TXN_001519,ACC_0333,ACC_0258,1480.99,2026-01-25 08:01:05.887377
TXN_007226,ACC_0453,ACC_0352,2439.33,2026-01-25 08:02:09.433140
TXN_005425,ACC_0349,ACC_0205,895.96,2026-01-25 08:04:22.891076
TXN_009609,ACC_0394,ACC_0008,2238.62,2026-01-25 08:06:04.422339
TXN_002190,ACC_0142,ACC_0299,1076.77,2026-01-25 08:11:59.343849
TXN_008746,ACC_0129,ACC_0340,4435.49,2026-01-25 08:19:00.260435
TXN_004083,ACC_0030,ACC_0353,715.08,2026-01-25 08:25:22.037355
TXN_007405,ACC_0201,ACC_0341,2569.59,2026-01-25 08:26:47.100070
TXN_005928,ACC_0273,ACC_0402,431.29,2026-01-25 08:28:04.738343
TXN_008584,ACC_0454,ACC_0403,1688.71,2026-01-25 08:31:37.420331
TXN_004695,ACC_0068,ACC_0375,549.84,2026-01-25 08:32:15.657838
TXN_000199,ACC_0135,ACC_0490,6182.14,2026-01-25 08:33:57.962587
TXN_004671,ACC_0064,ACC_0381,3229.57,2026-01-25 08:40:56.363416
TXN_006281,ACC_0283,ACC_0187,2889.55,2026-01-25 08:45:58.761980
TXN_001163,ACC_0026,ACC_0006,267.13,2026-01-25 08:58:10.762899
TXN_002490,ACC_0020,ACC_0169,2128.11,2026-01-25 08:58:25.614287
TXN_000200,ACC_0490,ACC_0345,5873.03,2026-01-25 08:59:34.055059
TXN_006210,ACC_0080,ACC_0412,1919.94,2026-01-25 09:13:12.042468
TXN_007533,ACC_0167,ACC_0077,4550.34,2026-01-25 09:24:45.669914
TXN_005898,ACC_0395,ACC_0184,1004.22,2026-01-25 09:45:34.295966
TXN_007374,ACC_0435,ACC_0410,2604.66,2026-01-25 09:47:07.065684
TXN_008314,ACC_0329,ACC_0378,1055.71,2026-01-25 09:52:21.092023
TXN_003601,ACC_0348,ACC_0023,3720.63,2026-01-25 09:58:17.014171
TXN_008237,ACC_0181,ACC_0239,3235.95,2026-01-25 09:59:31.247400
TXN_007515,ACC_0202,ACC_0298,3846.01,2026-01-25 09:59:54.057198
TXN_001196,ACC_0138,ACC_0406,3051.12,2026-01-25 09:59:57.119568
TXN_007313,ACC_0276,ACC_0159,3457.85,2026-01-25 10:05:40.575690
TXN_000661,ACC_0450,ACC_0172,2078.79,2026-01-25 10:11:26.099002
TXN_005768,ACC_0264,ACC_0234,3941.64,2026-01-25 10:20:27.184666
TXN_003852,ACC_0419,ACC_0315,4633.42,2026-01-25 10:32:59.361998
TXN_005466,ACC_0268,ACC_0231,2188.45,2026-01-25 10:35:13.376956
TXN_000625,ACC_0035,ACC_0123,3723.63,2026-01-25 10:37:40.147133
TXN_001038,ACC_0399,ACC_0088,4156.83,2026-01-25 10:38:51.486310
TXN_004432,ACC_0242,ACC_0121,1033.67,2026-01-25 10:40:20.809909
TXN_001785,ACC_0358,ACC_0344,1973.86,2026-01-25 10:42:50.049107
TXN_006119,ACC_0434,ACC_0218,3810.7,2026-01-25 10:43:52.689222
TXN_007830,ACC_0119,ACC_0365,3382.77,2026-01-25 10:45:27.809093
TXN_007746,ACC_0152,ACC_0070,551.55,2026-01-25 10:45:48.292167
TXN_008477,ACC_0204,ACC_0207,4578.58,2026-01-25 10:49:28.457932
TXN_002866,ACC_0460,ACC_0219,3543.09,2026-01-25 10:49:37.874015
TXN_006892,ACC_0172,ACC_0182,2500.51,2026-01-25 11:02:29.734546
TXN_004917,ACC_0119,ACC_0036,984.09,2026-01-25 11:06:49.214620
TXN_007474,ACC_0016,ACC_0152,2631.09,2026-01-25 11:07:24.663261
TXN_003251,ACC_0208,ACC_0168,4734.49,2026-01-25 11:12:24.098633
TXN_009781,ACC_0211,ACC_0078,736.71,2026-01-25 11:15:25.903006
TXN_009594,ACC_0071,ACC_0427,4799.97,2026-01-25 11:17:58.340797
TXN_007922,ACC_0066,ACC_0089,1869.05,2026-01-25 11:18:57.811832
TXN_008389,ACC_0128,ACC_0260,4353.59,2026-01-25 11:23:31.199287
TXN_008995,ACC_0279,ACC_0108,3777.11,2026-01-25 11:24:15.824006
TXN_004314,ACC_0117,ACC_0190,2942.27,2026-01-25 11:27:53.760108
TXN_004676,ACC_0432,ACC_0391,1533.11,2026-01-25 11:35:17.443154
TXN_009083,ACC_0061,ACC_0084,4008.45,2026-01-25 11:43:04.574205
TXN_005285,ACC_0129,ACC_0460,4694.58,2026-01-25 11:49:17.342513
TXN_003713,ACC_0344,ACC_0206,4702.73,2026-01-25 11:54:45.726867
TXN_005750,ACC_0054,ACC_0220,3865.99,2026-01-25 11:59:25.860663
TXN_005837,ACC_0089,ACC_0212,2068.26,2026-01-25 12:01:47.564962
TXN_004004,ACC_0173,ACC_0212,1327.09,2026-01-25 12:11:11.757004
TXN_004479,ACC_0151,ACC_0172,1703.54,2026-01-25 12:12:46.614309
TXN_005824,ACC_0452,ACC_0036,4077.99,2026-01-25 12:17:42.141441
TXN_001943,ACC_0083,ACC_0457,1975.22,2026-01-25 12:26:00.254179
TXN_000043,ACC_0478,ACC_0479,19539.84,2026-01-25 12:26:26.432884
TXN_003951,ACC_0013,ACC_0333,4532.99,2026-01-25 12:29:52.216163
TXN_001411,ACC_0299,ACC_0134,2423.89,2026-01-25 12:30:14.865954
TXN_009092,ACC_0055,ACC_0359,3556.0,2026-01-25 12:30:15.415381
TXN_006233,ACC_0432,ACC_0156,1292.07,2026-01-25 12:30:45.208324
TXN_006737,ACC_0438,ACC_0399,1218.98,2026-01-25 12:40:26.058922
TXN_009440,ACC_0131,ACC_0097,1287.56,2026-01-25 12:43:53.291040
TXN_008366,ACC_0470,ACC_0454,1831.18,2026-01-25 12:48:34.311036
TXN_002883,ACC_0319,ACC_0137,3773.62,2026-01-25 12:49:59.881720
TXN_008929,ACC_0442,ACC_0096,2549.64,2026-01-25 12:50:26.923340
TXN_005076,ACC_0316,ACC_0137,118.71,2026-01-25 12:50:30.524292
TXN_002324,ACC_0137,ACC_0115,2814.99,2026-01-25 12:50:44.490067
TXN_002660,ACC_0299,ACC_0453,2869.06,2026-01-25 12:53:21.839318
TXN_006358,ACC_0092,ACC_0306,2679.32,2026-01-25 12:54:28.779272
TXN_006112,ACC_0185,ACC_0010,4417.06,2026-01-25 12:58:22.073616
TXN_000848,ACC_0443,ACC_0305,513.23,2026-01-25 13:09:45.814169
TXN_006325,ACC_0326,ACC_0453,2200.88,2026-01-25 13:09:57.966789
TXN_002377,ACC_0120,ACC_0020,207.07,2026-01-25 13:14:21.854565
TXN_005060,ACC_0279,ACC_0258,3408.0,2026-01-25 13:15:24.726952
TXN_005351,ACC_0180,ACC_0307,4396.15,2026-01-25 13:16:56.710158
TXN_000936,ACC_0173,ACC_0357,2245.88,2026-01-25 13:21:51.760559
TXN_007614,ACC_0296,ACC_0199,1454.27,2026-01-25 13:28:53.000029
TXN_002593,ACC_0458,ACC_0241,3694.2,2026-01-25 13:32:05.124014
TXN_001085,ACC_0273,ACC_0366,2157.75,2026-01-25 13:32:45.627937
TXN_009952,ACC_0034,ACC_0040,3448.05,2026-01-25 13:38:42.507816
TXN_002432,ACC_0036,ACC_0321,4697.92,2026-01-25 13:45:40.583485
TXN_006707,ACC_0338,ACC_0246,4835.96,2026-01-25 14:01:04.085644
TXN_001598,ACC_0296,ACC_0290,3934.39,2026-01-25 14:09:36.222891
TXN_007011,ACC_0269,ACC_0447,919.7,2026-01-25 14:10:49.335883
TXN_005050,ACC_0435,ACC_0011,4268.27,2026-01-25 14:17:05.334616
TXN_000141,ACC_0026,ACC_0487,4985.5,2026-01-25 14:21:21.149374
TXN_003656,ACC_0369,ACC_0221,509.56,2026-01-25 14:23:33.817626
TXN_003746,ACC_0456,ACC_0036,240.03,2026-01-25 14:29:48.650327
TXN_002254,ACC_0239,ACC_0438,712.59,2026-01-25 14:31:19.978008
TXN_002379,ACC_0466,ACC_0028,2088.34,2026-01-25 14:32:49.183107
TXN_008635,ACC_0186,ACC_0074,4141.47,2026-01-25 14:39:49.765386
TXN_002387,ACC_0270,ACC_0323,1877.38,2026-01-25 14:51:50.588593
TXN_008228,ACC_0209,ACC_0056,4774.07,2026-01-25 14:57:39.654622
TXN_007942,ACC_0406,ACC_0183,4977.59,2026-01-25 15:02:06.298341
TXN_009260,ACC_0012,ACC_0236,2128.63,2026-01-25 15:04:02.279114
TXN_003967,ACC_0232,ACC_0351,1662.21,2026-01-25 15:06:43.138089
TXN_006895,ACC_0411,ACC_0188,1507.33,2026-01-25 15:07:39.040193
TXN_001416,ACC_0038,ACC_0018,234.43,2026-01-25 15:07:40.966346
TXN_006930,ACC_0418,ACC_0273,806.57,2026-01-25 15:08:18.376977
TXN_000142,ACC_0487,ACC_0088,4736.23,2026-01-25 15:10:55.127832
TXN_009075,ACC_0393,ACC_0362,3701.21,2026-01-25 15:16:16.028897
TXN_001875,ACC_0029,ACC_0447,146.61,2026-01-25 15:19:21.445702
TXN_007639,ACC_0083,ACC_0412,782.29,2026-01-25 15:20:07.689725
TXN_008590,ACC_0307,ACC_0321,3072.41,2026-01-25 15:24:33.318151
TXN_003279,ACC_0167,ACC_0184,102.43,2026-01-25 15:24:47.815907
TXN_005290,ACC_0102,ACC_0193,1512.06,2026-01-25 15:30:02.245645
TXN_001512,ACC_0377,ACC_0407,2660.97,2026-01-25 15:31:26.881951
TXN_008745,ACC_0142,ACC_0367,446.81,2026-01-25 15:33:40.409570
TXN_008630,ACC_0418,ACC_0074,1879.85,2026-01-25 15:38:18.639541
TXN_007456,ACC_0445,ACC_0452,1603.35,2026-01-25 15:38:33.704959
TXN_001550,ACC_0232,ACC_0275,4740.34,2026-01-25 15:45:50.122328
TXN_008932,ACC_0276,ACC_0266,1429.82,2026-01-25 16:06:21.508544
TXN_001261,ACC_0412,ACC_0032,630.4,2026-01-25 16:18:02.899859
TXN_003605,ACC_0108,ACC_0029,4939.97,2026-01-25 16:18:13.558271
TXN_008094,ACC_0371,ACC_0429,2507.72,2026-01-25 16:19:28.360415
TXN_006988,ACC_0017,ACC_0130,2542.46,2026-01-25 16:21:40.507921
TXN_002452,ACC_0444,ACC_0206,4534.16,2026-01-25 16:23:45.023813
TXN_004449,ACC_0055,ACC_0257,2751.31,2026-01-25 16:26:54.811474
TXN_008648,ACC_0419,ACC_0124,187.93,2026-01-25 16:40:45.101644
TXN_005634,ACC_0290,ACC_0184,3151.85,2026-01-25 16:46:09.000124
TXN_001018,ACC_0253,ACC_0184,2763.02,2026-01-25 16:47:55.650584
TXN_007438,ACC_0084,ACC_0220,3912.32,2026-01-25 16:48:28.014269
TXN_002441,ACC_0299,ACC_0241,3987.59,2026-01-25 16:50:53.882300
TXN_002500,ACC_0097,ACC_0152,420.12,2026-01-25 16:56:44.492188
TXN_005623,ACC_0374,ACC_0437,1091.96,2026-01-25 17:07:52.830805
TXN_006309,ACC_0097,ACC_0154,4141.22,2026-01-25 17:18:30.780975
TXN_006858,ACC_0103,ACC_0315,3237.67,2026-01-25 17:27:54.346496
TXN_002283,ACC_0150,ACC_0375,3436.52,2026-01-25 17:30:09.943117
TXN_006927,ACC_0179,ACC_0082,2810.91,2026-01-25 17:31:49.783961
TXN_005540,ACC_0326,ACC_0289,4667.92,2026-01-25 17:33:33.957353
TXN_002113,ACC_0052,ACC_0196,3379.9,2026-01-25 17:33:59.055228
TXN_001588,ACC_0444,ACC_0353,4622.52,2026-01-25 17:43:41.254840
TXN_008075,ACC_0442,ACC_0466,2837.17,2026-01-25 17:43:43.913294
TXN_008884,ACC_0302,ACC_0330,869.44,2026-01-25 17:44:38.455437
TXN_003003,ACC_0260,ACC_0083,3245.67,2026-01-25 17:51:27.972100
TXN_006120,ACC_0168,ACC_0201,1493.56,2026-01-25 17:56:02.890021
TXN_000283,ACC_0168,ACC_0495,9340.39,2026-01-25 17:56:19.055393
TXN_002741,ACC_0193,ACC_0233,3917.85,2026-01-25 17:59:35.912291
TXN_009846,ACC_0398,ACC_0110,1609.55,2026-01-25 17:59:40.523532
TXN_000065,ACC_0473,ACC_0474,9438.13,2026-01-25 18:01:45.509099
TXN_004328,ACC_0393,ACC_0171,1720.99,2026-01-25 18:19:30.165103
TXN_008229,ACC_0379,ACC_0436,3444.73,2026-01-25 18:19:55.556387
TXN_003551,ACC_0368,ACC_0037,3699.67,2026-01-25 18:23:59.858318
TXN_004399,ACC_0137,ACC_0044,1119.4,2026-01-25 18:27:06.952633
TXN_001931,ACC_0199,ACC_0061,608.11,2026-01-25 18:28:09.174070
TXN_001109,ACC_0363,ACC_0052,3416.55,2026-01-25 18:32:07.037715
TXN_003991,ACC_0239,ACC_0364,1586.01,2026-01-25 18:32:43.846289
TXN_008686,ACC_0281,ACC_0149,3327.33,2026-01-25 18:34:44.301515
TXN_005350,ACC_0130,ACC_0272,4060.72,2026-01-25 18:36:01.829781
TXN_001377,ACC_0095,ACC_0119,1920.19,2026-01-25 18:38:01.291529
TXN_008886,ACC_0066,ACC_0216,4323.68,2026-01-25 18:45:26.456260
TXN_004161,ACC_0406,ACC_0105,2232.07,2026-01-25 18:50:01.278363
TXN_009630,ACC_0068,ACC_0014,2716.36,2026-01-25 18:51:43.850852
TXN_000284,ACC_0495,ACC_0300,8873.37,2026-01-25 18:53:37.026292
TXN_005301,ACC_0456,ACC_0125,971.29,2026-01-25 18:54:46.525474
TXN_000009,ACC_0482,ACC_0483,21193.58,2026-01-25 18:54:59.863198
TXN_001685,ACC_0081,ACC_0280,397.06,2026-01-25 19:01:18.325464
TXN_004794,ACC_0457,ACC_0275,1842.52,2026-01-25 19:01:21.820566
TXN_008450,ACC_0461,ACC_0001,4794.1,2026-01-25 19:06:51.295542
TXN_008459,ACC_0076,ACC_0309,2952.2,2026-01-25 19:07:57.440927
TXN_000752,ACC_0073,ACC_0090,1258.33,2026-01-25 19:10:22.498183
TXN_005478,ACC_0123,ACC_0234,4816.24,2026-01-25 19:12:05.110867
TXN_003834,ACC_0162,ACC_0114,4188.87,2026-01-25 19:28:32.347095
TXN_006492,ACC_0116,ACC_0161,4837.24,2026-01-25 19:29:05.864824
TXN_006684,ACC_0044,ACC_0253,4723.61,2026-01-25 19:30:01.343552
TXN_006313,ACC_0186,ACC_0395,2720.47,2026-01-25 19:30:05.689800
TXN_000770,ACC_0010,ACC_0075,2888.77,2026-01-25 19:45:59.356710
TXN_005823,ACC_0123,ACC_0168,4829.89,2026-01-25 19:54:23.883759
TXN_007840,ACC_0036,ACC_0156,4482.64,2026-01-25 19:54:54.727788
TXN_000609,ACC_0419,ACC_0067,1221.96,2026-01-25 19:56:33.031734
TXN_009003,ACC_0153,ACC_0212,3953.39,2026-01-25 20:04:17.259507
TXN_006559,ACC_0307,ACC_0369,2040.14,2026-01-25 20:06:01.142556
TXN_001696,ACC_0165,ACC_0318,240.0,2026-01-25 20:07:51.542964
TXN_006005,ACC_0413,ACC_0203,4313.9,2026-01-25 20:20:12.706848
TXN_000487,ACC_0294,ACC_0049,1727.32,2026-01-25 20:23:34.644225
TXN_005101,ACC_0267,ACC_0130,4059.57,2026-01-25 20:29:11.864076
TXN_008595,ACC_0070,ACC_0179,4008.99,2026-01-25 20:30:40.434309
TXN_003315,ACC_0052,ACC_0060,1295.59,2026-01-25 20:33:07.861326
TXN_009972,ACC_0463,ACC_0022,4280.09,2026-01-25 20:37:50.939847
TXN_001627,ACC_0424,ACC_0013,4285.13,2026-01-25 20:45:06.116105
TXN_002571,ACC_0392,ACC_0078,1986.9,2026-01-25 20:45:31.683664
TXN_004721,ACC_0023,ACC_0269,3050.89,2026-01-25 20:51:24.966053
TXN_002667,ACC_0303,ACC_0322,2146.01,2026-01-25 20:52:56.997449
TXN_001583,ACC_0440,ACC_0470,4923.36,2026-01-25 21:08:13.574326
TXN_006099,ACC_0344,ACC_0004,2220.98,2026-01-25 21:16:10.751638
TXN_006946,ACC_0332,ACC_0301,1427.11,2026-01-25 21:17:29.421645
TXN_002966,ACC_0462,ACC_0248,2805.88,2026-01-25 21:27:53.085545
TXN_006275,ACC_0403,ACC_0387,4829.61,2026-01-25 21:32:20.225624
TXN_004999,ACC_0046,ACC_0388,4283.8,2026-01-25 21:35:13.693087
TXN_000744,ACC_0193,ACC_0050,1632.57,2026-01-25 21:37:42.790907
TXN_005982,ACC_0269,ACC_0275,1190.57,2026-01-25 21:45:22.374157
TXN_001672,ACC_0072,ACC_0330,4867.66,2026-01-25 21:46:53.144817
TXN_009393,ACC_0276,ACC_0402,4073.88,2026-01-25 21:50:41.956808
TXN_004643,ACC_0052,ACC_0369,1471.26,2026-01-25 21:54:19.920157
TXN_003786,ACC_0456,ACC_0305,4056.0,2026-01-25 21:59:45.415109
TXN_001916,ACC_0008,ACC_0224,3646.78,2026-01-25 22:03:48.383992
TXN_003988,ACC_0262,ACC_0443,1149.77,2026-01-25 22:09:58.999464
TXN_002776,ACC_0185,ACC_0084,871.16,2026-01-25 22:10:25.731810
TXN_007845,ACC_0016,ACC_0442,677.03,2026-01-25 22:14:30.259464
TXN_007119,ACC_0414,ACC_0118,4019.28,2026-01-25 22:14:55.618657
TXN_008127,ACC_0266,ACC_0026,2540.44,2026-01-25 22:17:06.248468
TXN_008909,ACC_0072,ACC_0134,1939.23,2026-01-25 22:24:35.972682
TXN_009265,ACC_0301,ACC_0133,1957.14,2026-01-25 22:26:12.872687
TXN_009510,ACC_0129,ACC_0298,4261.07,2026-01-25 22:32:46.083205
TXN_009677,ACC_0084,ACC_0274,3146.87,2026-01-25 22:35:03.890396
TXN_005231,ACC_0445,ACC_0414,1997.84,2026-01-25 22:36:43.826958
TXN_003811,ACC_0355,ACC_0035,2848.09,2026-01-25 22:39:30.273120
TXN_007630,ACC_0233,ACC_0211,2654.43,2026-01-25 22:39:49.082779
TXN_008019,ACC_0277,ACC_0465,4356.16,2026-01-25 22:56:50.362943
TXN_005238,ACC_0152,ACC_0094,2316.09,2026-01-25 22:57:19.132646
TXN_009550,ACC_0463,ACC_0255,4931.93,2026-01-25 23:00:48.512811
TXN_002877,ACC_0133,ACC_0112,4343.18,2026-01-25 23:01:40.512912
TXN_001423,ACC_0444,ACC_0296,1763.12,2026-01-25 23:02:06.058336
TXN_000155,ACC_0054,ACC_0488,11855.08,2026-01-25 23:07:44.304911
TXN_003729,ACC_0296,ACC_0335,1175.25,2026-01-25 23:10:24.665634
TXN_005965,ACC_0433,ACC_0369,1286.79,2026-01-25 23:12:10.956320
TXN_005975,ACC_0114,ACC_0376,3954.74,2026-01-25 23:16:58.261571
TXN_009380,ACC_0253,ACC_0013,3172.85,2026-01-25 23:19:44.208993
TXN_002729,ACC_0081,ACC_0082,2168.08,2026-01-25 23:19:48.757807
TXN_002796,ACC_0298,ACC_0307,2254.42,2026-01-25 23:26:03.317696
TXN_000916,ACC_0295,ACC_0403,1901.27,2026-01-25 23:26:34.048882
TXN_006042,ACC_0272,ACC_0112,383.52,2026-01-25 23:27:17.006994
TXN_007992,ACC_0082,ACC_0127,1491.04,2026-01-25 23:33:59.306334
TXN_004400,ACC_0264,ACC_0378,4132.98,2026-01-25 23:35:54.620538
TXN_003503,ACC_0390,ACC_0292,2559.96,2026-01-25 23:36:52.174848
TXN_008383,ACC_0155,ACC_0133,4464.91,2026-01-25 23:38:00.651033
TXN_002774,ACC_0029,ACC_0337,3942.38,2026-01-25 23:41:15.731175
TXN_003116,ACC_0091,ACC_0023,1799.36,2026-01-25 23:54:20.620227
TXN_007807,ACC_0023,ACC_0065,3774.25,2026-01-25 23:56:24.848985
TXN_008808,ACC_0340,ACC_0422,3867.58,2026-01-25 23:58:42.146423
TXN_007647,ACC_0084,ACC_0248,2675.85,2026-01-26 00:02:19.875398
TXN_008680,ACC_0334,ACC_0301,1751.2,2026-01-26 00:05:54.851946
TXN_008805,ACC_0293,ACC_0095,2996.81,2026-01-26 00:07:04.084892
TXN_008721,ACC_0406,ACC_0220,4886.99,2026-01-26 00:09:39.324412
TXN_001773,ACC_0382,ACC_0165,1971.89,2026-01-26 00:11:02.406967
TXN_009274,ACC_0219,ACC_0162,4904.83,2026-01-26 00:11:41.690876
TXN_001746,ACC_0326,ACC_0013,1886.84,2026-01-26 00:11:44.633164
TXN_000156,ACC_0488,ACC_0131,11262.33,2026-01-26 00:14:33.156781
TXN_003257,ACC_0115,ACC_0080,2638.26,2026-01-26 00:15:10.475842
TXN_004563,ACC_0355,ACC_0217,2757.14,2026-01-26 00:15:55.935503
TXN_007228,ACC_0357,ACC_0248,1193.15,2026-01-26 00:16:50.897678
TXN_007980,ACC_0205,ACC_0413,1554.27,2026-01-26 00:17:00.166929
TXN_005954,ACC_0069,ACC_0361,1731.11,2026-01-26 00:17:17.745250
TXN_007071,ACC_0357,ACC_0221,2333.4,2026-01-26 00:19:39.304613
TXN_009725,ACC_0347,ACC_0249,4975.54,2026-01-26 00:20:39.312692
TXN_001676,ACC_0468,ACC_0274,3003.76,2026-01-26 00:36:42.999486
TXN_008873,ACC_0362,ACC_0205,2920.37,2026-01-26 00:38:08.042555
TXN_001789,ACC_0358,ACC_0321,3713.46,2026-01-26 00:41:59.874769
TXN_002731,ACC_0468,ACC_0386,4073.46,2026-01-26 00:45:41.595155
TXN_002248,ACC_0130,ACC_0113,3622.06,2026-01-26 00:51:48.136024
TXN_008711,ACC_0266,ACC_0199,1888.16,2026-01-26 00:57:41.852109
TXN_006985,ACC_0023,ACC_0275,862.58,2026-01-26 00:59:58.579540
TXN_004755,ACC_0040,ACC_0359,4106.44,2026-01-26 01:02:43.550837
TXN_006731,ACC_0188,ACC_0310,4077.09,2026-01-26 01:10:34.947003
TXN_001490,ACC_0164,ACC_0241,3351.28,2026-01-26 01:22:20.821527
TXN_002745,ACC_0346,ACC_0322,4536.3,2026-01-26 01:22:44.325839
TXN_000088,ACC_0474,ACC_0475,19590.39,2026-01-26 01:28:38.372893
TXN_008478,ACC_0407,ACC_0370,1160.09,2026-01-26 01:39:14.362580
TXN_002335,ACC_0423,ACC_0318,4587.62,2026-01-26 01:55:40.714846
TXN_002067,ACC_0387,ACC_0398,4192.8,2026-01-26 01:58:46.177050
TXN_001938,ACC_0290,ACC_0219,2928.7,2026-01-26 02:00:30.272002
TXN_002071,ACC_0139,ACC_0270,2291.55,2026-01-26 02:02:54.381590
TXN_008249,ACC_0409,ACC_0154,4336.64,2026-01-26 02:03:52.743602
TXN_003189,ACC_0398,ACC_0400,4575.01,2026-01-26 02:12:44.320383
TXN_003247,ACC_0429,ACC_0060,1021.9,2026-01-26 02:18:36.676186
TXN_008922,ACC_0326,ACC_0213,1387.96,2026-01-26 02:22:45.004753
TXN_006045,ACC_0462,ACC_0039,4782.2,2026-01-26 02:22:49.699422
TXN_001309,ACC_0463,ACC_0013,1799.99,2026-01-26 02:27:18.287891
TXN_007190,ACC_0328,ACC_0189,3178.92,2026-01-26 02:29:30.479064
TXN_000552,ACC_0203,ACC_0419,2842.66,2026-01-26 02:33:13.540490
TXN_008470,ACC_0316,ACC_0288,2172.08,2026-01-26 02:35:49.954425
TXN_007611,ACC_0292,ACC_0192,4945.09,2026-01-26 02:36:54.544400
TXN_005361,ACC_0381,ACC_0352,1393.15,2026-01-26 02:40:11.227171
TXN_005380,ACC_0362,ACC_0420,4479.61,2026-01-26 02:44:04.862800
TXN_007916,ACC_0314,ACC_0246,1210.64,2026-01-26 02:44:14.013476
TXN_005684,ACC_0455,ACC_0396,2675.53,2026-01-26 03:02:23.718403
TXN_008627,ACC_0117,ACC_0154,3999.01,2026-01-26 03:05:55.457493
TXN_004121,ACC_0331,ACC_0149,4315.44,2026-01-26 03:18:37.636592
TXN_003411,ACC_0298,ACC_0380,837.17,2026-01-26 03:20:14.793540
TXN_003192,ACC_0364,ACC_0177,4455.33,2026-01-26 03:21:50.915820
TXN_004335,ACC_0064,ACC_0135,2503.15,2026-01-26 03:21:59.428240
TXN_000096,ACC_0476,ACC_0474,11053.78,2026-01-26 03:24:39.811541
TXN_002755,ACC_0354,ACC_0430,2595.68,2026-01-26 03:28:28.648927
TXN_008868,ACC_0126,ACC_0196,4926.12,2026-01-26 03:34:03.767376
TXN_001069,ACC_0037,ACC_0082,3260.21,2026-01-26 03:34:31.330266
TXN_009592,ACC_0406,ACC_0371,1369.63,2026-01-26 03:38:13.564321
TXN_003390,ACC_0300,ACC_0384,3509.51,2026-01-26 03:39:24.261818
TXN_004425,ACC_0119,ACC_0238,386.96,2026-01-26 03:39:33.546813
TXN_000816,ACC_0385,ACC_0429,414.94,2026-01-26 03:40:19.313658
TXN_007077,ACC_0055,ACC_0011,3540.7,2026-01-26 03:43:44.582898
TXN_008569,ACC_0450,ACC_0126,1107.92,2026-01-26 03:58:10.126054
TXN_003512,ACC_0462,ACC_0301,488.59,2026-01-26 04:09:56.156682
TXN_004015,ACC_0005,ACC_0411,3082.66,2026-01-26 04:19:29.636360
TXN_005252,ACC_0275,ACC_0183,4496.17,2026-01-26 04:32:38.821157
TXN_008330,ACC_0181,ACC_0003,3158.32,2026-01-26 04:45:51.894953
TXN_009706,ACC_0146,ACC_0228,4876.96,2026-01-26 04:47:39.802896
TXN_008972,ACC_0288,ACC_0087,1857.85,2026-01-26 04:50:09.803337
TXN_006068,ACC_0390,ACC_0458,2487.55,2026-01-26 04:52:24.684630
TXN_000261,ACC_0067,ACC_0494,11676.45,2026-01-26 04:56:24.165010
TXN_005035,ACC_0094,ACC_0239,2953.88,2026-01-26 05:03:07.530447
TXN_002105,ACC_0219,ACC_0108,3136.15,2026-01-26 05:05:01.550984
TXN_008077,ACC_0380,ACC_0024,4411.31,2026-01-26 05:07:10.327969
TXN_005311,ACC_0273,ACC_0172,304.6,2026-01-26 05:08:11.597105
TXN_009398,ACC_0090,ACC_0048,690.33,2026-01-26 05:16:17.209576
TXN_005232,ACC_0266,ACC_0088,4437.51,2026-01-26 05:37:53.294501
TXN_000788,ACC_0274,ACC_0042,1795.15,2026-01-26 05:42:09.945089
TXN_005649,ACC_0203,ACC_0371,2146.35,2026-01-26 05:52:25.671111
TXN_003903,ACC_0075,ACC_0027,786.89,2026-01-26 05:55:29.411886
TXN_000558,ACC_0215,ACC_0341,2401.33,2026-01-26 05:55:52.456986
TXN_005321,ACC_0091,ACC_0345,2935.84,2026-01-26 05:57:52.683960
TXN_008654,ACC_0193,ACC_0247,1238.19,2026-01-26 06:03:32.024176
TXN_009308,ACC_0236,ACC_0336,559.36,2026-01-26 06:03:44.949347
TXN_000262,ACC_0494,ACC_0073,11092.63,2026-01-26 06:08:05.593276
TXN_003843,ACC_0211,ACC_0280,4016.92,2026-01-26 06:20:04.675519
TXN_005674,ACC_0427,ACC_0294,4611.26,2026-01-26 06:22:13.682745
TXN_005045,ACC_0129,ACC_0012,2081.58,2026-01-26 06:23:46.928663
TXN_006520,ACC_0403,ACC_0194,2340.71,2026-01-26 06:23:54.483123
TXN_000532,ACC_0406,ACC_0247,2504.92,2026-01-26 06:30:58.523908
TXN_005141,ACC_0423,ACC_0258,1782.86,2026-01-26 06:34:36.244667
TXN_001013,ACC_0178,ACC_0174,1208.15,2026-01-26 06:52:05.550474
TXN_007394,ACC_0258,ACC_0446,4686.14,2026-01-26 06:52:35.058595
TXN_006846,ACC_0352,ACC_0067,952.42,2026-01-26 06:54:18.607032
TXN_005743,ACC_0187,ACC_0233,4231.22,2026-01-26 07:05:20.337285
TXN_009123,ACC_0375,ACC_0326,3687.75,2026-01-26 07:06:34.357074
TXN_001294,ACC_0089,ACC_0418,1605.22,2026-01-26 07:08:18.633574
TXN_007616,ACC_0247,ACC_0101,2360.86,2026-01-26 07:11:06.325858
TXN_004229,ACC_0310,ACC_0157,3233.49,2026-01-26 07:18:03.448922
TXN_003788,ACC_0072,ACC_0326,1722.52,2026-01-26 07:29:42.744487
TXN_003628,ACC_0087,ACC_0275,1653.78,2026-01-26 07:40:27.754545
TXN_006986,ACC_0233,ACC_0177,1054.51,2026-01-26 07:40:55.925312
TXN_009007,ACC_0363,ACC_0432,1130.78,2026-01-26 07:41:42.232649
TXN_001982,ACC_0134,ACC_0180,2206.17,2026-01-26 07:53:25.205099
TXN_007905,ACC_0091,ACC_0156,3141.17,2026-01-26 07:54:06.911978
TXN_003494,ACC_0093,ACC_0012,2011.44,2026-01-26 07:55:23.290998
TXN_002531,ACC_0101,ACC_0228,4267.13,2026-01-26 08:00:00.503114
TXN_006301,ACC_0263,ACC_0098,4257.95,2026-01-26 08:02:42.305536
TXN_006420,ACC_0131,ACC_0434,4578.21,2026-01-26 08:06:46.049836
TXN_001126,ACC_0148,ACC_0156,3743.8,2026-01-26 08:17:40.422861
TXN_005460,ACC_0373,ACC_0197,3190.39,2026-01-26 08:19:47.193920
TXN_006294,ACC_0099,ACC_0406,1446.25,2026-01-26 08:27:30.031145
TXN_002017,ACC_0053,ACC_0432,3050.26,2026-01-26 08:29:18.697560
TXN_001016,ACC_0028,ACC_0412,2808.52,2026-01-26 08:40:37.241630
TXN_009897,ACC_0428,ACC_0453,4792.35,2026-01-26 08:40:53.327205
TXN_007501,ACC_0264,ACC_0174,3154.55,2026-01-26 08:46:12.273908
TXN_004925,ACC_0099,ACC_0215,3122.59,2026-01-26 08:47:24.431119
TXN_004856,ACC_0411,ACC_0436,1148.77,2026-01-26 08:50:04.417762
TXN_003815,ACC_0288,ACC_0152,3901.0,2026-01-26 08:50:09.163755
TXN_004678,ACC_0330,ACC_0366,3164.62,2026-01-26 08:50:54.668288
TXN_004774,ACC_0422,ACC_0292,3177.93,2026-01-26 08:54:34.599160
TXN_007383,ACC_0397,ACC_0029,4792.54,2026-01-26 08:57:29.440791
TXN_009331,ACC_0394,ACC_0213,4151.12,2026-01-26 08:58:46.657271
TXN_001902,ACC_0146,ACC_0316,3289.09,2026-01-26 09:02:46.693625
TXN_002583,ACC_0022,ACC_0009,3187.55,2026-01-26 09:06:44.008368
TXN_002735,ACC_0380,ACC_0137,1919.9,2026-01-26 09:07:35.362885
TXN_005189,ACC_0383,ACC_0452,794.61,2026-01-26 09:13:23.685705
TXN_003971,ACC_0140,ACC_0428,2455.55,2026-01-26 09:22:20.950899
TXN_005366,ACC_0452,ACC_0099,4384.1,2026-01-26 09:23:54.948882
TXN_005479,ACC_0083,ACC_0409,3348.18,2026-01-26 09:27:20.578754
TXN_001631,ACC_0283,ACC_0117,1079.58,2026-01-26 09:37:55.564885
TXN_008460,ACC_0133,ACC_0356,4589.61,2026-01-26 09:49:54.345354
TXN_005106,ACC_0328,ACC_0145,2131.72,2026-01-26 09:56:05.374113
TXN_001329,ACC_0070,ACC_0116,1292.6,2026-01-26 09:56:27.826540
TXN_004282,ACC_0453,ACC_0467,2666.74,2026-01-26 09:57:48.428521
TXN_000867,ACC_0159,ACC_0067,3305.22,2026-01-26 10:00:26.381935
TXN_005248,ACC_0427,ACC_0117,3595.9,2026-01-26 10:08:16.276033
TXN_002631,ACC_0024,ACC_0213,2582.89,2026-01-26 10:08:23.001103
TXN_008196,ACC_0410,ACC_0396,2906.25,2026-01-26 10:10:13.922725
TXN_003539,ACC_0019,ACC_0091,3218.3,2026-01-26 10:16:32.060156
TXN_002972,ACC_0433,ACC_0446,243.12,2026-01-26 10:23:01.493368
TXN_009068,ACC_0405,ACC_0336,4800.63,2026-01-26 10:27:51.749859
TXN_006394,ACC_0104,ACC_0339,473.89,2026-01-26 10:39:26.805630
TXN_002334,ACC_0234,ACC_0035,2918.5,2026-01-26 10:44:24.133759
TXN_000094,ACC_0475,ACC_0476,14985.75,2026-01-26 10:44:37.617406
TXN_002370,ACC_0372,ACC_0127,1610.02,2026-01-26 10:52:26.981206
TXN_003772,ACC_0205,ACC_0159,3952.83,2026-01-26 10:59:17.910868
TXN_005299,ACC_0055,ACC_0456,2844.16,2026-01-26 11:02:56.182928
TXN_001253,ACC_0394,ACC_0089,3537.21,2026-01-26 11:04:53.453318
TXN_004070,ACC_0444,ACC_0315,3866.96,2026-01-26 11:10:55.937781
TXN_006679,ACC_0021,ACC_0439,647.51,2026-01-26 11:15:49.931341
TXN_008646,ACC_0297,ACC_0121,1338.06,2026-01-26 11:22:16.411949
TXN_006839,ACC_0126,ACC_0345,461.41,2026-01-26 11:23:02.617348
TXN_007812,ACC_0076,ACC_0062,458.89,2026-01-26 11:26:37.655730
TXN_005793,ACC_0207,ACC_0440,3532.06,2026-01-26 11:36:24.697036
TXN_004577,ACC_0242,ACC_0295,4177.58,2026-01-26 11:37:17.762221
TXN_007429,ACC_0352,ACC_0317,1699.49,2026-01-26 11:39:28.450165
TXN_000023,ACC_0485,ACC_0481,8925.91,2026-01-26 11:46:10.067522
TXN_005495,ACC_0374,ACC_0343,4348.27,2026-01-26 11:50:09.673340
TXN_002465,ACC_0043,ACC_0350,3106.7,2026-01-26 11:53:02.797682
TXN_001910,ACC_0240,ACC_0376,2023.89,2026-01-26 12:00:53.055889
TXN_008164,ACC_0449,ACC_0355,4576.79,2026-01-26 12:03:06.647007
TXN_006126,ACC_0133,ACC_0240,771.56,2026-01-26 12:03:23.201909
TXN_000554,ACC_0431,ACC_0046,433.33,2026-01-26 12:03:52.915081
TXN_001912,ACC_0282,ACC_0370,267.18,2026-01-26 12:17:02.370281
TXN_006115,ACC_0348,ACC_0361,352.9,2026-01-26 12:20:28.203635
TXN_006089,ACC_0438,ACC_0426,1873.95,2026-01-26 12:30:34.375120
TXN_004491,ACC_0406,ACC_0206,2725.16,2026-01-26 12:39:28.970841
TXN_001426,ACC_0343,ACC_0230,3064.0,2026-01-26 12:41:51.691603
TXN_009568,ACC_0093,ACC_0037,1765.37,2026-01-26 12:51:30.498668
TXN_004371,ACC_0422,ACC_0002,513.78,2026-01-26 12:53:11.823179
TXN_000633,ACC_0062,ACC_0267,298.21,2026-01-26 12:57:03.363815
TXN_009134,ACC_0248,ACC_0006,4658.56,2026-01-26 13:03:09.356530
TXN_008488,ACC_0226,ACC_0398,815.81,2026-01-26 13:04:19.518858
TXN_008356,ACC_0417,ACC_0415,3256.89,2026-01-26 13:05:15.017781
TXN_008455,ACC_0083,ACC_0387,3490.83,2026-01-26 13:06:39.080252
TXN_008815,ACC_0437,ACC_0257,3435.69,2026-01-26 13:08:18.384327
TXN_003959,ACC_0046,ACC_0379,2103.6,2026-01-26 13:10:25.843845
TXN_000237,ACC_0232,ACC_0492,5627.68,2026-01-26 13:19:55.951517
TXN_009009,ACC_0291,ACC_0406,4548.25,2026-01-26 13:31:26.039901
TXN_000462,ACC_0069,ACC_0084,3417.78,2026-01-26 13:35:08.786792
TXN_003136,ACC_0089,ACC_0097,3622.07,2026-01-26 13:35:26.604991
TXN_005812,ACC_0150,ACC_0094,2027.77,2026-01-26 13:39:08.277344
TXN_004870,ACC_0093,ACC_0269,410.45,2026-01-26 13:47:49.170762
TXN_003182,ACC_0026,ACC_0445,2841.91,2026-01-26 13:47:50.796261
TXN_008576,ACC_0205,ACC_0260,2255.68,2026-01-26 13:56:41.863900
TXN_008518,ACC_0260,ACC_0293,3368.28,2026-01-26 14:02:28.806789
TXN_002216,ACC_0030,ACC_0268,2251.43,2026-01-26 14:08:17.734911
TXN_000238,ACC_0492,ACC_0129,5346.29,2026-01-26 14:08:39.951531
TXN_003514,ACC_0202,ACC_0123,2838.98,2026-01-26 14:09:20.118646
TXN_007546,ACC_0183,ACC_0261,2900.89,2026-01-26 14:10:08.405360
TXN_008800,ACC_0030,ACC_0040,2773.98,2026-01-26 14:13:48.074187
TXN_000884,ACC_0285,ACC_0374,647.23,2026-01-26 14:16:42.606919
TXN_005574,ACC_0115,ACC_0402,4901.23,2026-01-26 14:28:32.504733
TXN_007498,ACC_0154,ACC_0160,809.67,2026-01-26 14:30:57.293927
TXN_006849,ACC_0300,ACC_0158,2434.56,2026-01-26 14:31:19.554034
TXN_009026,ACC_0163,ACC_0057,3172.2,2026-01-26 14:33:17.844011
TXN_007321,ACC_0094,ACC_0355,4271.66,2026-01-26 14:35:46.792080
TXN_008720,ACC_0022,ACC_0327,2510.75,2026-01-26 14:41:24.976040
TXN_002878,ACC_0310,ACC_0228,2934.75,2026-01-26 14:49:19.717624
TXN_002121,ACC_0440,ACC_0234,1366.25,2026-01-26 14:49:46.400783
TXN_009154,ACC_0288,ACC_0314,4706.13,2026-01-26 14:52:42.205943
TXN_005210,ACC_0144,ACC_0321,2622.93,2026-01-26 14:53:42.460969
TXN_007730,ACC_0087,ACC_0222,1034.15,2026-01-26 15:02:14.587041
TXN_008546,ACC_0426,ACC_0405,2066.76,2026-01-26 15:06:48.686778
TXN_008537,ACC_0131,ACC_0225,3284.2,2026-01-26 15:12:14.663154
TXN_002228,ACC_0106,ACC_0140,2559.91,2026-01-26 15:14:43.023380
TXN_009528,ACC_0334,ACC_0159,3379.69,2026-01-26 15:15:38.764447
TXN_002588,ACC_0133,ACC_0439,3463.44,2026-01-26 15:16:16.700063
TXN_001463,ACC_0121,ACC_0470,2074.19,2026-01-26 15:19:21.072195
TXN_006898,ACC_0037,ACC_0402,718.85,2026-01-26 15:29:17.563543
TXN_004637,ACC_0117,ACC_0174,1321.99,2026-01-26 15:29:50.635037
TXN_004803,ACC_0108,ACC_0369,250.52,2026-01-26 15:39:18.739346
TXN_000943,ACC_0446,ACC_0184,1172.98,2026-01-26 15:39:26.225843
TXN_005294,ACC_0464,ACC_0220,4562.18,2026-01-26 15:51:10.517058
TXN_002804,ACC_0204,ACC_0195,4110.96,2026-01-26 15:51:44.230398
TXN_000775,ACC_0343,ACC_0214,4720.63,2026-01-26 15:56:20.888209
TXN_003311,ACC_0262,ACC_0406,3642.26,2026-01-26 15:57:29.776094
TXN_001841,ACC_0215,ACC_0431,3306.79,2026-01-26 16:08:38.663195
TXN_001735,ACC_0329,ACC_0457,1054.17,2026-01-26 16:19:28.905962
TXN_000026,ACC_0476,ACC_0477,10620.43,2026-01-26 16:24:32.906895
TXN_001718,ACC_0318,ACC_0097,3063.7,2026-01-26 16:26:34.678141
TXN_003540,ACC_0159,ACC_0263,2818.01,2026-01-26 16:26:49.167908
TXN_008223,ACC_0139,ACC_0205,4325.86,2026-01-26 16:27:03.413702
TXN_003186,ACC_0019,ACC_0106,3758.97,2026-01-26 16:31:15.477665
TXN_002359,ACC_0182,ACC_0173,4528.33,2026-01-26 16:31:28.455670
TXN_004544,ACC_0448,ACC_0295,4813.69,2026-01-26 16:40:04.225563
TXN_008619,ACC_0012,ACC_0023,1817.74,2026-01-26 16:47:13.180447
TXN_002992,ACC_0063,ACC_0246,729.53,2026-01-26 16:50:01.080165
TXN_007672,ACC_0029,ACC_0178,671.32,2026-01-26 16:55:34.163611
TXN_007699,ACC_0204,ACC_0005,4690.47,2026-01-26 16:57:18.915716
TXN_001312,ACC_0030,ACC_0299,1369.77,2026-01-26 17:01:58.252493
TXN_009368,ACC_0366,ACC_0091,3912.77,2026-01-26 17:08:37.427128
TXN_004494,ACC_0242,ACC_0238,819.89,2026-01-26 17:12:22.231042
TXN_001530,ACC_0468,ACC_0326,4121.4,2026-01-26 17:12:45.366709
TXN_008640,ACC_0259,ACC_0036,1883.43,2026-01-26 17:18:11.371359
TXN_004584,ACC_0364,ACC_0231,4175.94,2026-01-26 17:19:13.454225
TXN_004518,ACC_0015,ACC_0461,2655.04,2026-01-26 17:27:45.564732
TXN_008937,ACC_0426,ACC_0301,224.82,2026-01-26 17:31:44.501456
TXN_009981,ACC_0333,ACC_0070,1093.61,2026-01-26 17:33:47.554417
TXN_005655,ACC_0063,ACC_0325,1038.71,2026-01-26 17:39:11.468604
TXN_009887,ACC_0339,ACC_0082,1759.86,2026-01-26 17:47:53.578286
TXN_006400,ACC_0025,ACC_0325,3505.29,2026-01-26 18:02:45.795658
TXN_004436,ACC_0102,ACC_0391,1139.42,2026-01-26 18:04:07.768264
TXN_003176,ACC_0077,ACC_0135,4833.06,2026-01-26 18:08:09.597522
TXN_006602,ACC_0304,ACC_0029,3923.01,2026-01-26 18:22:44.396101
TXN_005831,ACC_0362,ACC_0224,3082.58,2026-01-26 18:23:39.530882
TXN_003732,ACC_0193,ACC_0450,1447.85,2026-01-26 18:24:40.490538
TXN_009391,ACC_0142,ACC_0391,2625.89,2026-01-26 18:25:27.988021
TXN_007956,ACC_0279,ACC_0150,4902.86,2026-01-26 18:38:26.889536
TXN_006161,ACC_0199,ACC_0153,488.34,2026-01-26 18:56:19.035825
TXN_003289,ACC_0411,ACC_0404,2628.86,2026-01-26 19:04:52.993454
TXN_007556,ACC_0227,ACC_0064,2272.81,2026-01-26 19:08:17.788846
TXN_002090,ACC_0024,ACC_0452,3285.45,2026-01-26 19:09:52.157503
TXN_007818,ACC_0394,ACC_0109,379.85,2026-01-26 19:12:24.418585
TXN_001837,ACC_0383,ACC_0130,1871.4,2026-01-26 19:30:19.288271
TXN_007573,ACC_0325,ACC_0379,4632.64,2026-01-26 19:31:59.879674
TXN_002064,ACC_0231,ACC_0312,4416.48,2026-01-26 19:32:14.439469
TXN_008851,ACC_0316,ACC_0139,3263.48,2026-01-26 19:42:20.284235
TXN_001585,ACC_0120,ACC_0100,3610.52,2026-01-26 19:49:20.840101
TXN_003379,ACC_0049,ACC_0137,1887.18,2026-01-26 19:58:55.155568
TXN_000767,ACC_0282,ACC_0287,1941.64,2026-01-26 20:01:51.678410
TXN_001597,ACC_0119,ACC_0081,1000.12,2026-01-26 20:04:04.484110
TXN_009193,ACC_0108,ACC_0144,2547.43,2026-01-26 20:04:07.689679
TXN_006238,ACC_0407,ACC_0267,2147.1,2026-01-26 20:05:22.460725
TXN_001716,ACC_0454,ACC_0404,4236.05,2026-01-26 20:05:48.616323
TXN_005239,ACC_0142,ACC_0369,2584.16,2026-01-26 20:07:54.024962
TXN_009685,ACC_0030,ACC_0225,3515.89,2026-01-26 20:13:14.329864
TXN_009258,ACC_0086,ACC_0186,4079.13,2026-01-26 20:13:54.384603
TXN_000764,ACC_0257,ACC_0401,559.82,2026-01-26 20:16:47.498692
TXN_004221,ACC_0006,ACC_0055,3320.89,2026-01-26 20:23:21.671216
TXN_006880,ACC_0174,ACC_0053,1582.89,2026-01-26 20:27:20.970985
TXN_009014,ACC_0089,ACC_0033,831.76,2026-01-26 20:33:04.711828
TXN_009089,ACC_0342,ACC_0362,3792.44,2026-01-26 20:38:13.967605
TXN_006014,ACC_0216,ACC_0352,3734.98,2026-01-26 20:39:06.654795
TXN_005671,ACC_0101,ACC_0027,2565.77,2026-01-26 20:40:18.596400
TXN_003073,ACC_0171,ACC_0112,871.02,2026-01-26 20:45:43.179573
TXN_007507,ACC_0108,ACC_0279,523.17,2026-01-26 20:47:19.977237
TXN_007299,ACC_0053,ACC_0226,1639.49,2026-01-26 20:48:29.784467
TXN_006448,ACC_0329,ACC_0368,4912.0,2026-01-26 20:53:03.897001
TXN_005613,ACC_0347,ACC_0443,1669.44,2026-01-26 20:55:51.086784
TXN_000478,ACC_0257,ACC_0070,134.2,2026-01-26 20:55:58.631248
TXN_006065,ACC_0278,ACC_0011,4701.89,2026-01-26 20:56:21.693707
TXN_008913,ACC_0113,ACC_0299,3112.74,2026-01-26 20:56:39.019852
TXN_001447,ACC_0458,ACC_0369,4849.29,2026-01-26 20:59:28.708442
TXN_005693,ACC_0251,ACC_0276,2923.64,2026-01-26 21:02:37.391781
TXN_000495,ACC_0072,ACC_0144,4115.62,2026-01-26 21:11:41.404238
TXN_005549,ACC_0084,ACC_0279,1887.09,2026-01-26 21:17:18.017633
TXN_008894,ACC_0234,ACC_0235,4996.17,2026-01-26 21:19:04.762232
TXN_009329,ACC_0392,ACC_0350,4996.69,2026-01-26 21:21:00.868100
TXN_009660,ACC_0050,ACC_0390,1254.28,2026-01-26 21:23:05.401291
TXN_003536,ACC_0393,ACC_0192,4187.13,2026-01-26 21:28:41.494294
TXN_007446,ACC_0047,ACC_0323,2764.02,2026-01-26 21:30:39.247180
TXN_002864,ACC_0423,ACC_0024,4504.85,2026-01-26 21:38:14.082178
TXN_006923,ACC_0116,ACC_0018,3187.15,2026-01-26 21:41:45.440487
TXN_008035,ACC_0373,ACC_0129,1549.9,2026-01-26 21:43:40.867127
TXN_005933,ACC_0443,ACC_0226,3280.64,2026-01-26 21:47:26.858507
TXN_006837,ACC_0440,ACC_0140,4392.78,2026-01-26 21:47:41.238033
TXN_002137,ACC_0433,ACC_0145,3283.63,2026-01-26 21:48:32.793993
TXN_002509,ACC_0313,ACC_0275,312.04,2026-01-26 21:53:18.263351
TXN_005772,ACC_0225,ACC_0165,3896.94,2026-01-26 21:59:36.919535
TXN_001420,ACC_0134,ACC_0425,983.96,2026-01-26 22:02:46.740793
TXN_001878,ACC_0392,ACC_0235,847.78,2026-01-26 22:05:18.947868
TXN_009857,ACC_0070,ACC_0088,4976.4,2026-01-26 22:07:57.115079
TXN_005245,ACC_0326,ACC_0435,429.21,2026-01-26 22:19:10.249972
TXN_009232,ACC_0316,ACC_0075,4273.69,2026-01-26 22:34:20.961430
TXN_001375,ACC_0077,ACC_0155,3093.56,2026-01-26 22:34:22.034841
TXN_000896,ACC_0343,ACC_0157,2002.0,2026-01-26 22:34:57.224734
TXN_008144,ACC_0299,ACC_0107,418.77,2026-01-26 22:36:57.961423
TXN_005813,ACC_0154,ACC_0093,1156.3,2026-01-26 22:51:10.247458
TXN_009773,ACC_0455,ACC_0034,2641.31,2026-01-26 22:55:36.187722
TXN_001884,ACC_0466,ACC_0350,3564.93,2026-01-26 22:56:58.271042
TXN_006101,ACC_0016,ACC_0454,4045.26,2026-01-26 23:14:54.303662
TXN_004123,ACC_0149,ACC_0421,4717.6,2026-01-26 23:29:36.025457
TXN_002672,ACC_0404,ACC_0136,1572.02,2026-01-26 23:31:16.151266
TXN_003934,ACC_0220,ACC_0308,3987.23,2026-01-26 23:32:22.646176
TXN_009877,ACC_0157,ACC_0057,2173.16,2026-01-26 23:37:01.987238
TXN_009104,ACC_0253,ACC_0207,1027.86,2026-01-26 23:37:11.753278
TXN_007336,ACC_0053,ACC_0074,1661.85,2026-01-26 23:38:53.662824
TXN_002461,ACC_0288,ACC_0027,3883.8,2026-01-26 23:48:09.253114
TXN_001293,ACC_0083,ACC_0384,2102.52,2026-01-26 23:49:54.319127
TXN_001103,ACC_0112,ACC_0199,3999.95,2026-01-26 23:52:20.028426
TXN_008345,ACC_0418,ACC_0340,3840.72,2026-01-26 23:54:44.928413
TXN_007417,ACC_0224,ACC_0100,885.03,2026-01-26 23:59:22.412432
TXN_003123,ACC_0054,ACC_0388,1352.08,2026-01-27 00:03:23.804205
TXN_004168,ACC_0104,ACC_0213,3590.92,2026-01-27 00:11:32.944360
TXN_001339,ACC_0358,ACC_0078,4650.43,2026-01-27 00:12:28.016285
TXN_004654,ACC_0114,ACC_0308,2275.84,2026-01-27 00:13:37.913703
TXN_000397,ACC_0025,ACC_0210,1611.71,2026-01-27 00:22:04.030012
TXN_003132,ACC_0330,ACC_0202,4317.16,2026-01-27 00:26:32.564906
TXN_001087,ACC_0072,ACC_0034,4939.42,2026-01-27 00:27:04.949850
TXN_008106,ACC_0009,ACC_0112,2550.97,2026-01-27 00:29:29.968468
TXN_003448,ACC_0115,ACC_0194,463.18,2026-01-27 00:37:49.672978
TXN_006666,ACC_0022,ACC_0442,4188.47,2026-01-27 00:43:47.447257
TXN_009027,ACC_0285,ACC_0332,3854.88,2026-01-27 00:46:16.877850
TXN_001080,ACC_0453,ACC_0229,2291.32,2026-01-27 00:46:28.311833
TXN_002793,ACC_0227,ACC_0317,3690.13,2026-01-27 00:47:59.981777
TXN_009614,ACC_0293,ACC_0303,4871.72,2026-01-27 00:49:42.565607
TXN_009839,ACC_0439,ACC_0015,3039.43,2026-01-27 00:53:36.831275
TXN_002570,ACC_0402,ACC_0013,1019.38,2026-01-27 00:56:47.015051
TXN_009513,ACC_0383,ACC_0002,3571.53,2026-01-27 01:06:09.511906
TXN_001296,ACC_0022,ACC_0399,2719.02,2026-01-27 01:07:12.313057
TXN_007054,ACC_0358,ACC_0338,2446.22,2026-01-27 01:15:43.656533
TXN_003868,ACC_0012,ACC_0442,2611.62,2026-01-27 01:16:47.080892
TXN_003310,ACC_0058,ACC_0129,4407.39,2026-01-27 01:17:38.597273
TXN_009671,ACC_0455,ACC_0224,1986.45,2026-01-27 01:20:02.599935
TXN_009084,ACC_0003,ACC_0040,1259.23,2026-01-27 01:22:55.247049
TXN_006129,ACC_0396,ACC_0408,4575.76,2026-01-27 01:32:02.019972
TXN_004792,ACC_0281,ACC_0256,3979.08,2026-01-27 01:39:37.225756
TXN_005616,ACC_0358,ACC_0279,3863.01,2026-01-27 01:46:24.324348
TXN_008682,ACC_0139,ACC_0148,4105.77,2026-01-27 02:02:09.658966
TXN_005029,ACC_0244,ACC_0460,2690.61,2026-01-27 02:12:04.160964
TXN_003066,ACC_0306,ACC_0032,3949.59,2026-01-27 02:20:46.909273
TXN_007776,ACC_0048,ACC_0243,1234.1,2026-01-27 02:22:59.473155
TXN_000783,ACC_0394,ACC_0329,4231.25,2026-01-27 02:25:12.505910
TXN_008964,ACC_0249,ACC_0265,3381.03,2026-01-27 02:25:26.785934
TXN_009423,ACC_0091,ACC_0215,3281.23,2026-01-27 02:44:24.058003
TXN_002947,ACC_0413,ACC_0327,1785.27,2026-01-27 02:49:47.636873
TXN_004501,ACC_0420,ACC_0168,1263.44,2026-01-27 02:50:14.460647
TXN_009374,ACC_0233,ACC_0246,3059.95,2026-01-27 03:00:36.173138
TXN_007020,ACC_0231,ACC_0397,4077.05,2026-01-27 03:01:33.268102
TXN_002385,ACC_0196,ACC_0293,3838.64,2026-01-27 03:01:52.676414
TXN_001754,ACC_0322,ACC_0058,2854.46,2026-01-27 03:02:20.170293
TXN_007092,ACC_0269,ACC_0154,1855.29,2026-01-27 03:02:52.463101
TXN_006050,ACC_0348,ACC_0005,492.3,2026-01-27 03:07:12.083853
TXN_008817,ACC_0294,ACC_0306,2652.84,2026-01-27 03:10:10.716608
TXN_001219,ACC_0152,ACC_0122,4710.23,2026-01-27 03:18:44.128634
TXN_006265,ACC_0411,ACC_0007,3927.36,2026-01-27 03:19:28.713248
TXN_000636,ACC_0247,ACC_0158,2228.57,2026-01-27 03:21:25.499135
TXN_003402,ACC_0389,ACC_0119,4098.04,2026-01-27 03:33:15.045152
TXN_003009,ACC_0188,ACC_0060,874.95,2026-01-27 03:33:34.040534
TXN_008702,ACC_0192,ACC_0086,4329.53,2026-01-27 03:35:32.117894
TXN_006854,ACC_0240,ACC_0313,4659.69,2026-01-27 03:37:33.687292
TXN_006458,ACC_0033,ACC_0343,1150.24,2026-01-27 03:38:38.982718
TXN_003358,ACC_0076,ACC_0099,2776.97,2026-01-27 03:39:06.925921
TXN_005306,ACC_0300,ACC_0326,2787.99,2026-01-27 03:44:14.848071
TXN_008187,ACC_0049,ACC_0312,4429.59,2026-01-27 03:45:33.877627
TXN_007618,ACC_0371,ACC_0277,1067.67,2026-01-27 03:47:15.625085
TXN_002442,ACC_0048,ACC_0039,3349.23,2026-01-27 03:49:49.576244
TXN_008090,ACC_0184,ACC_0323,526.13,2026-01-27 03:49:54.849597
TXN_009623,ACC_0019,ACC_0209,1270.34,2026-01-27 03:53:47.483785
TXN_000994,ACC_0328,ACC_0350,3875.82,2026-01-27 04:01:17.403813
TXN_003249,ACC_0134,ACC_0350,1859.09,2026-01-27 04:05:20.316421
TXN_003956,ACC_0180,ACC_0364,2793.6,2026-01-27 04:17:45.377375
TXN_005769,ACC_0283,ACC_0147,758.28,2026-01-27 04:18:06.517604
TXN_007482,ACC_0466,ACC_0127,258.67,2026-01-27 04:22:34.898296
TXN_002600,ACC_0213,ACC_0126,3874.22,2026-01-27 04:25:18.511466
TXN_004921,ACC_0263,ACC_0372,4107.5,2026-01-27 04:31:09.199044
TXN_005186,ACC_0448,ACC_0135,3018.58,2026-01-27 04:36:55.973702
TXN_003602,ACC_0144,ACC_0354,4463.87,2026-01-27 04:42:13.488846
TXN_003837,ACC_0206,ACC_0084,2072.73,2026-01-27 04:44:10.389588
TXN_005765,ACC_0382,ACC_0276,833.54,2026-01-27 04:46:12.534541
TXN_001842,ACC_0110,ACC_0351,3313.6,2026-01-27 04:50:39.087645
TXN_005983,ACC_0072,ACC_0202,1846.82,2026-01-27 04:58:11.439638
TXN_006594,ACC_0253,ACC_0420,4931.68,2026-01-27 05:12:58.196441
TXN_005612,ACC_0080,ACC_0230,762.92,2026-01-27 05:16:01.047931
TXN_007856,ACC_0383,ACC_0068,3428.66,2026-01-27 05:22:39.757906
TXN_006713,ACC_0196,ACC_0439,4998.25,2026-01-27 05:25:19.452331
TXN_004154,ACC_0030,ACC_0280,4010.41,2026-01-27 05:33:28.001025
TXN_002188,ACC_0317,ACC_0012,572.6,2026-01-27 05:43:27.079940
TXN_005084,ACC_0195,ACC_0292,2487.09,2026-01-27 05:48:36.825772
TXN_006001,ACC_0216,ACC_0326,4040.24,2026-01-27 05:49:14.756533
TXN_009791,ACC_0199,ACC_0385,3125.79,2026-01-27 05:53:46.808652
TXN_009527,ACC_0072,ACC_0202,2214.8,2026-01-27 05:56:08.188827
TXN_009792,ACC_0220,ACC_0414,3847.32,2026-01-27 06:13:01.819818
TXN_001794,ACC_0408,ACC_0316,1226.17,2026-01-27 06:17:55.431571
TXN_006649,ACC_0321,ACC_0353,2265.48,2026-01-27 06:25:57.006757
TXN_005268,ACC_0222,ACC_0214,2855.76,2026-01-27 06:26:13.476667
TXN_004866,ACC_0115,ACC_0369,783.26,2026-01-27 06:29:26.783744
TXN_001563,ACC_0113,ACC_0265,2666.9,2026-01-27 06:43:16.904830
TXN_006712,ACC_0090,ACC_0276,3670.61,2026-01-27 06:45:28.118671
TXN_008788,ACC_0170,ACC_0141,734.73,2026-01-27 06:59:34.548516
TXN_007554,ACC_0064,ACC_0354,2946.39,2026-01-27 07:05:06.062356
TXN_008933,ACC_0278,ACC_0318,1900.19,2026-01-27 07:07:19.333422
TXN_003849,ACC_0059,ACC_0284,4201.64,2026-01-27 07:11:27.320333
TXN_004311,ACC_0305,ACC_0042,3825.75,2026-01-27 07:13:07.280606
TXN_001111,ACC_0277,ACC_0050,4401.21,2026-01-27 07:23:08.396092
TXN_006994,ACC_0307,ACC_0220,992.26,2026-01-27 07:29:48.460385
TXN_001544,ACC_0432,ACC_0223,2795.77,2026-01-27 07:30:17.629037
TXN_004266,ACC_0214,ACC_0446,1745.38,2026-01-27 07:30:53.852801
TXN_001268,ACC_0342,ACC_0179,4849.23,2026-01-27 07:32:49.244561
TXN_004211,ACC_0430,ACC_0438,1149.84,2026-01-27 07:34:15.431126
TXN_009407,ACC_0295,ACC_0217,1616.8,2026-01-27 07:36:43.456264
TXN_001590,ACC_0035,ACC_0333,3786.05,2026-01-27 07:37:44.541187
TXN_004872,ACC_0090,ACC_0433,513.22,2026-01-27 07:39:27.838940
TXN_006823,ACC_0286,ACC_0170,3364.44,2026-01-27 07:44:17.332703
TXN_001946,ACC_0030,ACC_0134,1176.72,2026-01-27 07:45:12.526455
TXN_009183,ACC_0331,ACC_0083,3918.34,2026-01-27 07:48:32.257307
TXN_003429,ACC_0009,ACC_0191,2253.0,2026-01-27 07:49:21.143070
TXN_000781,ACC_0125,ACC_0216,3409.68,2026-01-27 07:57:46.012429
TXN_005445,ACC_0202,ACC_0144,172.03,2026-01-27 07:59:41.678783
TXN_009210,ACC_0064,ACC_0179,1516.79,2026-01-27 08:00:03.104689
TXN_002701,ACC_0266,ACC_0467,3895.31,2026-01-27 08:08:48.467818
TXN_006046,ACC_0317,ACC_0182,260.56,2026-01-27 08:08:57.892653
TXN_009862,ACC_0441,ACC_0126,3936.5,2026-01-27 08:14:10.622621
TXN_004760,ACC_0155,ACC_0132,1560.89,2026-01-27 08:20:17.075157
TXN_007381,ACC_0367,ACC_0395,4008.91,2026-01-27 08:23:42.716423
TXN_001602,ACC_0356,ACC_0338,3912.93,2026-01-27 08:37:52.707959
TXN_002558,ACC_0258,ACC_0470,2709.31,2026-01-27 08:42:57.145604
TXN_002707,ACC_0125,ACC_0088,2859.06,2026-01-27 08:48:51.561466
TXN_003757,ACC_0115,ACC_0217,4468.26,2026-01-27 08:49:51.384830
TXN_000003,ACC_0481,ACC_0482,6374.11,2026-01-27 08:51:51.118842
TXN_003796,ACC_0295,ACC_0156,1309.6,2026-01-27 08:58:38.584733
TXN_001819,ACC_0368,ACC_0393,3332.1,2026-01-27 09:01:02.197047
TXN_008485,ACC_0057,ACC_0270,4717.73,2026-01-27 09:04:22.676113
TXN_000977,ACC_0375,ACC_0279,2195.3,2026-01-27 09:05:15.707535
TXN_005081,ACC_0118,ACC_0137,2510.62,2026-01-27 09:07:34.050678
TXN_008147,ACC_0230,ACC_0082,255.69,2026-01-27 09:11:27.270667
TXN_003423,ACC_0211,ACC_0134,2357.13,2026-01-27 09:14:16.378196
TXN_005196,ACC_0141,ACC_0253,2787.03,2026-01-27 09:20:24.289359
TXN_008358,ACC_0059,ACC_0015,801.99,2026-01-27 09:24:39.229863
TXN_003925,ACC_0018,ACC_0273,2303.46,2026-01-27 09:30:00.118200
TXN_005945,ACC_0440,ACC_0137,4701.49,2026-01-27 09:36:28.375373
TXN_002818,ACC_0071,ACC_0274,3870.26,2026-01-27 09:39:06.415556
TXN_002824,ACC_0115,ACC_0117,371.7,2026-01-27 09:40:58.499077
TXN_002978,ACC_0167,ACC_0378,258.28,2026-01-27 09:48:40.775845
TXN_009464,ACC_0120,ACC_0464,2537.21,2026-01-27 09:50:49.230480
TXN_008980,ACC_0127,ACC_0028,4861.91,2026-01-27 09:52:15.436817
TXN_003933,ACC_0441,ACC_0365,4396.01,2026-01-27 09:54:02.534533
TXN_008386,ACC_0284,ACC_0371,1795.3,2026-01-27 10:00:03.829464
TXN_007584,ACC_0233,ACC_0157,1490.32,2026-01-27 10:07:00.406499
TXN_007708,ACC_0260,ACC_0410,815.53,2026-01-27 10:07:05.958466
TXN_002858,ACC_0077,ACC_0333,1223.88,2026-01-27 10:07:27.222631
TXN_006636,ACC_0047,ACC_0009,3083.0,2026-01-27 10:09:01.567951
TXN_001214,ACC_0312,ACC_0057,355.7,2026-01-27 10:10:35.102831
TXN_009315,ACC_0344,ACC_0387,1299.58,2026-01-27 10:12:26.708511
TXN_002350,ACC_0089,ACC_0073,2663.61,2026-01-27 10:20:58.859393
TXN_003511,ACC_0148,ACC_0339,2427.09,2026-01-27 10:24:50.391690
TXN_005548,ACC_0267,ACC_0378,2541.17,2026-01-27 10:28:35.971094
TXN_004098,ACC_0203,ACC_0187,960.25,2026-01-27 10:30:22.682727
TXN_001397,ACC_0151,ACC_0468,4916.45,2026-01-27 10:31:06.830513
TXN_000911,ACC_0441,ACC_0290,963.29,2026-01-27 10:34:27.703272
TXN_005159,ACC_0316,ACC_0231,1608.86,2026-01-27 10:35:07.407943
TXN_003745,ACC_0202,ACC_0063,2770.91,2026-01-27 10:35:10.449313
TXN_007048,ACC_0077,ACC_0428,508.16,2026-01-27 10:37:12.090754
TXN_002450,ACC_0269,ACC_0123,3974.12,2026-01-27 10:40:25.079466
TXN_005572,ACC_0210,ACC_0272,2635.17,2026-01-27 10:49:11.853539
TXN_005419,ACC_0051,ACC_0157,1604.47,2026-01-27 10:52:10.162668
TXN_009243,ACC_0320,ACC_0317,1465.96,2026-01-27 10:54:12.150178
TXN_003649,ACC_0238,ACC_0023,4191.78,2026-01-27 10:57:41.139903
TXN_008374,ACC_0351,ACC_0468,4192.57,2026-01-27 11:00:02.579128
TXN_000654,ACC_0268,ACC_0158,2053.93,2026-01-27 11:08:05.250964
TXN_004987,ACC_0444,ACC_0020,4436.19,2026-01-27 11:10:28.371365
TXN_000657,ACC_0069,ACC_0168,565.0,2026-01-27 11:19:22.411294
TXN_009251,ACC_0469,ACC_0247,3669.95,2026-01-27 11:23:08.498716
TXN_001506,ACC_0006,ACC_0009,2432.06,2026-01-27 11:28:37.087912
TXN_006676,ACC_0227,ACC_0266,222.94,2026-01-27 11:39:03.950819
TXN_008645,ACC_0398,ACC_0126,786.16,2026-01-27 11:39:40.550317
TXN_008262,ACC_0214,ACC_0459,4516.5,2026-01-27 11:41:11.249415
TXN_007075,ACC_0114,ACC_0056,3467.91,2026-01-27 11:44:16.499353
TXN_004860,ACC_0105,ACC_0153,2958.44,2026-01-27 11:44:35.572462
TXN_004690,ACC_0470,ACC_0222,4295.95,2026-01-27 11:45:31.012326
TXN_000521,ACC_0199,ACC_0361,4153.25,2026-01-27 11:48:38.980704
TXN_008797,ACC_0332,ACC_0373,1906.65,2026-01-27 11:50:58.159256
TXN_002172,ACC_0377,ACC_0351,2251.0,2026-01-27 11:51:22.013263
TXN_000641,ACC_0030,ACC_0262,2835.88,2026-01-27 11:53:53.957056
TXN_007382,ACC_0057,ACC_0054,2371.07,2026-01-27 12:09:42.701602
TXN_009312,ACC_0456,ACC_0023,2036.34,2026-01-27 12:24:37.933939
TXN_004659,ACC_0367,ACC_0299,1314.18,2026-01-27 12:24:56.032072
TXN_005712,ACC_0024,ACC_0011,935.84,2026-01-27 12:27:15.860288
TXN_004393,ACC_0248,ACC_0198,1924.59,2026-01-27 12:39:00.075726
TXN_009754,ACC_0195,ACC_0334,3009.61,2026-01-27 12:41:03.737449
TXN_003333,ACC_0459,ACC_0374,1186.01,2026-01-27 12:41:31.614428
TXN_006157,ACC_0116,ACC_0273,297.25,2026-01-27 12:54:30.398853
TXN_002202,ACC_0438,ACC_0412,2280.57,2026-01-27 12:56:02.158023
TXN_002532,ACC_0442,ACC_0270,595.61,2026-01-27 13:02:13.926739
TXN_003595,ACC_0271,ACC_0001,2074.84,2026-01-27 13:05:18.394704
TXN_008083,ACC_0275,ACC_0131,4908.23,2026-01-27 13:05:35.154029
TXN_001847,ACC_0073,ACC_0018,1479.36,2026-01-27 13:08:24.975076
TXN_001915,ACC_0463,ACC_0297,2254.66,2026-01-27 13:09:51.141675
TXN_006433,ACC_0144,ACC_0422,3783.44,2026-01-27 13:10:45.152689
TXN_004084,ACC_0084,ACC_0437,4239.88,2026-01-27 13:13:31.394393
TXN_009771,ACC_0009,ACC_0127,4842.51,2026-01-27 13:20:00.521058
TXN_007986,ACC_0076,ACC_0212,1869.79,2026-01-27 13:26:47.231395
TXN_002530,ACC_0206,ACC_0281,4530.69,2026-01-27 13:38:34.238004
TXN_004736,ACC_0157,ACC_0341,2339.16,2026-01-27 13:38:50.634151
TXN_000040,ACC_0477,ACC_0478,19490.87,2026-01-27 13:39:41.701635
TXN_002444,ACC_0064,ACC_0075,4810.36,2026-01-27 13:42:11.130769
TXN_000492,ACC_0070,ACC_0304,3542.33,2026-01-27 13:44:40.722128
TXN_006882,ACC_0060,ACC_0073,1174.78,2026-01-27 13:46:53.238293
TXN_001860,ACC_0345,ACC_0238,117.61,2026-01-27 13:53:36.457007
TXN_007783,ACC_0108,ACC_0299,3093.32,2026-01-27 13:54:58.412850
TXN_002609,ACC_0384,ACC_0382,306.0,2026-01-27 14:03:11.634124
TXN_006251,ACC_0433,ACC_0104,1856.31,2026-01-27 14:11:37.941836
TXN_001448,ACC_0459,ACC_0001,2092.45,2026-01-27 14:22:10.930085
TXN_001640,ACC_0326,ACC_0393,4715.68,2026-01-27 14:22:56.079782
TXN_006780,ACC_0408,ACC_0140,755.98,2026-01-27 14:23:15.510752
TXN_000937,ACC_0409,ACC_0438,4460.45,2026-01-27 14:25:30.590825
TXN_006351,ACC_0135,ACC_0463,4897.94,2026-01-27 14:26:27.964281
TXN_003207,ACC_0464,ACC_0321,4082.19,2026-01-27 14:29:44.659218
TXN_005578,ACC_0453,ACC_0090,3967.61,2026-01-27 14:34:05.950117
TXN_006593,ACC_0105,ACC_0073,4443.67,2026-01-27 14:42:22.983550
TXN_000016,ACC_0484,ACC_0485,21202.68,2026-01-27 14:42:27.860099
TXN_008444,ACC_0280,ACC_0227,4835.83,2026-01-27 14:44:04.857823
TXN_008458,ACC_0228,ACC_0382,1019.48,2026-01-27 14:56:31.967992
TXN_003446,ACC_0380,ACC_0325,3895.16,2026-01-27 15:03:32.652934
TXN_006939,ACC_0087,ACC_0046,3803.74,2026-01-27 15:06:21.679489
TXN_002176,ACC_0077,ACC_0415,3350.27,2026-01-27 15:11:46.866174
TXN_006316,ACC_0197,ACC_0420,626.81,2026-01-27 15:15:22.453240
TXN_000359,ACC_0353,ACC_0499,10580.06,2026-01-27 15:16:27.250156
TXN_000608,ACC_0402,ACC_0098,1277.31,2026-01-27 15:23:54.314396
TXN_000360,ACC_0499,ACC_0385,10051.06,2026-01-27 15:29:01.972719
TXN_003010,ACC_0258,ACC_0305,3777.75,2026-01-27 15:42:26.086970
TXN_008854,ACC_0413,ACC_0465,1716.24,2026-01-27 16:00:08.836232
TXN_003403,ACC_0357,ACC_0169,1142.95,2026-01-27 16:10:28.641257
TXN_004779,ACC_0052,ACC_0154,738.73,2026-01-27 16:20:34.447502
TXN_003339,ACC_0348,ACC_0448,4459.93,2026-01-27 16:21:09.298448
TXN_000824,ACC_0322,ACC_0341,1921.35,2026-01-27 16:21:55.842409
TXN_003145,ACC_0300,ACC_0055,3453.75,2026-01-27 16:32:49.932272
TXN_002386,ACC_0325,ACC_0214,3442.73,2026-01-27 16:41:07.623553
TXN_004719,ACC_0325,ACC_0366,523.41,2026-01-27 16:45:25.163327
TXN_007900,ACC_0398,ACC_0446,3770.26,2026-01-27 16:49:03.451335
TXN_000480,ACC_0234,ACC_0444,4600.34,2026-01-27 16:50:19.183358
TXN_007792,ACC_0266,ACC_0327,3782.9,2026-01-27 16:52:40.898017
TXN_007109,ACC_0314,ACC_0052,3858.36,2026-01-27 17:01:31.626626
TXN_005219,ACC_0007,ACC_0324,4318.0,2026-01-27 17:04:53.873091
TXN_000415,ACC_0276,ACC_0001,2018.5,2026-01-27 17:05:38.958203
TXN_002943,ACC_0034,ACC_0437,742.75,2026-01-27 17:05:50.058829
TXN_006322,ACC_0270,ACC_0353,660.86,2026-01-27 17:05:55.678076
TXN_000455,ACC_0399,ACC_0389,4209.84,2026-01-27 17:10:38.922863
TXN_005340,ACC_0435,ACC_0209,368.16,2026-01-27 17:11:37.675684
TXN_004604,ACC_0016,ACC_0204,1681.19,2026-01-27 17:12:37.672667
TXN_009790,ACC_0078,ACC_0369,4941.26,2026-01-27 17:27:05.083448
TXN_005546,ACC_0281,ACC_0407,1497.92,2026-01-27 17:33:10.101823
TXN_004834,ACC_0247,ACC_0205,1875.19,2026-01-27 17:35:36.828937
TXN_006411,ACC_0066,ACC_0185,3534.21,2026-01-27 17:35:42.700482
TXN_009961,ACC_0200,ACC_0041,1349.13,2026-01-27 17:37:49.655291
TXN_006840,ACC_0064,ACC_0016,338.37,2026-01-27 17:39:27.974031
TXN_003028,ACC_0374,ACC_0308,4508.36,2026-01-27 17:44:34.303713
TXN_004053,ACC_0284,ACC_0378,2578.82,2026-01-27 17:44:44.917511
TXN_005527,ACC_0115,ACC_0313,3504.01,2026-01-27 17:48:10.771852
TXN_005456,ACC_0424,ACC_0286,2621.2,2026-01-27 17:48:36.203690
TXN_009063,ACC_0180,ACC_0059,3572.07,2026-01-27 18:02:08.884982
TXN_007362,ACC_0368,ACC_0313,1074.53,2026-01-27 18:02:30.955701
TXN_000185,ACC_0305,ACC_0490,14479.57,2026-01-27 18:04:21.741642
TXN_009318,ACC_0265,ACC_0367,3570.53,2026-01-27 18:13:25.897954
TXN_001066,ACC_0115,ACC_0141,845.48,2026-01-27 18:16:15.150922
TXN_004822,ACC_0271,ACC_0144,1861.62,2026-01-27 18:16:37.365006
TXN_006546,ACC_0231,ACC_0464,2181.17,2026-01-27 18:18:09.633490
TXN_001849,ACC_0413,ACC_0338,4114.23,2026-01-27 18:24:10.687942
TXN_000186,ACC_0490,ACC_0115,13755.59,2026-01-27 18:30:09.372930
TXN_005403,ACC_0442,ACC_0223,342.22,2026-01-27 18:30:54.851023
TXN_005201,ACC_0339,ACC_0168,4107.82,2026-01-27 18:33:39.634131
TXN_007801,ACC_0067,ACC_0020,4778.46,2026-01-27 18:40:21.785048
TXN_001180,ACC_0296,ACC_0167,2648.53,2026-01-27 18:42:00.428724
TXN_003596,ACC_0006,ACC_0061,597.98,2026-01-27 18:43:43.400155
TXN_003508,ACC_0163,ACC_0177,2334.39,2026-01-27 18:45:56.689598
TXN_004995,ACC_0077,ACC_0096,4401.52,2026-01-27 18:47:32.230602
TXN_008048,ACC_0243,ACC_0417,4400.71,2026-01-27 18:53:11.591706
TXN_007470,ACC_0047,ACC_0094,2869.25,2026-01-27 18:53:44.441290
TXN_000464,ACC_0470,ACC_0162,2536.22,2026-01-27 18:58:25.627601
TXN_002463,ACC_0071,ACC_0009,1821.04,2026-01-27 18:58:41.822261
TXN_001027,ACC_0391,ACC_0099,4748.22,2026-01-27 18:59:20.046766
TXN_003663,ACC_0468,ACC_0234,3416.33,2026-01-27 19:02:32.677436
TXN_009939,ACC_0417,ACC_0087,3488.42,2026-01-27 19:03:26.880015
TXN_005205,ACC_0001,ACC_0209,621.45,2026-01-27 19:10:19.844679
TXN_006574,ACC_0214,ACC_0129,4048.04,2026-01-27 19:10:59.611388
TXN_006924,ACC_0357,ACC_0316,3542.23,2026-01-27 19:18:39.551694
TXN_009807,ACC_0443,ACC_0434,4077.67,2026-01-27 19:22:16.366891
TXN_007607,ACC_0016,ACC_0031,3317.11,2026-01-27 19:22:26.584738
TXN_008452,ACC_0092,ACC_0108,530.68,2026-01-27 19:23:11.085091
TXN_008165,ACC_0341,ACC_0390,2172.95,2026-01-27 19:30:57.378946
TXN_004419,ACC_0128,ACC_0409,729.73,2026-01-27 19:34:01.872135
TXN_001328,ACC_0146,ACC_0261,111.71,2026-01-27 19:35:30.301233
TXN_000957,ACC_0217,ACC_0090,4893.4,2026-01-27 19:36:16.024630
TXN_003687,ACC_0045,ACC_0182,3797.07,2026-01-27 19:44:23.382439
TXN_004474,ACC_0466,ACC_0271,1198.96,2026-01-27 19:45:23.125534
TXN_003340,ACC_0439,ACC_0207,4170.92,2026-01-27 19:47:17.365719
TXN_007061,ACC_0448,ACC_0047,1651.08,2026-01-27 19:47:48.608237
TXN_008344,ACC_0284,ACC_0246,3679.08,2026-01-27 19:50:02.259329
TXN_005089,ACC_0169,ACC_0430,2752.05,2026-01-27 19:57:10.385330
TXN_001898,ACC_0282,ACC_0442,2554.33,2026-01-27 19:58:22.882935
TXN_000410,ACC_0044,ACC_0201,4741.24,2026-01-27 20:01:49.817435
TXN_004610,ACC_0177,ACC_0393,415.67,2026-01-27 20:03:11.390945
TXN_007266,ACC_0175,ACC_0211,1410.43,2026-01-27 20:14:14.889666
TXN_008660,ACC_0126,ACC_0161,2866.61,2026-01-27 20:16:34.357398
TXN_008992,ACC_0208,ACC_0027,887.28,2026-01-27 20:21:02.348747
TXN_006565,ACC_0320,ACC_0461,4290.91,2026-01-27 20:21:17.705654
TXN_003224,ACC_0178,ACC_0394,358.92,2026-01-27 20:22:34.223899
TXN_002167,ACC_0338,ACC_0084,2804.65,2026-01-27 20:23:58.260254
TXN_000042,ACC_0478,ACC_0479,10603.76,2026-01-27 20:26:16.365294
TXN_003945,ACC_0184,ACC_0064,4755.38,2026-01-27 20:26:21.844957
TXN_009246,ACC_0424,ACC_0062,4477.93,2026-01-27 20:27:50.475110
TXN_008333,ACC_0038,ACC_0255,4542.37,2026-01-27 20:28:32.189704
TXN_009275,ACC_0307,ACC_0084,3262.9,2026-01-27 20:29:00.903784
TXN_004323,ACC_0160,ACC_0322,4381.25,2026-01-27 20:31:03.526789
TXN_003644,ACC_0377,ACC_0397,2924.92,2026-01-27 20:35:43.484171
TXN_009978,ACC_0448,ACC_0158,3003.44,2026-01-27 20:40:21.780547
TXN_009823,ACC_0111,ACC_0099,3916.71,2026-01-27 20:40:40.149761
TXN_001741,ACC_0066,ACC_0310,2459.82,2026-01-27 20:45:29.035993
TXN_002940,ACC_0255,ACC_0153,725.16,2026-01-27 20:51:06.923451
TXN_002688,ACC_0286,ACC_0008,2356.26,2026-01-27 20:51:34.139457
TXN_003871,ACC_0163,ACC_0306,1056.46,2026-01-27 20:53:41.080699
TXN_002606,ACC_0309,ACC_0180,2232.64,2026-01-27 20:54:04.407929
TXN_002153,ACC_0056,ACC_0245,1992.67,2026-01-27 20:59:23.681490
TXN_007974,ACC_0173,ACC_0467,3715.24,2026-01-27 21:07:54.479707
TXN_006728,ACC_0370,ACC_0036,3417.11,2026-01-27 21:08:18.006280
TXN_001798,ACC_0420,ACC_0163,4939.22,2026-01-27 21:09:58.125051
TXN_009665,ACC_0402,ACC_0154,2096.96,2026-01-27 21:18:49.511271
TXN_002851,ACC_0226,ACC_0209,2866.57,2026-01-27 21:28:11.641285
TXN_008302,ACC_0331,ACC_0113,1977.26,2026-01-27 21:52:44.619889
TXN_008986,ACC_0084,ACC_0184,4196.22,2026-01-27 21:53:29.208547
TXN_009544,ACC_0372,ACC_0393,731.76,2026-01-27 21:55:49.033128
TXN_007924,ACC_0165,ACC_0412,569.4,2026-01-27 22:01:56.022883
TXN_006075,ACC_0134,ACC_0064,2152.44,2026-01-27 22:09:15.400075
TXN_008323,ACC_0202,ACC_0278,4165.38,2026-01-27 22:09:39.617558
TXN_000293,ACC_0042,ACC_0495,14885.2,2026-01-27 22:22:41.421345
TXN_000635,ACC_0340,ACC_0160,1801.49,2026-01-27 22:42:06.733915
TXN_001290,ACC_0406,ACC_0244,3041.13,2026-01-27 22:43:50.737438
TXN_002420,ACC_0405,ACC_0295,316.7,2026-01-27 22:46:37.282153
TXN_005391,ACC_0329,ACC_0159,4789.47,2026-01-27 22:50:03.352543
TXN_005820,ACC_0114,ACC_0284,3184.33,2026-01-27 22:54:06.359496
TXN_004748,ACC_0447,ACC_0382,3526.24,2026-01-27 22:56:05.118685
TXN_002579,ACC_0237,ACC_0078,597.6,2026-01-27 22:59:39.240018
TXN_003972,ACC_0084,ACC_0348,2192.16,2026-01-27 23:03:22.626416
TXN_001258,ACC_0210,ACC_0300,3062.29,2026-01-27 23:10:06.391632
TXN_005110,ACC_0048,ACC_0093,4975.68,2026-01-27 23:12:13.917559
TXN_000294,ACC_0495,ACC_0010,14140.94,2026-01-27 23:19:35.206216
TXN_005163,ACC_0376,ACC_0305,2899.74,2026-01-27 23:20:11.822194
TXN_008049,ACC_0395,ACC_0353,1110.29,2026-01-27 23:37:25.436593
TXN_007926,ACC_0318,ACC_0074,4953.68,2026-01-27 23:38:29.735853
TXN_001330,ACC_0016,ACC_0467,2006.63,2026-01-27 23:44:38.500323
TXN_001872,ACC_0446,ACC_0362,2951.72,2026-01-27 23:47:38.847857
TXN_009427,ACC_0397,ACC_0429,3683.1,2026-01-27 23:49:04.481087
TXN_007038,ACC_0300,ACC_0402,1264.48,2026-01-28 00:03:17.764982
TXN_001947,ACC_0022,ACC_0274,480.64,2026-01-28 00:04:56.500745
TXN_000263,ACC_0404,ACC_0494,5260.74,2026-01-28 00:04:59.815182
TXN_001029,ACC_0027,ACC_0235,4591.31,2026-01-28 00:15:00.947376
TXN_003876,ACC_0150,ACC_0019,3138.95,2026-01-28 00:16:53.716111
TXN_007690,ACC_0152,ACC_0177,4723.1,2026-01-28 00:17:05.752812
TXN_003570,ACC_0457,ACC_0159,1968.1,2026-01-28 00:19:54.775997
TXN_006215,ACC_0450,ACC_0178,3089.19,2026-01-28 00:20:29.459653
TXN_007539,ACC_0393,ACC_0281,3906.16,2026-01-28 00:23:52.813130
TXN_000264,ACC_0494,ACC_0261,4997.7,2026-01-28 00:29:32.185515
TXN_004914,ACC_0439,ACC_0095,4644.62,2026-01-28 00:29:44.330717
TXN_009539,ACC_0106,ACC_0435,2159.98,2026-01-28 00:32:10.215608
TXN_008390,ACC_0244,ACC_0060,2274.45,2026-01-28 00:32:28.629047
TXN_001428,ACC_0259,ACC_0409,138.22,2026-01-28 00:34:07.740993
TXN_004442,ACC_0320,ACC_0312,2337.58,2026-01-28 00:39:04.427553
TXN_003112,ACC_0287,ACC_0314,3004.3,2026-01-28 00:41:45.755325
TXN_009953,ACC_0303,ACC_0444,1526.31,2026-01-28 00:42:14.484805
TXN_009279,ACC_0279,ACC_0457,4791.05,2026-01-28 00:42:35.141705
TXN_002470,ACC_0243,ACC_0051,4340.6,2026-01-28 00:42:57.577596
TXN_000853,ACC_0180,ACC_0389,2555.37,2026-01-28 00:47:22.143609
TXN_008408,ACC_0002,ACC_0018,3209.43,2026-01-28 00:49:24.061800
TXN_005343,ACC_0130,ACC_0322,4371.36,2026-01-28 00:49:42.626910
TXN_007610,ACC_0243,ACC_0375,1193.56,2026-01-28 00:53:00.902791
TXN_002550,ACC_0112,ACC_0069,3176.04,2026-01-28 00:56:53.647145
TXN_001669,ACC_0035,ACC_0333,4453.42,2026-01-28 00:58:06.647844
TXN_002673,ACC_0286,ACC_0391,958.83,2026-01-28 01:00:09.239811
TXN_006657,ACC_0106,ACC_0415,1581.54,2026-01-28 01:02:19.236974
TXN_006136,ACC_0020,ACC_0364,831.88,2026-01-28 01:04:09.480699
TXN_003031,ACC_0208,ACC_0232,4650.64,2026-01-28 01:07:16.262252
TXN_000377,ACC_0183,ACC_0500,11944.28,2026-01-28 01:19:24.421055
TXN_001502,ACC_0457,ACC_0218,3557.3,2026-01-28 01:21:15.404613
TXN_000321,ACC_0416,ACC_0497,14193.45,2026-01-28 01:23:21.039449
TXN_000530,ACC_0342,ACC_0433,2840.22,2026-01-28 01:25:07.268368
TXN_000087,ACC_0474,ACC_0475,5863.98,2026-01-28 01:33:26.087580
TXN_008482,ACC_0056,ACC_0325,3529.6,2026-01-28 01:36:22.950463
TXN_004452,ACC_0331,ACC_0430,1649.66,2026-01-28 01:41:28.142634
TXN_005354,ACC_0447,ACC_0318,1101.07,2026-01-28 01:42:26.911183
TXN_006580,ACC_0214,ACC_0129,710.06,2026-01-28 01:47:11.755314
TXN_003769,ACC_0452,ACC_0139,2178.82,2026-01-28 01:49:36.461577
TXN_004623,ACC_0243,ACC_0464,2351.69,2026-01-28 01:53:57.654891
TXN_001677,ACC_0167,ACC_0337,717.61,2026-01-28 02:05:08.501118
TXN_002533,ACC_0091,ACC_0040,2413.99,2026-01-28 02:08:36.753635
TXN_006158,ACC_0366,ACC_0250,222.06,2026-01-28 02:10:02.766908
TXN_005534,ACC_0319,ACC_0235,4292.77,2026-01-28 02:10:41.029581
TXN_008542,ACC_0044,ACC_0270,2139.05,2026-01-28 02:12:04.947101
TXN_008043,ACC_0121,ACC_0298,990.42,2026-01-28 02:19:03.432443
TXN_000378,ACC_0500,ACC_0155,11347.07,2026-01-28 02:21:07.468603
TXN_009980,ACC_0008,ACC_0386,1977.43,2026-01-28 02:24:34.532625
TXN_007369,ACC_0312,ACC_0466,4442.63,2026-01-28 02:24:57.032200
TXN_008643,ACC_0376,ACC_0330,4728.73,2026-01-28 02:25:09.112548
TXN_001450,ACC_0397,ACC_0196,550.72,2026-01-28 02:26:18.810923
TXN_008681,ACC_0049,ACC_0325,1604.01,2026-01-28 02:27:40.096584
TXN_000322,ACC_0497,ACC_0429,13483.78,2026-01-28 02:32:06.202954
TXN_001362,ACC_0051,ACC_0163,1945.39,2026-01-28 02:33:28.853056
TXN_003094,ACC_0365,ACC_0214,4098.21,2026-01-28 02:38:01.734800
TXN_007360,ACC_0251,ACC_0062,4002.22,2026-01-28 02:50:15.017166
TXN_007866,ACC_0248,ACC_0324,2403.99,2026-01-28 03:13:01.898009
TXN_008739,ACC_0338,ACC_0230,1629.64,2026-01-28 03:14:43.844996
TXN_008522,ACC_0091,ACC_0054,1243.92,2026-01-28 03:14:53.965248
TXN_008866,ACC_0389,ACC_0388,3070.63,2026-01-28 03:16:04.335435
TXN_009191,ACC_0158,ACC_0400,1876.95,2026-01-28 03:18:02.328872
TXN_005414,ACC_0316,ACC_0013,2937.64,2026-01-28 03:26:24.070566
TXN_003582,ACC_0082,ACC_0137,4629.13,2026-01-28 03:39:46.602976
TXN_001151,ACC_0171,ACC_0307,3797.95,2026-01-28 03:43:13.575299
TXN_003851,ACC_0366,ACC_0076,671.37,2026-01-28 03:44:16.702888
TXN_006122,ACC_0073,ACC_0221,390.09,2026-01-28 03:44:56.398205
TXN_003884,ACC_0216,ACC_0114,2799.4,2026-01-28 03:48:31.796273
TXN_009498,ACC_0157,ACC_0248,4230.47,2026-01-28 03:51:42.664300
TXN_001863,ACC_0048,ACC_0028,765.7,2026-01-28 03:52:42.186386
TXN_005577,ACC_0239,ACC_0103,1258.47,2026-01-28 03:54:13.233859
TXN_008152,ACC_0326,ACC_0158,4412.0,2026-01-28 03:59:08.790315
TXN_002608,ACC_0239,ACC_0357,405.59,2026-01-28 04:12:44.449215
TXN_006523,ACC_0342,ACC_0439,1739.09,2026-01-28 04:12:44.896475
TXN_004261,ACC_0309,ACC_0180,4097.78,2026-01-28 04:17:46.914100
TXN_003863,ACC_0191,ACC_0305,2715.24,2026-01-28 04:20:10.618510
TXN_005502,ACC_0313,ACC_0090,2229.12,2026-01-28 04:22:21.288283
TXN_000471,ACC_0113,ACC_0423,2910.9,2026-01-28 04:25:35.646936
TXN_009363,ACC_0073,ACC_0084,2937.98,2026-01-28 04:29:53.581700
TXN_006573,ACC_0055,ACC_0315,2841.78,2026-01-28 04:33:49.630993
TXN_005650,ACC_0469,ACC_0184,186.6,2026-01-28 04:33:53.068833
TXN_009095,ACC_0415,ACC_0095,453.87,2026-01-28 04:42:18.736122
TXN_000833,ACC_0207,ACC_0342,2394.45,2026-01-28 04:44:19.608881
TXN_009410,ACC_0249,ACC_0170,3074.66,2026-01-28 04:53:33.708175
TXN_006255,ACC_0294,ACC_0284,2985.75,2026-01-28 04:58:30.443714
TXN_003698,ACC_0186,ACC_0079,2244.08,2026-01-28 04:59:35.176137
TXN_008150,ACC_0252,ACC_0417,3757.35,2026-01-28 04:59:43.001164
TXN_000582,ACC_0188,ACC_0033,4124.01,2026-01-28 05:02:22.511258
TXN_000223,ACC_0048,ACC_0492,13342.12,2026-01-28 05:03:52.638573
TXN_004343,ACC_0323,ACC_0239,4438.09,2026-01-28 05:05:22.065393
TXN_005222,ACC_0316,ACC_0401,1273.9,2026-01-28 05:05:51.213312
TXN_009742,ACC_0329,ACC_0087,3100.96,2026-01-28 05:09:12.675429
TXN_002726,ACC_0392,ACC_0334,162.37,2026-01-28 05:11:06.172631
TXN_009033,ACC_0010,ACC_0240,1054.58,2026-01-28 05:11:41.003473
TXN_008536,ACC_0305,ACC_0006,2227.19,2026-01-28 05:13:31.061495
TXN_006660,ACC_0398,ACC_0373,4010.65,2026-01-28 05:16:34.697880
TXN_007141,ACC_0175,ACC_0215,1394.37,2026-01-28 05:24:49.061730
TXN_005204,ACC_0398,ACC_0323,2931.61,2026-01-28 05:29:24.510328
TXN_005538,ACC_0014,ACC_0113,2039.74,2026-01-28 05:49:14.282565
TXN_000224,ACC_0492,ACC_0353,12675.01,2026-01-28 05:52:05.148059
TXN_004194,ACC_0212,ACC_0037,3982.41,2026-01-28 05:52:19.030332
TXN_007813,ACC_0144,ACC_0420,4694.51,2026-01-28 06:01:24.226296
TXN_002357,ACC_0290,ACC_0340,4649.74,2026-01-28 06:04:18.710123
TXN_001549,ACC_0299,ACC_0410,2488.02,2026-01-28 06:04:58.580153
TXN_007044,ACC_0271,ACC_0341,4948.51,2026-01-28 06:09:18.365312
TXN_008241,ACC_0431,ACC_0004,1530.86,2026-01-28 06:16:56.236112
TXN_007624,ACC_0073,ACC_0454,998.82,2026-01-28 06:16:56.510971
TXN_003300,ACC_0199,ACC_0421,3866.74,2026-01-28 06:22:35.800766
TXN_005829,ACC_0379,ACC_0313,358.79,2026-01-28 06:27:04.536295
TXN_004781,ACC_0289,ACC_0093,360.29,2026-01-28 06:34:11.502509
TXN_007723,ACC_0369,ACC_0455,916.51,2026-01-28 06:36:54.239172
TXN_008835,ACC_0369,ACC_0032,1325.55,2026-01-28 06:42:33.519917
TXN_006250,ACC_0300,ACC_0341,2637.63,2026-01-28 06:48:15.152849
TXN_003634,ACC_0287,ACC_0236,3705.53,2026-01-28 06:50:10.796988
TXN_003970,ACC_0361,ACC_0099,1360.96,2026-01-28 06:51:05.972117
TXN_001133,ACC_0312,ACC_0138,2010.24,2026-01-28 06:56:22.289886
TXN_004804,ACC_0008,ACC_0262,1577.62,2026-01-28 06:57:19.154907
TXN_004132,ACC_0292,ACC_0376,4905.61,2026-01-28 07:13:30.295181
TXN_008023,ACC_0250,ACC_0191,4887.49,2026-01-28 07:15:52.883111
TXN_009533,ACC_0288,ACC_0083,729.87,2026-01-28 07:19:27.154554
TXN_002110,ACC_0263,ACC_0292,4352.41,2026-01-28 07:21:31.916662
TXN_009171,ACC_0364,ACC_0080,3570.38,2026-01-28 07:24:29.023236
TXN_002932,ACC_0292,ACC_0118,1261.22,2026-01-28 07:30:03.879166
TXN_004746,ACC_0091,ACC_0222,3345.91,2026-01-28 07:30:41.039694
TXN_008112,ACC_0443,ACC_0297,451.63,2026-01-28 07:30:47.099554
TXN_005441,ACC_0046,ACC_0446,1170.18,2026-01-28 07:39:56.099264
TXN_009565,ACC_0431,ACC_0054,1557.89,2026-01-28 07:40:35.482143
TXN_005764,ACC_0450,ACC_0290,2504.57,2026-01-28 07:40:42.455893
TXN_001467,ACC_0184,ACC_0105,2378.47,2026-01-28 07:41:15.940287
TXN_006311,ACC_0113,ACC_0047,2780.06,2026-01-28 07:42:58.902633
TXN_002681,ACC_0396,ACC_0177,487.8,2026-01-28 07:44:40.649587
TXN_001836,ACC_0128,ACC_0257,1886.91,2026-01-28 07:58:30.708762
TXN_005302,ACC_0058,ACC_0268,2408.77,2026-01-28 07:58:51.491807
TXN_001582,ACC_0182,ACC_0183,2998.13,2026-01-28 08:04:51.135826
TXN_007331,ACC_0016,ACC_0388,2449.66,2026-01-28 08:05:31.875255
TXN_003124,ACC_0339,ACC_0404,3472.15,2026-01-28 08:12:09.078805
TXN_009389,ACC_0344,ACC_0216,4371.52,2026-01-28 08:15:50.229001
TXN_000297,ACC_0235,ACC_0495,5916.53,2026-01-28 08:19:44.628812
TXN_002186,ACC_0161,ACC_0199,3256.73,2026-01-28 08:20:34.784557
TXN_005958,ACC_0231,ACC_0404,2809.0,2026-01-28 08:20:48.671461
TXN_009704,ACC_0444,ACC_0203,3098.06,2026-01-28 08:24:00.332936
TXN_007966,ACC_0116,ACC_0115,4393.97,2026-01-28 08:36:38.038495
TXN_003453,ACC_0079,ACC_0260,573.16,2026-01-28 08:40:07.569937
TXN_007310,ACC_0015,ACC_0277,3451.06,2026-01-28 08:43:58.586455
TXN_007566,ACC_0164,ACC_0002,864.56,2026-01-28 08:44:16.670690
TXN_008392,ACC_0257,ACC_0265,1272.1,2026-01-28 08:51:03.319364
TXN_004575,ACC_0400,ACC_0107,2856.27,2026-01-28 08:51:52.569142
TXN_004457,ACC_0100,ACC_0142,3048.66,2026-01-28 09:03:22.075556
TXN_006847,ACC_0084,ACC_0467,4819.91,2026-01-28 09:05:43.752255
TXN_000576,ACC_0380,ACC_0205,3001.77,2026-01-28 09:07:14.380341
TXN_006514,ACC_0383,ACC_0092,2977.26,2026-01-28 09:09:48.193682
TXN_000298,ACC_0495,ACC_0399,5620.7,2026-01-28 09:11:17.515164
TXN_004819,ACC_0078,ACC_0331,3777.57,2026-01-28 09:15:11.638289
TXN_001599,ACC_0007,ACC_0416,1970.13,2026-01-28 09:15:32.312144
TXN_003168,ACC_0388,ACC_0339,1194.6,2026-01-28 09:26:42.099447
TXN_003272,ACC_0171,ACC_0043,3180.49,2026-01-28 09:28:23.872495
TXN_004959,ACC_0349,ACC_0430,2247.9,2026-01-28 09:28:58.590132
TXN_008840,ACC_0324,ACC_0054,1172.48,2026-01-28 09:31:13.176747
TXN_004202,ACC_0066,ACC_0283,2282.47,2026-01-28 09:32:17.530691
TXN_003361,ACC_0286,ACC_0354,3186.57,2026-01-28 09:47:39.367079
TXN_006258,ACC_0250,ACC_0189,4538.82,2026-01-28 09:55:14.638939
TXN_009304,ACC_0242,ACC_0160,3139.7,2026-01-28 09:58:41.253769
TXN_000724,ACC_0004,ACC_0287,2417.26,2026-01-28 09:59:19.942966
TXN_004705,ACC_0336,ACC_0070,3927.2,2026-01-28 10:00:51.785309
TXN_006228,ACC_0251,ACC_0294,2164.73,2026-01-28 10:00:55.494242
TXN_005206,ACC_0339,ACC_0039,424.64,2026-01-28 10:13:17.496252
TXN_006822,ACC_0465,ACC_0402,3075.85,2026-01-28 10:14:16.929380
TXN_000079,ACC_0475,ACC_0471,8860.34,2026-01-28 10:16:00.319723
TXN_000687,ACC_0143,ACC_0235,2654.79,2026-01-28 10:25:44.566241
TXN_001131,ACC_0133,ACC_0067,4446.07,2026-01-28 10:29:10.158282
TXN_005160,ACC_0279,ACC_0415,3489.7,2026-01-28 10:33:08.761866
TXN_002622,ACC_0401,ACC_0071,3157.98,2026-01-28 10:34:04.585282
TXN_007486,ACC_0282,ACC_0196,4102.7,2026-01-28 10:35:06.754148
TXN_007432,ACC_0057,ACC_0037,140.84,2026-01-28 10:37:30.708419
TXN_001978,ACC_0389,ACC_0306,1421.02,2026-01-28 10:56:48.061970
TXN_007181,ACC_0107,ACC_0118,4364.03,2026-01-28 11:03:33.916027
TXN_009286,ACC_0041,ACC_0308,4844.81,2026-01-28 11:03:56.193150
TXN_003378,ACC_0090,ACC_0324,1676.43,2026-01-28 11:04:37.615753
TXN_001245,ACC_0400,ACC_0406,2198.85,2026-01-28 11:04:57.311751
TXN_006466,ACC_0122,ACC_0388,3467.37,2026-01-28 11:08:02.269061
TXN_001695,ACC_0077,ACC_0464,889.35,2026-01-28 11:11:22.307579
TXN_007265,ACC_0167,ACC_0040,729.4,2026-01-28 11:11:57.111872
TXN_002354,ACC_0144,ACC_0423,1912.79,2026-01-28 11:13:29.851086
TXN_004060,ACC_0022,ACC_0114,2437.22,2026-01-28 11:14:51.023832
TXN_009720,ACC_0017,ACC_0325,3149.77,2026-01-28 11:16:14.303527
TXN_008247,ACC_0148,ACC_0145,1763.8,2026-01-28 11:16:43.818027
TXN_003196,ACC_0295,ACC_0318,4838.3,2026-01-28 11:17:48.583670
TXN_009837,ACC_0185,ACC_0453,3071.74,2026-01-28 11:18:27.580452
TXN_005454,ACC_0319,ACC_0182,4983.09,2026-01-28 11:20:38.345589
TXN_008255,ACC_0423,ACC_0192,2023.24,2026-01-28 11:23:05.089990
TXN_008903,ACC_0372,ACC_0015,3482.36,2026-01-28 11:24:43.772359
TXN_008766,ACC_0426,ACC_0400,4225.0,2026-01-28 11:28:10.917945
TXN_007320,ACC_0233,ACC_0323,3563.6,2026-01-28 11:30:41.940240
TXN_007173,ACC_0004,ACC_0012,808.07,2026-01-28 11:30:46.458232
TXN_001373,ACC_0378,ACC_0381,701.61,2026-01-28 11:32:50.905504
TXN_002529,ACC_0389,ACC_0161,3636.31,2026-01-28 11:33:50.592456
TXN_004815,ACC_0340,ACC_0144,328.66,2026-01-28 11:36:43.944521
TXN_004234,ACC_0318,ACC_0423,628.99,2026-01-28 11:42:54.487209
TXN_009185,ACC_0035,ACC_0466,1130.07,2026-01-28 11:44:54.849432
TXN_007305,ACC_0215,ACC_0250,3258.52,2026-01-28 11:45:44.799930
TXN_001706,ACC_0194,ACC_0327,2691.41,2026-01-28 11:46:40.301199
TXN_001722,ACC_0189,ACC_0248,2658.12,2026-01-28 11:49:34.634247
TXN_001989,ACC_0018,ACC_0095,240.34,2026-01-28 11:51:50.383497
TXN_006481,ACC_0408,ACC_0294,4843.24,2026-01-28 11:52:23.552199
TXN_009941,ACC_0210,ACC_0091,173.69,2026-01-28 11:54:49.930920
TXN_004611,ACC_0348,ACC_0382,2483.05,2026-01-28 12:04:22.200380
TXN_008175,ACC_0027,ACC_0405,1773.4,2026-01-28 12:15:15.698704
TXN_002440,ACC_0365,ACC_0380,3589.66,2026-01-28 12:16:32.474400
TXN_006865,ACC_0193,ACC_0072,2315.72,2026-01-28 12:21:18.062550
TXN_005766,ACC_0228,ACC_0285,3020.14,2026-01-28 12:24:29.379343
TXN_002545,ACC_0330,ACC_0196,4247.38,2026-01-28 12:35:17.609940
TXN_001095,ACC_0174,ACC_0185,1935.38,2026-01-28 12:35:26.728757
TXN_008091,ACC_0469,ACC_0401,2036.91,2026-01-28 12:41:48.839543
TXN_006967,ACC_0249,ACC_0134,1781.28,2026-01-28 12:42:29.537642
TXN_001655,ACC_0202,ACC_0421,2675.66,2026-01-28 12:43:19.809071
TXN_006130,ACC_0098,ACC_0148,4679.57,2026-01-28 13:09:57.515827
TXN_004989,ACC_0095,ACC_0075,925.83,2026-01-28 13:18:44.695151
TXN_004158,ACC_0021,ACC_0257,350.06,2026-01-28 13:19:55.456570
TXN_000617,ACC_0465,ACC_0321,4969.96,2026-01-28 13:37:24.236187
TXN_001278,ACC_0339,ACC_0154,1330.16,2026-01-28 13:42:43.358271
TXN_005926,ACC_0466,ACC_0093,3427.3,2026-01-28 13:45:37.316423
TXN_006697,ACC_0301,ACC_0123,2520.83,2026-01-28 13:51:45.291717
TXN_000063,ACC_0472,ACC_0473,9126.84,2026-01-28 13:53:08.213368
TXN_002723,ACC_0316,ACC_0057,4833.05,2026-01-28 13:56:33.349889
TXN_004787,ACC_0410,ACC_0273,515.76,2026-01-28 13:59:31.479057
TXN_005724,ACC_0096,ACC_0318,1837.12,2026-01-28 14:09:29.166767
TXN_009262,ACC_0255,ACC_0121,171.35,2026-01-28 14:22:48.349716
TXN_003117,ACC_0319,ACC_0036,4799.55,2026-01-28 14:23:33.237050
TXN_008016,ACC_0340,ACC_0254,4314.76,2026-01-28 14:30:07.719541
TXN_004062,ACC_0452,ACC_0254,1849.73,2026-01-28 14:30:19.902311
TXN_008208,ACC_0108,ACC_0394,2965.86,2026-01-28 14:30:54.023604
TXN_005073,ACC_0078,ACC_0452,4142.47,2026-01-28 14:43:05.180751
TXN_002912,ACC_0405,ACC_0021,1672.88,2026-01-28 15:07:08.757780
TXN_009884,ACC_0221,ACC_0176,152.95,2026-01-28 15:09:18.340062
TXN_001482,ACC_0342,ACC_0398,1658.18,2026-01-28 15:12:48.693342
TXN_001668,ACC_0385,ACC_0304,950.82,2026-01-28 15:14:28.962545
TXN_004854,ACC_0147,ACC_0427,4422.35,2026-01-28 15:19:54.838363
TXN_002815,ACC_0282,ACC_0386,3069.9,2026-01-28 15:29:52.546408
TXN_003549,ACC_0099,ACC_0288,783.9,2026-01-28 15:31:04.989426
TXN_005828,ACC_0234,ACC_0458,4112.41,2026-01-28 15:31:35.580746
TXN_003812,ACC_0060,ACC_0327,1829.46,2026-01-28 15:41:27.571674
TXN_004502,ACC_0188,ACC_0071,1618.5,2026-01-28 15:54:17.013298
TXN_004839,ACC_0304,ACC_0360,3335.7,2026-01-28 16:00:22.298874
TXN_003520,ACC_0063,ACC_0227,2323.94,2026-01-28 16:00:36.274032
TXN_005001,ACC_0394,ACC_0033,3945.93,2026-01-28 16:06:13.560364
TXN_005030,ACC_0215,ACC_0468,4391.51,2026-01-28 16:09:37.853824
TXN_003984,ACC_0391,ACC_0349,1345.86,2026-01-28 16:12:22.160184
TXN_007512,ACC_0284,ACC_0360,2619.12,2026-01-28 16:21:50.486620
TXN_002066,ACC_0101,ACC_0385,4697.54,2026-01-28 16:22:14.499515
TXN_006779,ACC_0118,ACC_0189,2664.07,2026-01-28 16:22:16.022330
TXN_003889,ACC_0221,ACC_0412,2005.79,2026-01-28 16:35:15.678068
TXN_009038,ACC_0403,ACC_0112,1458.36,2026-01-28 16:44:36.663980
TXN_006117,ACC_0438,ACC_0123,1769.04,2026-01-28 16:47:15.472065
TXN_009521,ACC_0037,ACC_0016,1466.4,2026-01-28 16:50:28.400849
TXN_007688,ACC_0010,ACC_0459,598.43,2026-01-28 16:54:26.020708
TXN_000311,ACC_0275,ACC_0497,10847.41,2026-01-28 17:03:23.990545
TXN_006818,ACC_0347,ACC_0468,4416.53,2026-01-28 17:08:41.343822
TXN_002181,ACC_0091,ACC_0391,273.37,2026-01-28 17:11:20.373346
TXN_004712,ACC_0458,ACC_0044,973.13,2026-01-28 17:12:46.550524
TXN_006002,ACC_0137,ACC_0378,4521.83,2026-01-28 17:15:14.876524
TXN_006127,ACC_0130,ACC_0065,4920.28,2026-01-28 17:16:55.443930
TXN_005591,ACC_0094,ACC_0245,1461.34,2026-01-28 17:17:41.892865
TXN_002363,ACC_0313,ACC_0200,3693.14,2026-01-28 17:17:56.228326
TXN_001149,ACC_0007,ACC_0388,2200.33,2026-01-28 17:24:31.016522
TXN_004884,ACC_0201,ACC_0013,1237.34,2026-01-28 17:25:07.342777
TXN_008687,ACC_0432,ACC_0129,2906.56,2026-01-28 17:28:34.255080
TXN_008122,ACC_0188,ACC_0263,1496.07,2026-01-28 17:29:30.265107
TXN_008157,ACC_0137,ACC_0012,3179.26,2026-01-28 17:38:32.708836
TXN_005882,ACC_0047,ACC_0111,1124.52,2026-01-28 17:41:34.951434
TXN_001200,ACC_0273,ACC_0050,378.64,2026-01-28 17:44:53.705823
TXN_005967,ACC_0435,ACC_0302,2028.67,2026-01-28 17:46:27.652748
TXN_009297,ACC_0016,ACC_0166,2288.09,2026-01-28 17:47:26.035472
TXN_000776,ACC_0004,ACC_0017,3493.55,2026-01-28 17:49:45.361217
TXN_002903,ACC_0428,ACC_0155,518.31,2026-01-28 17:56:10.963577
TXN_004007,ACC_0102,ACC_0026,681.4,2026-01-28 17:57:32.620991
TXN_006471,ACC_0417,ACC_0373,1122.82,2026-01-28 18:03:17.285054
TXN_004682,ACC_0178,ACC_0244,4265.81,2026-01-28 18:03:18.606891
TXN_002677,ACC_0167,ACC_0465,4167.55,2026-01-28 18:06:42.570843
TXN_006297,ACC_0163,ACC_0324,2231.05,2026-01-28 18:08:11.018242
TXN_005304,ACC_0407,ACC_0105,3840.71,2026-01-28 18:09:44.860220
TXN_003421,ACC_0016,ACC_0315,1008.96,2026-01-28 18:10:26.707356
TXN_002241,ACC_0007,ACC_0190,3146.28,2026-01-28 18:11:51.158274
TXN_002205,ACC_0011,ACC_0123,271.16,2026-01-28 18:16:24.052532
TXN_005487,ACC_0245,ACC_0303,2821.19,2026-01-28 18:19:24.819003
TXN_002178,ACC_0361,ACC_0156,3530.59,2026-01-28 18:27:12.460235
TXN_004868,ACC_0450,ACC_0332,738.24,2026-01-28 18:32:14.014018
TXN_003234,ACC_0395,ACC_0058,2800.56,2026-01-28 18:36:50.708838
TXN_000312,ACC_0497,ACC_0251,10305.04,2026-01-28 18:37:24.509088
TXN_007907,ACC_0430,ACC_0460,3150.15,2026-01-28 18:38:41.275437
TXN_000456,ACC_0463,ACC_0027,2598.38,2026-01-28 18:42:15.144504
TXN_001973,ACC_0422,ACC_0217,3958.36,2026-01-28 18:44:54.279369
TXN_001632,ACC_0425,ACC_0173,3704.91,2026-01-28 18:45:51.664614
TXN_001340,ACC_0309,ACC_0338,258.02,2026-01-28 18:48:18.187254
TXN_004027,ACC_0440,ACC_0221,2794.48,2026-01-28 18:51:50.592913
TXN_009530,ACC_0206,ACC_0132,4851.86,2026-01-28 18:52:15.192873
TXN_007695,ACC_0321,ACC_0384,1857.14,2026-01-28 18:58:48.829184
TXN_007913,ACC_0019,ACC_0093,1246.02,2026-01-28 19:00:45.377949
TXN_008215,ACC_0007,ACC_0326,1335.98,2026-01-28 19:01:00.090312
TXN_003879,ACC_0233,ACC_0457,2059.36,2026-01-28 19:04:33.277313
TXN_004483,ACC_0005,ACC_0291,960.8,2026-01-28 19:08:40.037535
TXN_006380,ACC_0257,ACC_0077,285.74,2026-01-28 19:17:58.808944
TXN_007148,ACC_0294,ACC_0468,3023.46,2026-01-28 19:23:04.688988
TXN_006346,ACC_0301,ACC_0451,2092.57,2026-01-28 19:24:52.667352
TXN_009540,ACC_0420,ACC_0242,2240.11,2026-01-28 19:27:30.939990
TXN_001936,ACC_0219,ACC_0323,2457.45,2026-01-28 19:29:58.740556
TXN_007939,ACC_0454,ACC_0300,650.77,2026-01-28 19:30:21.018302
TXN_006205,ACC_0228,ACC_0365,2101.71,2026-01-28 19:30:33.913357
TXN_005746,ACC_0256,ACC_0173,4522.61,2026-01-28 19:32:50.100546
TXN_004405,ACC_0006,ACC_0070,4624.69,2026-01-28 19:42:15.572072
TXN_006017,ACC_0350,ACC_0434,497.37,2026-01-28 19:42:46.711310
TXN_000760,ACC_0368,ACC_0468,4607.85,2026-01-28 19:43:10.801278
TXN_009824,ACC_0248,ACC_0425,4975.76,2026-01-28 19:43:17.292491
TXN_003635,ACC_0248,ACC_0026,4797.14,2026-01-28 19:44:04.610686
TXN_003302,ACC_0417,ACC_0447,1187.6,2026-01-28 19:49:40.585474
TXN_005716,ACC_0281,ACC_0128,4811.54,2026-01-28 19:50:52.410690
TXN_003167,ACC_0150,ACC_0134,2024.86,2026-01-28 19:55:35.582027
TXN_002068,ACC_0055,ACC_0453,3416.59,2026-01-28 20:00:06.398110
TXN_006867,ACC_0329,ACC_0040,3132.96,2026-01-28 20:02:21.060340
TXN_002789,ACC_0044,ACC_0273,862.17,2026-01-28 20:04:46.599107
TXN_005792,ACC_0358,ACC_0402,932.56,2026-01-28 20:08:44.387004
TXN_004073,ACC_0233,ACC_0429,4660.61,2026-01-28 20:08:52.514747
TXN_007761,ACC_0133,ACC_0182,1676.89,2026-01-28 20:12:07.505706
TXN_000797,ACC_0307,ACC_0372,1358.86,2026-01-28 20:13:13.891785
TXN_003610,ACC_0383,ACC_0411,4448.41,2026-01-28 20:15:28.255579
TXN_006287,ACC_0247,ACC_0384,3520.37,2026-01-28 20:17:32.211059
TXN_007749,ACC_0345,ACC_0213,1080.51,2026-01-28 20:22:30.656812
TXN_004658,ACC_0372,ACC_0290,2213.75,2026-01-28 20:27:55.383136
TXN_000592,ACC_0228,ACC_0009,3808.96,2026-01-28 20:33:44.033521
TXN_009384,ACC_0451,ACC_0075,1037.15,2026-01-28 20:35:46.275452
TXN_008650,ACC_0006,ACC_0095,1313.31,2026-01-28 20:39:58.060341
TXN_004614,ACC_0271,ACC_0239,2389.62,2026-01-28 20:44:31.634531
TXN_002909,ACC_0316,ACC_0321,2574.04,2026-01-28 20:44:39.452504
TXN_004874,ACC_0096,ACC_0061,2744.87,2026-01-28 20:48:44.892977
TXN_006947,ACC_0086,ACC_0181,4028.42,2026-01-28 20:49:56.740119
TXN_004645,ACC_0005,ACC_0168,4935.54,2026-01-28 20:57:33.764030
TXN_007035,ACC_0304,ACC_0442,1371.47,2026-01-28 21:00:25.208429
TXN_006578,ACC_0386,ACC_0009,4904.21,2026-01-28 21:01:41.798780
TXN_007110,ACC_0229,ACC_0188,315.67,2026-01-28 21:02:00.333208
TXN_004130,ACC_0037,ACC_0155,3600.18,2026-01-28 21:04:03.528354
TXN_001756,ACC_0219,ACC_0240,2415.29,2026-01-28 21:07:23.300663
TXN_004773,ACC_0298,ACC_0415,4855.04,2026-01-28 21:07:59.699545
TXN_006154,ACC_0186,ACC_0167,4020.13,2026-01-28 21:08:00.554350
TXN_003248,ACC_0129,ACC_0273,4877.14,2026-01-28 21:11:35.080717
TXN_002022,ACC_0323,ACC_0267,779.26,2026-01-28 21:11:42.007429
TXN_001387,ACC_0054,ACC_0212,1349.44,2026-01-28 21:14:01.362110
TXN_005047,ACC_0408,ACC_0220,4787.93,2026-01-28 21:24:42.185095
TXN_009760,ACC_0045,ACC_0097,2879.13,2026-01-28 21:34:56.529766
TXN_009905,ACC_0371,ACC_0034,4807.23,2026-01-28 21:40:59.984636
TXN_003304,ACC_0148,ACC_0090,4350.55,2026-01-28 21:44:03.037561
TXN_008034,ACC_0097,ACC_0153,4742.94,2026-01-28 21:48:35.545827
TXN_005085,ACC_0463,ACC_0362,2367.17,2026-01-28 21:49:53.653843
TXN_005689,ACC_0043,ACC_0396,543.55,2026-01-28 21:50:12.513556
TXN_001551,ACC_0324,ACC_0436,4528.08,2026-01-28 21:56:08.087226
TXN_004377,ACC_0274,ACC_0260,4868.41,2026-01-28 21:59:27.907512
TXN_002746,ACC_0172,ACC_0255,1825.6,2026-01-28 22:01:09.559472
TXN_000437,ACC_0118,ACC_0453,1260.34,2026-01-28 22:04:42.758574
TXN_009834,ACC_0342,ACC_0401,1895.69,2026-01-28 22:11:39.171533
TXN_003848,ACC_0290,ACC_0259,4719.64,2026-01-28 22:13:43.698841
TXN_001042,ACC_0013,ACC_0311,744.27,2026-01-28 22:14:44.396928
TXN_000070,ACC_0473,ACC_0474,5756.0,2026-01-28 22:17:42.879732
TXN_004433,ACC_0314,ACC_0193,3997.68,2026-01-28 22:21:19.070217
TXN_005789,ACC_0008,ACC_0375,1648.07,2026-01-28 22:30:01.746292
TXN_008860,ACC_0229,ACC_0419,1435.3,2026-01-28 22:38:03.492681
TXN_006763,ACC_0319,ACC_0367,3383.3,2026-01-28 22:44:46.607847
TXN_006176,ACC_0099,ACC_0310,2668.19,2026-01-28 22:47:48.242691
TXN_000741,ACC_0163,ACC_0028,3867.83,2026-01-28 22:51:20.863928
TXN_006583,ACC_0300,ACC_0136,3880.04,2026-01-28 22:55:08.535195
TXN_001120,ACC_0394,ACC_0329,1834.92,2026-01-28 22:56:55.578171
TXN_004461,ACC_0187,ACC_0207,4639.04,2026-01-28 22:58:42.791287
TXN_006147,ACC_0292,ACC_0072,856.3,2026-01-28 23:03:56.285358
TXN_004677,ACC_0154,ACC_0385,4620.28,2026-01-28 23:08:20.749060
TXN_005752,ACC_0027,ACC_0109,2729.2,2026-01-28 23:08:31.181872
TXN_000391,ACC_0467,ACC_0500,8701.06,2026-01-28 23:14:38.027130
TXN_003332,ACC_0351,ACC_0256,1750.14,2026-01-28 23:18:33.615374
TXN_000539,ACC_0434,ACC_0227,1321.71,2026-01-28 23:18:58.053181
TXN_009289,ACC_0205,ACC_0334,3994.57,2026-01-28 23:23:48.445148
TXN_004166,ACC_0264,ACC_0109,3055.08,2026-01-28 23:24:52.358301
TXN_006639,ACC_0424,ACC_0071,365.91,2026-01-28 23:27:01.895893
TXN_008552,ACC_0215,ACC_0422,399.29,2026-01-28 23:28:53.529171
TXN_006515,ACC_0283,ACC_0123,828.21,2026-01-28 23:33:41.111918
TXN_007721,ACC_0238,ACC_0012,4156.99,2026-01-28 23:40:12.050532
TXN_008040,ACC_0052,ACC_0352,3994.17,2026-01-28 23:41:53.064270
TXN_000535,ACC_0029,ACC_0154,2180.7,2026-01-28 23:42:43.421281
TXN_008786,ACC_0061,ACC_0045,2887.02,2026-01-28 23:44:38.119671
TXN_000392,ACC_0500,ACC_0150,8266.01,2026-01-28 23:48:40.155370
TXN_002953,ACC_0096,ACC_0203,4181.5,2026-01-28 23:52:17.640099
TXN_001264,ACC_0016,ACC_0181,454.5,2026-01-28 23:53:44.368515
TXN_003335,ACC_0279,ACC_0002,2715.89,2026-01-28 23:54:20.917467
TXN_008639,ACC_0459,ACC_0223,3771.69,2026-01-28 23:56:25.913439
TXN_007322,ACC_0347,ACC_0019,3283.95,2026-01-29 00:00:00.897148
TXN_006768,ACC_0079,ACC_0020,1517.32,2026-01-29 00:04:51.305365
TXN_008794,ACC_0008,ACC_0139,521.37,2026-01-29 00:07:54.744271
TXN_001288,ACC_0081,ACC_0378,1485.07,2026-01-29 00:13:15.643266
TXN_002810,ACC_0377,ACC_0065,3808.48,2026-01-29 00:26:18.727100
TXN_003048,ACC_0445,ACC_0188,2022.37,2026-01-29 00:33:06.489786
TXN_009341,ACC_0423,ACC_0463,4250.64,2026-01-29 00:33:32.067380
TXN_009727,ACC_0134,ACC_0067,4284.28,2026-01-29 00:37:08.995770
TXN_003558,ACC_0159,ACC_0412,1303.8,2026-01-29 00:40:08.309170
TXN_004239,ACC_0122,ACC_0155,3168.84,2026-01-29 00:42:30.546312
TXN_004480,ACC_0255,ACC_0267,3266.16,2026-01-29 00:42:34.053089
TXN_002633,ACC_0076,ACC_0265,4858.31,2026-01-29 00:45:02.719975
TXN_005968,ACC_0392,ACC_0402,3177.17,2026-01-29 00:58:24.288264
TXN_002258,ACC_0180,ACC_0092,4189.13,2026-01-29 01:01:41.645017
TXN_000449,ACC_0410,ACC_0095,1296.14,2026-01-29 01:05:37.301608
TXN_004438,ACC_0446,ACC_0367,4151.8,2026-01-29 01:07:42.112649
TXN_004127,ACC_0418,ACC_0377,1454.02,2026-01-29 01:08:55.048027
TXN_000918,ACC_0382,ACC_0313,1348.88,2026-01-29 01:11:18.445340
TXN_007876,ACC_0320,ACC_0216,3580.77,2026-01-29 01:11:21.425044
TXN_007822,ACC_0123,ACC_0344,3131.97,2026-01-29 01:11:42.256211
TXN_009485,ACC_0235,ACC_0358,1383.35,2026-01-29 01:15:17.982845
TXN_000074,ACC_0474,ACC_0475,19594.42,2026-01-29 01:29:11.873308
TXN_002161,ACC_0013,ACC_0340,1278.76,2026-01-29 01:30:36.376888
TXN_006090,ACC_0196,ACC_0231,4602.15,2026-01-29 01:36:00.516937
TXN_004562,ACC_0097,ACC_0175,777.45,2026-01-29 01:38:43.344153
TXN_006933,ACC_0039,ACC_0042,3586.33,2026-01-29 01:38:52.092002
TXN_007684,ACC_0293,ACC_0359,1649.2,2026-01-29 01:47:35.401647
TXN_006672,ACC_0317,ACC_0312,3006.2,2026-01-29 01:56:03.205373
TXN_004583,ACC_0294,ACC_0069,1137.72,2026-01-29 01:59:58.313411
TXN_005672,ACC_0315,ACC_0004,692.77,2026-01-29 02:22:18.237992
TXN_006201,ACC_0009,ACC_0304,363.39,2026-01-29 02:25:02.619416
TXN_001304,ACC_0406,ACC_0370,2485.73,2026-01-29 02:26:49.232259
TXN_006226,ACC_0281,ACC_0441,3137.17,2026-01-29 02:32:08.949027
TXN_001881,ACC_0423,ACC_0340,640.37,2026-01-29 02:43:01.780430
TXN_000682,ACC_0426,ACC_0012,488.07,2026-01-29 02:47:28.799058
TXN_001810,ACC_0459,ACC_0135,1352.62,2026-01-29 03:05:30.869191
TXN_004288,ACC_0301,ACC_0116,2878.61,2026-01-29 03:14:58.902160
TXN_005057,ACC_0105,ACC_0037,1427.07,2026-01-29 03:15:13.354428
TXN_000894,ACC_0083,ACC_0070,1514.75,2026-01-29 03:27:06.635633
TXN_009302,ACC_0097,ACC_0242,3362.5,2026-01-29 03:27:16.615086
TXN_002415,ACC_0202,ACC_0260,251.56,2026-01-29 03:29:19.712650
TXN_001708,ACC_0172,ACC_0104,3276.02,2026-01-29 03:30:43.944533
TXN_005915,ACC_0242,ACC_0353,4255.67,2026-01-29 03:47:43.645159
TXN_004626,ACC_0298,ACC_0237,3399.38,2026-01-29 03:53:59.683114
TXN_001909,ACC_0447,ACC_0370,128.85,2026-01-29 04:01:51.711222
TXN_000745,ACC_0298,ACC_0089,3303.25,2026-01-29 04:10:24.763383
TXN_000947,ACC_0413,ACC_0151,4782.53,2026-01-29 04:25:11.923638
TXN_004052,ACC_0447,ACC_0156,3601.49,2026-01-29 04:26:07.506085
TXN_000832,ACC_0412,ACC_0077,4156.79,2026-01-29 04:29:18.315714
TXN_003171,ACC_0334,ACC_0437,4382.36,2026-01-29 04:32:19.406020
TXN_009399,ACC_0286,ACC_0087,2626.87,2026-01-29 04:38:26.713991
TXN_003859,ACC_0420,ACC_0392,1625.58,2026-01-29 04:41:09.234367
TXN_003135,ACC_0044,ACC_0421,1033.78,2026-01-29 04:42:10.026815
TXN_007442,ACC_0321,ACC_0077,360.77,2026-01-29 04:45:38.774545
TXN_004204,ACC_0229,ACC_0227,3897.48,2026-01-29 04:55:40.238563
TXN_002346,ACC_0273,ACC_0201,4438.75,2026-01-29 04:56:24.540564
TXN_001017,ACC_0328,ACC_0384,2011.8,2026-01-29 04:59:22.398353
TXN_002083,ACC_0152,ACC_0218,283.24,2026-01-29 05:03:33.713857
TXN_007981,ACC_0426,ACC_0305,1497.96,2026-01-29 05:06:16.888174
TXN_004200,ACC_0290,ACC_0018,3622.65,2026-01-29 05:08:21.359677
TXN_005139,ACC_0299,ACC_0025,684.49,2026-01-29 05:18:24.299352
TXN_000337,ACC_0031,ACC_0498,3444.34,2026-01-29 05:24:33.167354
TXN_001246,ACC_0328,ACC_0135,2841.9,2026-01-29 05:30:51.493350
TXN_006340,ACC_0208,ACC_0468,3742.57,2026-01-29 05:35:11.586419
TXN_008532,ACC_0381,ACC_0447,4994.87,2026-01-29 05:37:18.076391
TXN_002166,ACC_0134,ACC_0175,4214.68,2026-01-29 05:46:27.914732
TXN_000338,ACC_0498,ACC_0089,3272.12,2026-01-29 05:49:27.899247
TXN_005713,ACC_0429,ACC_0317,4054.32,2026-01-29 05:49:56.347082
TXN_008437,ACC_0187,ACC_0335,1137.65,2026-01-29 05:56:17.668905
TXN_009108,ACC_0223,ACC_0333,4126.24,2026-01-29 05:59:34.252193
TXN_008385,ACC_0422,ACC_0463,3828.64,2026-01-29 06:08:21.491604
TXN_002081,ACC_0392,ACC_0118,1320.26,2026-01-29 06:09:07.178578
TXN_007390,ACC_0400,ACC_0348,718.24,2026-01-29 06:21:09.069659
TXN_005827,ACC_0364,ACC_0410,2400.47,2026-01-29 06:21:43.182177
TXN_006518,ACC_0280,ACC_0468,649.64,2026-01-29 06:22:51.573775
TXN_003912,ACC_0201,ACC_0032,3681.5,2026-01-29 06:27:44.861781
TXN_005183,ACC_0206,ACC_0387,551.13,2026-01-29 06:31:05.438142
TXN_004467,ACC_0130,ACC_0148,3366.9,2026-01-29 06:31:15.138018
TXN_009361,ACC_0368,ACC_0143,4071.26,2026-01-29 06:38:27.034006
TXN_009214,ACC_0375,ACC_0070,574.42,2026-01-29 06:39:57.418109
TXN_009271,ACC_0216,ACC_0422,2118.3,2026-01-29 06:41:19.270287
TXN_008220,ACC_0258,ACC_0461,2804.18,2026-01-29 06:42:12.290190
TXN_003151,ACC_0004,ACC_0449,1072.28,2026-01-29 06:46:23.058657
TXN_007111,ACC_0296,ACC_0416,3761.82,2026-01-29 06:48:44.764245
TXN_001147,ACC_0133,ACC_0219,360.38,2026-01-29 06:54:21.482016
TXN_007726,ACC_0415,ACC_0171,3273.87,2026-01-29 07:01:54.928175
TXN_009127,ACC_0358,ACC_0381,480.39,2026-01-29 07:09:47.176413
TXN_005367,ACC_0381,ACC_0182,371.11,2026-01-29 07:25:17.076029
TXN_004660,ACC_0469,ACC_0249,3032.91,2026-01-29 07:28:02.993663
TXN_008670,ACC_0133,ACC_0335,1277.91,2026-01-29 07:29:24.110867
TXN_008604,ACC_0133,ACC_0268,1466.01,2026-01-29 07:39:03.007171
TXN_000375,ACC_0057,ACC_0499,10896.06,2026-01-29 07:44:35.997907
TXN_009768,ACC_0378,ACC_0361,2344.83,2026-01-29 07:48:06.638946
TXN_006838,ACC_0064,ACC_0272,4464.29,2026-01-29 07:50:48.369242
TXN_006211,ACC_0251,ACC_0157,1148.37,2026-01-29 07:55:22.188640
TXN_006747,ACC_0393,ACC_0421,4958.81,2026-01-29 08:02:55.916830
TXN_002399,ACC_0310,ACC_0428,4000.69,2026-01-29 08:06:40.046547
TXN_008663,ACC_0401,ACC_0292,4792.35,2026-01-29 08:09:52.790669
TXN_001077,ACC_0396,ACC_0337,2002.04,2026-01-29 08:11:05.828927
TXN_004422,ACC_0299,ACC_0053,2938.17,2026-01-29 08:20:30.233110
TXN_005459,ACC_0238,ACC_0025,1136.18,2026-01-29 08:23:12.873688
TXN_000585,ACC_0320,ACC_0174,2727.69,2026-01-29 08:25:10.453222
TXN_003799,ACC_0391,ACC_0408,3222.82,2026-01-29 08:27:32.924461
TXN_002094,ACC_0447,ACC_0228,4056.78,2026-01-29 08:37:57.465762
TXN_006240,ACC_0235,ACC_0141,1813.06,2026-01-29 08:39:53.482275
TXN_003993,ACC_0276,ACC_0396,2228.56,2026-01-29 08:46:04.133461
TXN_000376,ACC_0499,ACC_0347,10351.26,2026-01-29 08:57:36.125073
TXN_005770,ACC_0301,ACC_0303,561.1,2026-01-29 08:58:43.108710
TXN_003909,ACC_0184,ACC_0316,1752.04,2026-01-29 09:08:43.312524
TXN_009954,ACC_0248,ACC_0316,3072.93,2026-01-29 09:14:58.007551
TXN_006369,ACC_0386,ACC_0168,3227.57,2026-01-29 09:25:35.405984
TXN_007113,ACC_0450,ACC_0209,2941.0,2026-01-29 09:29:19.885347
TXN_000436,ACC_0102,ACC_0254,2779.43,2026-01-29 09:39:30.144941
TXN_006367,ACC_0400,ACC_0114,907.63,2026-01-29 09:40:06.248625
TXN_002958,ACC_0181,ACC_0402,2862.11,2026-01-29 09:47:50.257315
TXN_001880,ACC_0343,ACC_0095,3925.95,2026-01-29 09:51:13.968869
TXN_005773,ACC_0035,ACC_0246,3557.93,2026-01-29 09:56:26.157918
TXN_006710,ACC_0062,ACC_0033,3410.64,2026-01-29 09:56:58.798613
TXN_009876,ACC_0234,ACC_0159,3265.57,2026-01-29 09:57:35.301587
TXN_004506,ACC_0203,ACC_0133,1729.23,2026-01-29 10:06:50.008785
TXN_008864,ACC_0363,ACC_0454,2798.78,2026-01-29 10:08:37.073367
TXN_007540,ACC_0092,ACC_0105,1604.07,2026-01-29 10:11:37.553171
TXN_008498,ACC_0346,ACC_0375,834.54,2026-01-29 10:14:35.739045
TXN_009347,ACC_0284,ACC_0010,804.88,2026-01-29 10:29:06.687417
TXN_000972,ACC_0174,ACC_0011,743.71,2026-01-29 10:33:12.176344
TXN_003869,ACC_0147,ACC_0175,4562.5,2026-01-29 10:38:07.439898
TXN_001071,ACC_0409,ACC_0107,3488.45,2026-01-29 10:40:13.631525
TXN_006863,ACC_0137,ACC_0334,4991.94,2026-01-29 10:40:35.717883
TXN_005099,ACC_0154,ACC_0451,1138.48,2026-01-29 10:50:46.559956
TXN_007241,ACC_0128,ACC_0062,3108.72,2026-01-29 10:55:25.883339
TXN_006254,ACC_0452,ACC_0044,4359.83,2026-01-29 10:56:35.800408
TXN_006150,ACC_0254,ACC_0400,1220.5,2026-01-29 10:58:08.637814
TXN_007729,ACC_0451,ACC_0332,2011.24,2026-01-29 11:05:33.930769
TXN_002617,ACC_0277,ACC_0088,2854.58,2026-01-29 11:08:43.735479
TXN_006622,ACC_0284,ACC_0391,1722.99,2026-01-29 11:09:53.513251
TXN_001823,ACC_0034,ACC_0285,564.87,2026-01-29 11:14:47.703849
TXN_008410,ACC_0066,ACC_0006,1744.26,2026-01-29 11:23:44.675640
TXN_002576,ACC_0455,ACC_0032,462.43,2026-01-29 11:32:47.279374
TXN_003632,ACC_0357,ACC_0261,3918.29,2026-01-29 11:33:39.041927
TXN_003681,ACC_0037,ACC_0259,1261.34,2026-01-29 11:34:54.408541
TXN_002488,ACC_0298,ACC_0130,1726.99,2026-01-29 11:41:01.417914
TXN_006242,ACC_0376,ACC_0229,2452.87,2026-01-29 11:41:24.909683
TXN_000004,ACC_0481,ACC_0482,8126.1,2026-01-29 11:42:04.116751
TXN_003253,ACC_0400,ACC_0444,2105.78,2026-01-29 11:43:18.575796
TXN_003162,ACC_0291,ACC_0026,2782.81,2026-01-29 12:14:24.722884
TXN_003267,ACC_0376,ACC_0466,3927.77,2026-01-29 12:17:53.441918
TXN_002107,ACC_0329,ACC_0021,3551.83,2026-01-29 12:20:54.048388
TXN_000785,ACC_0467,ACC_0445,3174.48,2026-01-29 12:31:04.393260
TXN_004225,ACC_0398,ACC_0210,2585.27,2026-01-29 12:32:59.547134
TXN_008694,ACC_0452,ACC_0061,4389.69,2026-01-29 12:45:12.314791
TXN_009911,ACC_0140,ACC_0456,2431.62,2026-01-29 12:47:15.136491
TXN_002276,ACC_0373,ACC_0046,3696.38,2026-01-29 12:48:46.027216
TXN_005417,ACC_0416,ACC_0316,1765.2,2026-01-29 12:55:09.788966
TXN_007673,ACC_0077,ACC_0202,1664.08,2026-01-29 13:03:43.195115
TXN_007455,ACC_0317,ACC_0046,1782.05,2026-01-29 13:13:19.457931
TXN_006398,ACC_0077,ACC_0268,649.61,2026-01-29 13:13:39.371364
TXN_001650,ACC_0406,ACC_0028,526.45,2026-01-29 13:16:00.791564
TXN_000856,ACC_0246,ACC_0393,4767.78,2026-01-29 13:20:13.155216
TXN_007698,ACC_0083,ACC_0316,3700.72,2026-01-29 13:20:24.074572
TXN_002944,ACC_0384,ACC_0042,2014.31,2026-01-29 13:20:25.628164
TXN_003613,ACC_0380,ACC_0212,628.97,2026-01-29 13:30:41.726332
TXN_000827,ACC_0046,ACC_0130,2402.6,2026-01-29 13:30:47.140541
TXN_008672,ACC_0280,ACC_0027,1734.83,2026-01-29 13:33:03.576795
TXN_009429,ACC_0225,ACC_0138,2963.37,2026-01-29 13:35:16.918320
TXN_005966,ACC_0352,ACC_0285,3849.55,2026-01-29 13:35:32.869172
TXN_005604,ACC_0077,ACC_0402,2257.06,2026-01-29 13:39:03.216119
TXN_003131,ACC_0315,ACC_0070,1356.22,2026-01-29 13:39:30.048901
TXN_003326,ACC_0329,ACC_0319,3178.7,2026-01-29 13:39:33.421660
TXN_008575,ACC_0388,ACC_0201,4942.31,2026-01-29 13:46:35.928283
TXN_003346,ACC_0270,ACC_0086,271.27,2026-01-29 13:50:55.599941
TXN_005972,ACC_0239,ACC_0113,2834.78,2026-01-29 13:51:54.980865
TXN_000113,ACC_0058,ACC_0486,4981.83,2026-01-29 13:52:29.210508
TXN_007373,ACC_0042,ACC_0037,1602.2,2026-01-29 13:55:02.533313
TXN_000051,ACC_0480,ACC_0476,14576.12,2026-01-29 13:55:47.460572
TXN_008105,ACC_0380,ACC_0318,4103.86,2026-01-29 14:00:19.158663
TXN_004112,ACC_0128,ACC_0178,1707.11,2026-01-29 14:00:50.427947
TXN_001192,ACC_0075,ACC_0319,2672.32,2026-01-29 14:02:51.258502
TXN_004535,ACC_0411,ACC_0359,181.82,2026-01-29 14:03:01.508094
TXN_000151,ACC_0248,ACC_0488,9747.17,2026-01-29 14:03:44.976980
TXN_004966,ACC_0136,ACC_0227,4161.74,2026-01-29 14:05:42.650456
TXN_007116,ACC_0455,ACC_0291,3923.1,2026-01-29 14:09:02.482219
TXN_003994,ACC_0394,ACC_0169,301.55,2026-01-29 14:27:17.151351
TXN_002942,ACC_0136,ACC_0307,3567.23,2026-01-29 14:30:33.015823
TXN_001359,ACC_0330,ACC_0175,4485.05,2026-01-29 14:30:35.637429
TXN_000619,ACC_0036,ACC_0307,1512.39,2026-01-29 14:33:02.079113
TXN_007806,ACC_0297,ACC_0207,3337.74,2026-01-29 14:37:06.483790
TXN_003949,ACC_0228,ACC_0369,2323.15,2026-01-29 14:38:47.899124
TXN_005109,ACC_0118,ACC_0061,2148.07,2026-01-29 14:38:59.954663
TXN_008550,ACC_0375,ACC_0327,668.26,2026-01-29 14:44:50.366037
TXN_007179,ACC_0069,ACC_0099,3714.97,2026-01-29 14:47:36.524961
TXN_008151,ACC_0076,ACC_0174,3246.57,2026-01-29 14:52:29.289380
TXN_003591,ACC_0250,ACC_0357,142.29,2026-01-29 14:53:20.139650
TXN_006874,ACC_0318,ACC_0227,3094.01,2026-01-29 14:55:36.665646
TXN_003743,ACC_0212,ACC_0372,1848.51,2026-01-29 14:56:43.034782
TXN_006229,ACC_0333,ACC_0177,3243.91,2026-01-29 15:02:41.197019
TXN_008770,ACC_0254,ACC_0029,2851.43,2026-01-29 15:02:48.259961
TXN_008155,ACC_0269,ACC_0075,1840.49,2026-01-29 15:03:54.459129
TXN_005191,ACC_0333,ACC_0090,1875.09,2026-01-29 15:04:39.878709
TXN_000114,ACC_0486,ACC_0185,4732.74,2026-01-29 15:06:13.393403
TXN_000152,ACC_0488,ACC_0219,9259.81,2026-01-29 15:09:48.585138
TXN_000498,ACC_0199,ACC_0205,1286.81,2026-01-29 15:15:56.934090
TXN_007490,ACC_0136,ACC_0347,4200.31,2026-01-29 15:17:58.922099
TXN_006058,ACC_0272,ACC_0137,1086.34,2026-01-29 15:18:10.030874
TXN_005305,ACC_0333,ACC_0309,2763.44,2026-01-29 15:19:37.538110
TXN_002041,ACC_0200,ACC_0290,632.37,2026-01-29 15:25:58.315317
TXN_009490,ACC_0433,ACC_0035,3886.71,2026-01-29 15:30:21.906466
TXN_003228,ACC_0238,ACC_0132,4217.04,2026-01-29 15:35:32.102181
TXN_007909,ACC_0005,ACC_0311,3054.95,2026-01-29 15:36:19.660981
TXN_006921,ACC_0093,ACC_0386,2896.08,2026-01-29 15:36:35.199214
TXN_004873,ACC_0051,ACC_0054,1209.83,2026-01-29 15:40:29.911546
TXN_001207,ACC_0406,ACC_0089,4755.3,2026-01-29 15:45:00.892893
TXN_004418,ACC_0461,ACC_0066,1239.14,2026-01-29 15:45:31.529513
TXN_001431,ACC_0441,ACC_0029,2898.05,2026-01-29 15:45:41.800884
TXN_002724,ACC_0388,ACC_0293,2757.47,2026-01-29 15:46:00.567569
TXN_000025,ACC_0476,ACC_0477,14092.22,2026-01-29 15:50:48.530004
TXN_001034,ACC_0130,ACC_0466,1435.61,2026-01-29 15:51:46.135821
TXN_002392,ACC_0041,ACC_0299,143.05,2026-01-29 15:57:50.355328
TXN_004292,ACC_0031,ACC_0313,3903.21,2026-01-29 15:59:34.392718
TXN_002303,ACC_0315,ACC_0432,4093.56,2026-01-29 16:04:58.404558
TXN_007341,ACC_0256,ACC_0016,1304.45,2026-01-29 16:05:31.333193
TXN_007222,ACC_0136,ACC_0315,3429.23,2026-01-29 16:05:48.067272
TXN_007578,ACC_0328,ACC_0374,2808.2,2026-01-29 16:08:32.629859
TXN_009858,ACC_0194,ACC_0315,1433.13,2026-01-29 16:11:42.544400
TXN_008325,ACC_0448,ACC_0195,3077.08,2026-01-29 16:26:02.474449
TXN_007286,ACC_0199,ACC_0393,3058.77,2026-01-29 16:28:10.589925
TXN_003210,ACC_0276,ACC_0205,3482.68,2026-01-29 16:33:17.639559
TXN_001961,ACC_0371,ACC_0183,1677.23,2026-01-29 16:47:33.441049
TXN_002653,ACC_0463,ACC_0362,2536.37,2026-01-29 16:52:35.394359
TXN_003013,ACC_0257,ACC_0404,819.55,2026-01-29 16:53:20.647767
TXN_000333,ACC_0312,ACC_0497,11607.7,2026-01-29 17:06:05.407251
TXN_009639,ACC_0338,ACC_0289,4845.87,2026-01-29 17:09:26.060655
TXN_006290,ACC_0249,ACC_0028,4755.93,2026-01-29 17:11:22.467199
TXN_002718,ACC_0104,ACC_0212,1907.99,2026-01-29 17:16:19.453314
TXN_009976,ACC_0077,ACC_0087,635.0,2026-01-29 17:33:57.640905
TXN_005825,ACC_0338,ACC_0169,2860.29,2026-01-29 17:40:40.557665
TXN_003621,ACC_0149,ACC_0060,179.77,2026-01-29 17:41:07.631837
TXN_007530,ACC_0281,ACC_0390,1081.69,2026-01-29 17:43:18.482415
TXN_005324,ACC_0427,ACC_0233,2272.18,2026-01-29 17:45:26.402928
TXN_001341,ACC_0070,ACC_0170,4010.66,2026-01-29 17:47:48.373808
TXN_003671,ACC_0370,ACC_0166,3999.52,2026-01-29 17:50:59.961699
TXN_007426,ACC_0417,ACC_0366,2147.7,2026-01-29 17:54:20.403756
TXN_002086,ACC_0304,ACC_0349,2088.01,2026-01-29 17:58:29.772742
TXN_001914,ACC_0416,ACC_0440,942.37,2026-01-29 18:00:46.583661
TXN_008269,ACC_0058,ACC_0007,3387.93,2026-01-29 18:03:06.662034
TXN_002959,ACC_0206,ACC_0139,2577.39,2026-01-29 18:09:48.976571
TXN_001269,ACC_0182,ACC_0115,3085.39,2026-01-29 18:13:03.750013
TXN_008678,ACC_0388,ACC_0267,934.61,2026-01-29 18:20:52.151915
TXN_002916,ACC_0220,ACC_0358,4681.25,2026-01-29 18:24:06.526326
TXN_003170,ACC_0448,ACC_0194,3654.97,2026-01-29 18:28:04.460901
TXN_000852,ACC_0032,ACC_0214,3029.25,2026-01-29 18:28:31.410617
TXN_000334,ACC_0497,ACC_0065,11027.31,2026-01-29 18:30:25.822378
TXN_004559,ACC_0068,ACC_0005,3016.29,2026-01-29 18:33:23.480286
TXN_009090,ACC_0205,ACC_0320,363.54,2026-01-29 18:38:00.229564
TXN_002704,ACC_0095,ACC_0069,4104.66,2026-01-29 18:40:17.478172
TXN_008714,ACC_0314,ACC_0296,4862.16,2026-01-29 18:40:27.989499
TXN_002078,ACC_0319,ACC_0347,2916.99,2026-01-29 18:44:59.168488
TXN_002562,ACC_0426,ACC_0377,3912.6,2026-01-29 18:47:36.969352
TXN_004582,ACC_0010,ACC_0247,1708.49,2026-01-29 18:48:09.798302
TXN_002907,ACC_0336,ACC_0287,1143.0,2026-01-29 18:56:22.671400
TXN_001755,ACC_0440,ACC_0193,1951.93,2026-01-29 18:57:26.329041
TXN_004525,ACC_0437,ACC_0179,644.54,2026-01-29 19:11:42.511543
TXN_007392,ACC_0397,ACC_0102,4587.38,2026-01-29 19:12:09.304923
TXN_000129,ACC_0074,ACC_0487,3170.98,2026-01-29 19:15:34.749002
TXN_008841,ACC_0469,ACC_0400,1986.21,2026-01-29 19:20:15.575073
TXN_003996,ACC_0009,ACC_0112,3065.73,2026-01-29 19:21:10.918348
TXN_002568,ACC_0275,ACC_0123,1918.1,2026-01-29 19:23:43.697538
TXN_003522,ACC_0417,ACC_0082,4776.17,2026-01-29 19:33:15.711162
TXN_007834,ACC_0341,ACC_0377,758.37,2026-01-29 19:33:40.373465
TXN_005094,ACC_0247,ACC_0303,3821.54,2026-01-29 19:39:18.656620
TXN_002991,ACC_0251,ACC_0058,1003.63,2026-01-29 19:41:22.399356
TXN_004351,ACC_0289,ACC_0470,4685.01,2026-01-29 19:44:00.632214
TXN_001361,ACC_0341,ACC_0298,3739.61,2026-01-29 19:44:13.227721
TXN_002421,ACC_0220,ACC_0202,209.69,2026-01-29 19:49:00.693205
TXN_002801,ACC_0139,ACC_0168,4904.92,2026-01-29 19:52:55.394470
TXN_000361,ACC_0333,ACC_0499,12258.74,2026-01-29 19:54:12.226093
TXN_004462,ACC_0150,ACC_0131,3308.98,2026-01-29 19:58:01.902539
TXN_005506,ACC_0088,ACC_0226,3819.69,2026-01-29 20:05:37.573486
TXN_004990,ACC_0307,ACC_0376,4218.96,2026-01-29 20:07:36.383471
TXN_002592,ACC_0373,ACC_0088,1755.73,2026-01-29 20:18:45.950198
TXN_007393,ACC_0006,ACC_0302,572.96,2026-01-29 20:29:25.901015
TXN_004041,ACC_0184,ACC_0191,4319.0,2026-01-29 20:30:42.063281
TXN_005875,ACC_0408,ACC_0133,305.92,2026-01-29 20:30:51.847248
TXN_005532,ACC_0028,ACC_0367,681.12,2026-01-29 20:36:43.540410
TXN_005810,ACC_0273,ACC_0396,2374.58,2026-01-29 20:45:21.427665
TXN_006181,ACC_0269,ACC_0298,2326.98,2026-01-29 20:50:31.091768
TXN_000362,ACC_0499,ACC_0411,11645.81,2026-01-29 20:50:45.576299
TXN_000669,ACC_0059,ACC_0317,1036.48,2026-01-29 20:54:11.692271
TXN_000130,ACC_0487,ACC_0199,3012.43,2026-01-29 20:59:27.861566
TXN_003118,ACC_0240,ACC_0339,1235.11,2026-01-29 21:04:03.808480
TXN_004156,ACC_0281,ACC_0231,2710.4,2026-01-29 21:07:19.268918
TXN_002791,ACC_0011,ACC_0272,330.32,2026-01-29 21:10:07.652788
TXN_002939,ACC_0189,ACC_0219,2947.12,2026-01-29 21:10:26.583512
TXN_008110,ACC_0257,ACC_0362,2292.77,2026-01-29 21:14:40.057284
TXN_009167,ACC_0029,ACC_0028,4440.88,2026-01-29 21:17:42.477845
TXN_004357,ACC_0294,ACC_0221,1751.39,2026-01-29 21:19:44.528975
TXN_004262,ACC_0336,ACC_0180,396.52,2026-01-29 21:25:24.993077
TXN_001994,ACC_0194,ACC_0316,3156.15,2026-01-29 21:27:18.247406
TXN_006439,ACC_0434,ACC_0231,3919.82,2026-01-29 21:27:41.104445
TXN_007176,ACC_0216,ACC_0383,2928.12,2026-01-29 21:28:57.593583
TXN_009491,ACC_0214,ACC_0355,4735.79,2026-01-29 21:34:26.838763
TXN_002088,ACC_0302,ACC_0442,244.53,2026-01-29 21:34:45.923702
TXN_002599,ACC_0179,ACC_0162,2921.98,2026-01-29 21:37:42.140899
TXN_006299,ACC_0204,ACC_0357,1154.18,2026-01-29 21:38:17.765548
TXN_009722,ACC_0199,ACC_0289,1510.62,2026-01-29 21:40:18.283542
TXN_007707,ACC_0067,ACC_0138,3122.94,2026-01-29 21:42:23.850297
TXN_005132,ACC_0079,ACC_0366,4702.25,2026-01-29 21:49:03.367539
TXN_001537,ACC_0276,ACC_0110,2139.19,2026-01-29 21:50:44.625089
TXN_005230,ACC_0166,ACC_0348,4712.55,2026-01-29 21:53:43.586669
TXN_008161,ACC_0120,ACC_0206,1157.94,2026-01-29 22:01:45.614718
TXN_007083,ACC_0465,ACC_0162,4554.5,2026-01-29 22:01:53.111164
TXN_006757,ACC_0435,ACC_0049,953.08,2026-01-29 22:04:41.214832
TXN_000557,ACC_0134,ACC_0275,1404.23,2026-01-29 22:04:57.934476
TXN_002225,ACC_0086,ACC_0346,3615.81,2026-01-29 22:12:51.167027
TXN_005072,ACC_0027,ACC_0344,2801.48,2026-01-29 22:31:01.645512
TXN_000117,ACC_0193,ACC_0486,3547.9,2026-01-29 22:32:02.044025
TXN_000064,ACC_0472,ACC_0473,15989.65,2026-01-29 22:32:49.939384
TXN_006421,ACC_0002,ACC_0373,2116.45,2026-01-29 22:33:02.860303
TXN_004693,ACC_0088,ACC_0219,131.4,2026-01-29 22:34:27.981045
TXN_000696,ACC_0296,ACC_0013,1993.58,2026-01-29 22:34:38.411399
TXN_006871,ACC_0246,ACC_0454,189.06,2026-01-29 22:38:09.896924
TXN_005600,ACC_0143,ACC_0165,743.99,2026-01-29 22:38:50.590196
TXN_005657,ACC_0124,ACC_0470,3044.55,2026-01-29 23:06:17.807882
TXN_000118,ACC_0486,ACC_0356,3370.51,2026-01-29 23:08:31.384077
TXN_006373,ACC_0359,ACC_0372,4286.92,2026-01-29 23:10:30.622121
TXN_005601,ACC_0327,ACC_0067,1905.35,2026-01-29 23:11:59.951750
TXN_003206,ACC_0024,ACC_0441,672.98,2026-01-29 23:12:38.132702
TXN_006808,ACC_0127,ACC_0321,1750.86,2026-01-29 23:13:18.841879
TXN_001301,ACC_0055,ACC_0080,1853.67,2026-01-29 23:15:34.184259
TXN_004321,ACC_0430,ACC_0102,1567.93,2026-01-29 23:21:00.455834
TXN_003322,ACC_0064,ACC_0392,2307.03,2026-01-29 23:26:01.916554
TXN_008503,ACC_0378,ACC_0270,1478.24,2026-01-29 23:29:12.407006
TXN_008732,ACC_0428,ACC_0401,4588.76,2026-01-29 23:34:25.641745
TXN_008481,ACC_0204,ACC_0271,2757.0,2026-01-29 23:38:55.052308
TXN_003655,ACC_0306,ACC_0233,2135.36,2026-01-29 23:40:25.162553
TXN_006245,ACC_0288,ACC_0371,800.97,2026-01-29 23:50:14.709182
TXN_007368,ACC_0398,ACC_0334,1453.64,2026-01-29 23:50:56.394485
TXN_002857,ACC_0331,ACC_0172,3158.58,2026-01-30 00:00:27.377384
TXN_002520,ACC_0291,ACC_0015,2254.04,2026-01-30 00:01:07.945838
TXN_003195,ACC_0406,ACC_0065,2588.08,2026-01-30 00:03:13.199195
TXN_002751,ACC_0347,ACC_0053,591.13,2026-01-30 00:04:51.558424
TXN_006447,ACC_0099,ACC_0207,419.38,2026-01-30 00:10:25.570936
TXN_007112,ACC_0302,ACC_0105,1794.33,2026-01-30 00:11:04.298554
TXN_005442,ACC_0349,ACC_0015,2073.47,2026-01-30 00:23:41.466355
TXN_000642,ACC_0052,ACC_0137,4682.99,2026-01-30 00:46:36.117663
TXN_003618,ACC_0003,ACC_0444,1524.35,2026-01-30 00:51:35.331772
TXN_000133,ACC_0375,ACC_0487,11061.09,2026-01-30 00:56:28.404999
TXN_005836,ACC_0434,ACC_0110,3959.23,2026-01-30 01:09:26.413559
TXN_007162,ACC_0380,ACC_0339,1538.21,2026-01-30 01:20:53.162747
TXN_000134,ACC_0487,ACC_0463,10508.03,2026-01-30 01:22:37.564618
TXN_009041,ACC_0009,ACC_0218,4654.66,2026-01-30 01:23:13.648707
TXN_001135,ACC_0352,ACC_0257,4576.5,2026-01-30 01:26:27.232244
TXN_008260,ACC_0241,ACC_0150,1208.25,2026-01-30 01:27:19.950881
TXN_008885,ACC_0259,ACC_0391,4323.86,2026-01-30 01:29:03.490437
TXN_002014,ACC_0071,ACC_0017,1198.85,2026-01-30 01:31:12.294047
TXN_005275,ACC_0268,ACC_0254,705.66,2026-01-30 01:34:33.986970
TXN_007550,ACC_0124,ACC_0204,4077.6,2026-01-30 01:36:21.901665
TXN_000796,ACC_0222,ACC_0026,3617.49,2026-01-30 01:38:06.577038
TXN_005477,ACC_0295,ACC_0458,286.61,2026-01-30 01:38:38.524384
TXN_004407,ACC_0005,ACC_0349,732.59,2026-01-30 01:39:26.740122
TXN_003960,ACC_0116,ACC_0276,2101.39,2026-01-30 02:08:29.895285
TXN_008435,ACC_0293,ACC_0155,1704.12,2026-01-30 02:28:34.521945
TXN_009907,ACC_0142,ACC_0144,2384.08,2026-01-30 02:29:06.857359
TXN_004816,ACC_0037,ACC_0320,4748.49,2026-01-30 02:31:19.233395
TXN_005353,ACC_0012,ACC_0276,3846.95,2026-01-30 02:31:30.397442
TXN_005234,ACC_0390,ACC_0165,1348.33,2026-01-30 02:33:59.836816
TXN_002620,ACC_0225,ACC_0180,1812.11,2026-01-30 02:40:28.178485
TXN_009323,ACC_0464,ACC_0434,2479.99,2026-01-30 02:50:44.242088
TXN_001504,ACC_0137,ACC_0139,1118.22,2026-01-30 02:52:43.138057
TXN_005457,ACC_0041,ACC_0446,1229.42,2026-01-30 02:53:26.576103
TXN_005180,ACC_0182,ACC_0211,1354.97,2026-01-30 03:04:53.217163
TXN_004333,ACC_0149,ACC_0411,2699.76,2026-01-30 03:09:50.125959
TXN_008742,ACC_0341,ACC_0187,417.44,2026-01-30 03:10:49.822886
TXN_009076,ACC_0453,ACC_0317,640.55,2026-01-30 03:13:26.486271
TXN_009431,ACC_0376,ACC_0042,4988.9,2026-01-30 03:20:57.351181
TXN_007168,ACC_0311,ACC_0376,2095.89,2026-01-30 03:31:02.435109
TXN_008188,ACC_0433,ACC_0274,3461.88,2026-01-30 03:31:19.226935
TXN_000546,ACC_0107,ACC_0241,256.56,2026-01-30 03:36:04.518913
TXN_005543,ACC_0211,ACC_0410,214.43,2026-01-30 03:37:32.824441
TXN_008565,ACC_0419,ACC_0240,279.94,2026-01-30 03:41:29.697655
TXN_008983,ACC_0050,ACC_0045,4218.82,2026-01-30 03:43:18.436313
TXN_005753,ACC_0082,ACC_0122,1021.48,2026-01-30 03:46:19.662902
TXN_003985,ACC_0424,ACC_0145,2415.99,2026-01-30 03:51:25.112450
TXN_001300,ACC_0123,ACC_0301,839.92,2026-01-30 03:53:22.898271
TXN_005325,ACC_0010,ACC_0208,3711.12,2026-01-30 03:56:05.505702
TXN_002642,ACC_0080,ACC_0288,4507.84,2026-01-30 04:01:40.411062
TXN_002963,ACC_0332,ACC_0132,2111.27,2026-01-30 04:12:24.282423
TXN_000924,ACC_0461,ACC_0058,328.27,2026-01-30 04:12:30.596871
TXN_000600,ACC_0108,ACC_0128,282.91,2026-01-30 04:14:07.761096
TXN_007262,ACC_0027,ACC_0226,2653.66,2026-01-30 04:14:39.154203
TXN_001410,ACC_0413,ACC_0334,3900.43,2026-01-30 04:20:36.897143
TXN_003766,ACC_0357,ACC_0455,2579.66,2026-01-30 04:34:16.185682
TXN_008825,ACC_0363,ACC_0389,3345.14,2026-01-30 04:42:19.922968
TXN_009151,ACC_0083,ACC_0102,529.93,2026-01-30 05:02:16.409220
TXN_000888,ACC_0416,ACC_0090,4793.53,2026-01-30 05:03:45.662108
TXN_003417,ACC_0089,ACC_0280,3521.22,2026-01-30 05:09:20.898454
TXN_004124,ACC_0088,ACC_0388,862.76,2026-01-30 05:15:18.222824
TXN_006385,ACC_0400,ACC_0319,1665.86,2026-01-30 05:17:39.097256
TXN_006632,ACC_0317,ACC_0354,872.28,2026-01-30 05:18:35.086792
TXN_001893,ACC_0306,ACC_0363,1146.56,2026-01-30 05:22:21.774081
TXN_004720,ACC_0145,ACC_0470,3069.99,2026-01-30 05:22:59.240432
TXN_004945,ACC_0118,ACC_0240,1103.73,2026-01-30 05:26:06.353078
TXN_004629,ACC_0026,ACC_0457,555.61,2026-01-30 05:36:34.802453
TXN_005113,ACC_0110,ACC_0333,588.46,2026-01-30 05:38:27.078332
TXN_004687,ACC_0357,ACC_0349,261.24,2026-01-30 05:39:10.581790
TXN_007702,ACC_0084,ACC_0121,1015.04,2026-01-30 05:45:23.845398
TXN_006806,ACC_0138,ACC_0028,814.63,2026-01-30 05:48:17.391340
TXN_003191,ACC_0071,ACC_0406,3116.56,2026-01-30 05:48:47.750048
TXN_003008,ACC_0060,ACC_0058,1108.35,2026-01-30 05:56:40.006783
TXN_006516,ACC_0270,ACC_0405,2073.69,2026-01-30 05:59:31.963238
TXN_006462,ACC_0171,ACC_0202,142.26,2026-01-30 06:10:41.580923
TXN_004762,ACC_0362,ACC_0358,2866.91,2026-01-30 06:11:08.234504
TXN_008097,ACC_0001,ACC_0440,315.48,2026-01-30 06:11:54.925918
TXN_002628,ACC_0301,ACC_0062,3247.52,2026-01-30 06:21:56.851969
TXN_001452,ACC_0226,ACC_0223,4902.39,2026-01-30 06:22:54.470543
TXN_009914,ACC_0350,ACC_0285,723.43,2026-01-30 06:23:30.882342
TXN_005709,ACC_0246,ACC_0133,3267.03,2026-01-30 06:30:24.544144
TXN_000813,ACC_0196,ACC_0021,3129.03,2026-01-30 06:30:40.749847
TXN_008998,ACC_0318,ACC_0009,4359.99,2026-01-30 06:35:28.145231
TXN_007839,ACC_0271,ACC_0463,1589.8,2026-01-30 06:36:48.714544
TXN_006135,ACC_0175,ACC_0393,2384.4,2026-01-30 06:40:57.217344
TXN_002290,ACC_0235,ACC_0254,1306.23,2026-01-30 06:49:46.358630
TXN_007985,ACC_0261,ACC_0405,3218.23,2026-01-30 06:57:29.536686
TXN_008315,ACC_0418,ACC_0406,4719.83,2026-01-30 06:58:16.170992
TXN_000460,ACC_0333,ACC_0036,4737.42,2026-01-30 06:58:16.317332
TXN_008516,ACC_0009,ACC_0273,2130.22,2026-01-30 07:05:04.750995
TXN_006034,ACC_0457,ACC_0252,2788.47,2026-01-30 07:09:39.686448
TXN_006116,ACC_0288,ACC_0468,3247.34,2026-01-30 07:15:36.861167
TXN_008483,ACC_0213,ACC_0206,3411.43,2026-01-30 07:19:08.870242
TXN_001008,ACC_0335,ACC_0263,3064.03,2026-01-30 07:25:34.680638
TXN_009116,ACC_0310,ACC_0412,1122.9,2026-01-30 07:28:58.129280
TXN_002443,ACC_0270,ACC_0443,4124.59,2026-01-30 07:41:06.396386
TXN_001310,ACC_0370,ACC_0015,3808.44,2026-01-30 07:42:06.769812
TXN_008346,ACC_0125,ACC_0216,2955.91,2026-01-30 07:43:23.976121
TXN_004569,ACC_0058,ACC_0346,184.51,2026-01-30 07:43:25.143641
TXN_000733,ACC_0178,ACC_0428,4952.22,2026-01-30 07:50:20.179031
TXN_003441,ACC_0309,ACC_0004,2888.88,2026-01-30 07:55:35.775626
TXN_000819,ACC_0028,ACC_0283,3959.77,2026-01-30 07:58:07.172988
TXN_001089,ACC_0263,ACC_0463,145.02,2026-01-30 08:00:52.472840
TXN_006472,ACC_0301,ACC_0311,1486.12,2026-01-30 08:00:57.997908
TXN_004129,ACC_0280,ACC_0343,3142.71,2026-01-30 08:01:42.346551
TXN_009365,ACC_0046,ACC_0377,550.08,2026-01-30 08:15:29.461874
TXN_005529,ACC_0167,ACC_0137,1166.41,2026-01-30 08:18:05.041420
TXN_000553,ACC_0098,ACC_0462,3539.78,2026-01-30 08:18:34.967535
TXN_002823,ACC_0398,ACC_0289,3952.72,2026-01-30 08:29:57.136146
TXN_005312,ACC_0013,ACC_0134,2764.41,2026-01-30 08:32:31.281428
TXN_005333,ACC_0394,ACC_0106,4304.29,2026-01-30 08:45:09.164668
TXN_004299,ACC_0076,ACC_0037,3690.36,2026-01-30 08:46:00.167669
TXN_005428,ACC_0018,ACC_0379,705.43,2026-01-30 08:50:30.010670
TXN_006102,ACC_0210,ACC_0102,3507.81,2026-01-30 08:56:20.800286
TXN_006859,ACC_0375,ACC_0298,229.23,2026-01-30 09:00:55.771406
TXN_003763,ACC_0075,ACC_0101,1999.93,2026-01-30 09:01:55.302899
TXN_005645,ACC_0452,ACC_0033,1036.73,2026-01-30 09:04:15.331838
TXN_008146,ACC_0304,ACC_0188,2344.86,2026-01-30 09:05:36.698902
TXN_006202,ACC_0216,ACC_0317,3485.78,2026-01-30 09:28:04.445766
TXN_008756,ACC_0175,ACC_0259,2219.59,2026-01-30 09:31:20.730056
TXN_004420,ACC_0199,ACC_0024,1322.61,2026-01-30 09:31:40.470855
TXN_002266,ACC_0336,ACC_0346,4624.78,2026-01-30 09:41:25.842414
TXN_002872,ACC_0093,ACC_0118,4551.54,2026-01-30 09:42:56.678253
TXN_005809,ACC_0222,ACC_0311,362.58,2026-01-30 09:45:14.592818
TXN_000075,ACC_0474,ACC_0475,13877.52,2026-01-30 09:48:18.424870
TXN_001247,ACC_0168,ACC_0091,288.72,2026-01-30 09:48:48.859870
TXN_001920,ACC_0369,ACC_0378,1008.69,2026-01-30 10:09:41.652072
TXN_006460,ACC_0342,ACC_0280,3131.49,2026-01-30 10:12:37.319310
TXN_000305,ACC_0397,ACC_0496,7065.67,2026-01-30 10:13:24.525793
TXN_004059,ACC_0442,ACC_0301,1774.54,2026-01-30 10:15:32.235417
TXN_003919,ACC_0459,ACC_0356,2099.77,2026-01-30 10:18:40.932263
TXN_002787,ACC_0065,ACC_0040,3520.58,2026-01-30 10:19:56.972857
TXN_001083,ACC_0465,ACC_0375,3157.25,2026-01-30 10:23:34.425995
TXN_005374,ACC_0162,ACC_0118,4217.49,2026-01-30 10:24:04.820652
TXN_008977,ACC_0395,ACC_0012,3864.6,2026-01-30 10:51:16.847471
TXN_003752,ACC_0317,ACC_0296,4046.53,2026-01-30 11:04:04.755152
TXN_001458,ACC_0294,ACC_0001,4847.91,2026-01-30 11:05:49.943423
TXN_005539,ACC_0074,ACC_0259,821.12,2026-01-30 11:14:07.148395
TXN_003273,ACC_0340,ACC_0313,226.42,2026-01-30 11:15:08.811149
TXN_005187,ACC_0208,ACC_0310,1405.94,2026-01-30 11:16:38.455251
TXN_002029,ACC_0131,ACC_0308,1745.71,2026-01-30 11:16:57.798598
TXN_009394,ACC_0148,ACC_0244,4121.46,2026-01-30 11:24:10.805861
TXN_000104,ACC_0472,ACC_0473,13678.52,2026-01-30 11:26:16.874608
TXN_002643,ACC_0043,ACC_0141,249.83,2026-01-30 11:26:32.194192
TXN_001449,ACC_0390,ACC_0307,3520.51,2026-01-30 11:27:58.481955
TXN_005683,ACC_0409,ACC_0395,3774.23,2026-01-30 11:29:36.506942
TXN_005405,ACC_0186,ACC_0211,1663.03,2026-01-30 11:35:43.008743
TXN_007295,ACC_0323,ACC_0141,4645.45,2026-01-30 11:37:56.127460
TXN_008910,ACC_0078,ACC_0171,4246.83,2026-01-30 11:44:12.748016
TXN_009705,ACC_0419,ACC_0352,2556.47,2026-01-30 11:46:21.444713
TXN_000306,ACC_0496,ACC_0175,6712.39,2026-01-30 11:47:15.748879
TXN_006243,ACC_0006,ACC_0469,2124.41,2026-01-30 11:47:20.844870
TXN_008317,ACC_0174,ACC_0069,2778.33,2026-01-30 11:55:50.145261
TXN_002873,ACC_0139,ACC_0446,4764.54,2026-01-30 11:58:44.141600
TXN_000626,ACC_0449,ACC_0192,4269.92,2026-01-30 12:05:14.656759
TXN_000629,ACC_0166,ACC_0159,1243.05,2026-01-30 12:07:51.655910
TXN_004845,ACC_0324,ACC_0448,4845.66,2026-01-30 12:12:08.721682
TXN_004325,ACC_0330,ACC_0182,4189.27,2026-01-30 12:19:22.223443
TXN_004977,ACC_0338,ACC_0191,109.97,2026-01-30 12:19:50.561918
TXN_007424,ACC_0448,ACC_0221,3412.25,2026-01-30 12:28:42.962784
TXN_004668,ACC_0328,ACC_0377,4884.71,2026-01-30 12:30:13.526865
TXN_008952,ACC_0348,ACC_0236,2648.8,2026-01-30 12:30:58.295854
TXN_007401,ACC_0350,ACC_0040,250.47,2026-01-30 12:34:28.343503
TXN_009927,ACC_0381,ACC_0209,636.56,2026-01-30 12:38:19.730532
TXN_006092,ACC_0320,ACC_0301,2038.19,2026-01-30 12:40:41.926163
TXN_003164,ACC_0395,ACC_0346,3352.42,2026-01-30 12:45:10.626771
TXN_001960,ACC_0309,ACC_0073,4271.81,2026-01-30 12:45:42.343697
TXN_003679,ACC_0393,ACC_0185,4933.04,2026-01-30 12:51:32.824115
TXN_008934,ACC_0196,ACC_0157,1677.47,2026-01-30 12:55:54.082565
TXN_003371,ACC_0166,ACC_0449,703.4,2026-01-30 12:59:41.120716
TXN_003895,ACC_0258,ACC_0426,1075.17,2026-01-30 13:00:29.471006
TXN_002990,ACC_0016,ACC_0029,1957.38,2026-01-30 13:06:05.984081
TXN_002163,ACC_0263,ACC_0016,4502.43,2026-01-30 13:11:24.523991
TXN_009042,ACC_0366,ACC_0007,1391.68,2026-01-30 13:17:37.849465
TXN_009882,ACC_0159,ACC_0207,2934.42,2026-01-30 13:19:49.717433
TXN_006686,ACC_0433,ACC_0332,4062.35,2026-01-30 13:22:20.590942
TXN_009950,ACC_0110,ACC_0104,1259.64,2026-01-30 13:31:52.200688
TXN_000963,ACC_0109,ACC_0027,2980.47,2026-01-30 13:48:14.260275
TXN_006543,ACC_0425,ACC_0370,2486.96,2026-01-30 13:49:31.298549
TXN_006960,ACC_0234,ACC_0332,932.27,2026-01-30 13:51:05.284143
TXN_009827,ACC_0316,ACC_0383,4405.21,2026-01-30 13:52:20.811035
TXN_001307,ACC_0226,ACC_0405,2812.41,2026-01-30 13:52:41.116973
TXN_003727,ACC_0018,ACC_0255,401.33,2026-01-30 14:00:52.262649
TXN_001688,ACC_0246,ACC_0215,4601.84,2026-01-30 14:06:32.950794
TXN_002799,ACC_0277,ACC_0223,3536.04,2026-01-30 14:06:59.028841
TXN_009097,ACC_0115,ACC_0403,1358.79,2026-01-30 14:16:28.650856
TXN_009597,ACC_0013,ACC_0449,1483.57,2026-01-30 14:17:05.632705
TXN_004078,ACC_0170,ACC_0374,3267.05,2026-01-30 14:17:44.986702
TXN_008014,ACC_0008,ACC_0381,4303.88,2026-01-30 14:19:37.589541
TXN_008221,ACC_0255,ACC_0074,490.39,2026-01-30 14:21:04.500068
TXN_001871,ACC_0123,ACC_0067,4970.52,2026-01-30 14:22:35.194035
TXN_005981,ACC_0020,ACC_0017,2689.57,2026-01-30 14:22:42.779679
TXN_003723,ACC_0394,ACC_0271,3886.75,2026-01-30 14:27:17.122235
TXN_004122,ACC_0469,ACC_0412,899.79,2026-01-30 14:30:37.147778
TXN_008076,ACC_0216,ACC_0161,2508.97,2026-01-30 14:32:14.695156
TXN_008755,ACC_0306,ACC_0415,2000.07,2026-01-30 14:55:59.110952
TXN_005078,ACC_0439,ACC_0057,4616.65,2026-01-30 14:57:05.930334
TXN_000317,ACC_0410,ACC_0497,7370.99,2026-01-30 15:08:52.003135
TXN_001887,ACC_0402,ACC_0132,4613.52,2026-01-30 15:09:29.165079
TXN_005889,ACC_0082,ACC_0278,272.25,2026-01-30 15:11:26.412253
TXN_007703,ACC_0144,ACC_0168,631.93,2026-01-30 15:18:58.247186
TXN_000251,ACC_0468,ACC_0494,5007.89,2026-01-30 15:19:02.852036
TXN_007652,ACC_0181,ACC_0002,2950.67,2026-01-30 15:27:38.359041
TXN_000318,ACC_0497,ACC_0364,7002.44,2026-01-30 15:33:07.334931
TXN_004269,ACC_0072,ACC_0217,4660.61,2026-01-30 15:40:57.165531
TXN_009904,ACC_0241,ACC_0242,770.3,2026-01-30 15:42:04.472735
TXN_000728,ACC_0282,ACC_0119,2079.63,2026-01-30 15:42:32.097927
TXN_000454,ACC_0020,ACC_0404,2476.08,2026-01-30 15:45:13.882511
TXN_000428,ACC_0206,ACC_0049,2558.81,2026-01-30 15:48:11.998003
TXN_003973,ACC_0444,ACC_0107,3214.65,2026-01-30 15:51:50.629240
TXN_003393,ACC_0109,ACC_0167,1088.14,2026-01-30 15:54:25.790210
TXN_001925,ACC_0210,ACC_0133,1158.12,2026-01-30 15:58:48.214843
TXN_005896,ACC_0287,ACC_0416,2308.06,2026-01-30 16:02:41.417136
TXN_001877,ACC_0121,ACC_0319,336.51,2026-01-30 16:02:44.247319
TXN_007469,ACC_0375,ACC_0133,4842.72,2026-01-30 16:03:45.467347
TXN_000252,ACC_0494,ACC_0443,4757.5,2026-01-30 16:05:53.621510
TXN_003172,ACC_0073,ACC_0133,574.13,2026-01-30 16:07:41.081594
TXN_000643,ACC_0068,ACC_0350,949.24,2026-01-30 16:12:18.316747
TXN_006388,ACC_0011,ACC_0394,2486.61,2026-01-30 16:13:13.167614
TXN_007713,ACC_0461,ACC_0014,4480.62,2026-01-30 16:14:18.025902
TXN_009799,ACC_0300,ACC_0089,1312.81,2026-01-30 16:14:32.969984
TXN_002523,ACC_0125,ACC_0044,2567.16,2026-01-30 16:15:56.780114
TXN_001815,ACC_0160,ACC_0124,307.18,2026-01-30 16:15:58.409130
TXN_004144,ACC_0026,ACC_0081,1659.03,2026-01-30 16:18:51.627779
TXN_001469,ACC_0295,ACC_0054,3157.25,2026-01-30 16:19:39.239619
TXN_004265,ACC_0043,ACC_0128,3801.57,2026-01-30 16:23:39.618189
TXN_002164,ACC_0441,ACC_0058,601.13,2026-01-30 16:25:38.190927
TXN_003833,ACC_0133,ACC_0309,4401.91,2026-01-30 16:26:29.480125
TXN_003341,ACC_0061,ACC_0215,3641.87,2026-01-30 16:43:02.929043
TXN_006957,ACC_0301,ACC_0357,1962.94,2026-01-30 16:51:22.428565
TXN_000501,ACC_0240,ACC_0157,4333.41,2026-01-30 16:52:56.021842
TXN_003181,ACC_0250,ACC_0197,3098.03,2026-01-30 16:53:45.430978
TXN_000105,ACC_0472,ACC_0473,13254.79,2026-01-30 17:03:43.752028
TXN_005461,ACC_0100,ACC_0367,4899.4,2026-01-30 17:11:01.925276
TXN_009832,ACC_0373,ACC_0266,3389.85,2026-01-30 17:11:28.504524
TXN_009650,ACC_0434,ACC_0277,2507.24,2026-01-30 17:18:52.155382
TXN_007067,ACC_0308,ACC_0017,348.02,2026-01-30 17:19:12.566802
TXN_004227,ACC_0049,ACC_0428,857.03,2026-01-30 17:20:10.517436
TXN_003569,ACC_0262,ACC_0245,745.35,2026-01-30 17:25:01.604864
TXN_008024,ACC_0328,ACC_0143,1848.24,2026-01-30 17:29:30.338424
TXN_007398,ACC_0387,ACC_0049,2488.66,2026-01-30 17:30:36.432076
TXN_008438,ACC_0332,ACC_0197,2976.7,2026-01-30 17:31:47.865940
TXN_007538,ACC_0155,ACC_0150,4262.9,2026-01-30 17:33:42.192268
TXN_009047,ACC_0172,ACC_0306,2010.57,2026-01-30 17:34:17.918042
TXN_001748,ACC_0036,ACC_0278,1594.16,2026-01-30 17:34:21.051505
TXN_004447,ACC_0062,ACC_0070,4638.62,2026-01-30 17:35:34.894969
TXN_007127,ACC_0448,ACC_0026,3944.01,2026-01-30 17:37:06.697540
TXN_006464,ACC_0207,ACC_0135,4866.86,2026-01-30 17:38:09.364998
TXN_003443,ACC_0135,ACC_0243,350.85,2026-01-30 17:48:55.080601
TXN_007833,ACC_0020,ACC_0399,959.99,2026-01-30 17:56:14.155371
TXN_006894,ACC_0229,ACC_0004,3755.66,2026-01-30 17:57:13.238372
TXN_007234,ACC_0158,ACC_0172,1437.61,2026-01-30 18:01:19.584031
TXN_000709,ACC_0376,ACC_0356,4306.42,2026-01-30 18:03:30.484584
TXN_006533,ACC_0124,ACC_0118,546.22,2026-01-30 18:09:56.593062
TXN_003916,ACC_0315,ACC_0317,490.16,2026-01-30 18:12:04.166446
TXN_000718,ACC_0025,ACC_0111,1470.65,2026-01-30 18:25:20.948060
TXN_005979,ACC_0237,ACC_0423,2587.85,2026-01-30 18:27:29.404224
TXN_005467,ACC_0320,ACC_0306,2744.88,2026-01-30 18:32:27.419272
TXN_009375,ACC_0040,ACC_0226,2334.61,2026-01-30 18:36:40.554760
TXN_004585,ACC_0022,ACC_0122,2724.57,2026-01-30 18:36:52.767844
TXN_000345,ACC_0395,ACC_0498,5372.56,2026-01-30 18:37:09.950448
TXN_002116,ACC_0326,ACC_0284,448.8,2026-01-30 18:37:56.832088
TXN_009934,ACC_0307,ACC_0329,3794.67,2026-01-30 18:41:42.280931
TXN_008806,ACC_0332,ACC_0167,4735.99,2026-01-30 18:45:42.779835
TXN_006274,ACC_0401,ACC_0372,1050.07,2026-01-30 18:47:19.442439
TXN_009743,ACC_0067,ACC_0037,1453.5,2026-01-30 18:47:50.156179
TXN_001575,ACC_0086,ACC_0388,3917.1,2026-01-30 18:49:51.875590
TXN_008041,ACC_0287,ACC_0298,2351.49,2026-01-30 18:50:07.570723
TXN_006088,ACC_0398,ACC_0047,4132.43,2026-01-30 18:55:01.479757
TXN_004402,ACC_0407,ACC_0263,3453.28,2026-01-30 19:00:40.528919
TXN_001693,ACC_0285,ACC_0316,3868.03,2026-01-30 19:01:23.145059
TXN_006052,ACC_0364,ACC_0457,940.44,2026-01-30 19:02:20.597978
TXN_006234,ACC_0104,ACC_0024,2062.38,2026-01-30 19:11:05.531273
TXN_007644,ACC_0006,ACC_0457,4044.21,2026-01-30 19:13:00.778049
TXN_000346,ACC_0498,ACC_0370,5103.94,2026-01-30 19:24:45.391539
TXN_005786,ACC_0079,ACC_0212,1676.47,2026-01-30 19:26:43.644439
TXN_007872,ACC_0113,ACC_0459,4029.97,2026-01-30 19:28:47.077862
TXN_006526,ACC_0442,ACC_0308,1179.74,2026-01-30 19:31:49.326071
TXN_004350,ACC_0196,ACC_0024,778.83,2026-01-30 19:34:36.828630
TXN_001136,ACC_0079,ACC_0184,3541.56,2026-01-30 19:42:12.802546
TXN_002713,ACC_0109,ACC_0422,2642.48,2026-01-30 19:47:42.003861
TXN_009829,ACC_0254,ACC_0309,1871.45,2026-01-30 19:50:40.325961
TXN_006517,ACC_0246,ACC_0404,2734.62,2026-01-30 19:57:15.190724
TXN_004240,ACC_0237,ACC_0013,109.67,2026-01-30 19:58:52.427591
TXN_006531,ACC_0241,ACC_0340,4616.11,2026-01-30 20:00:03.148753
TXN_000807,ACC_0211,ACC_0119,2422.95,2026-01-30 20:04:39.682247
TXN_005997,ACC_0323,ACC_0416,3556.35,2026-01-30 20:11:22.834432
TXN_004504,ACC_0089,ACC_0272,4653.01,2026-01-30 20:22:48.091350
TXN_006013,ACC_0347,ACC_0417,4583.54,2026-01-30 20:23:17.443511
TXN_003580,ACC_0169,ACC_0367,3259.27,2026-01-30 20:24:53.471581
TXN_003825,ACC_0459,ACC_0391,424.02,2026-01-30 20:28:42.000415
TXN_003646,ACC_0151,ACC_0154,4497.71,2026-01-30 20:30:01.634208
TXN_000109,ACC_0472,ACC_0473,14672.22,2026-01-30 20:31:06.420246
TXN_009536,ACC_0367,ACC_0310,3858.1,2026-01-30 20:33:43.487902
TXN_000731,ACC_0150,ACC_0311,4502.78,2026-01-30 20:46:06.167646
TXN_000674,ACC_0292,ACC_0249,3873.54,2026-01-30 20:46:12.817009
TXN_000048,ACC_0479,ACC_0480,17610.34,2026-01-30 20:50:50.832162
TXN_009117,ACC_0127,ACC_0175,4830.43,2026-01-30 20:53:58.143929
TXN_004475,ACC_0293,ACC_0167,4228.74,2026-01-30 20:54:52.332033
TXN_007284,ACC_0073,ACC_0074,1671.57,2026-01-30 20:55:24.907053
TXN_001257,ACC_0372,ACC_0025,3321.54,2026-01-30 20:58:08.404891
TXN_007088,ACC_0312,ACC_0364,2201.4,2026-01-30 20:59:59.007627
TXN_001840,ACC_0310,ACC_0399,2555.13,2026-01-30 21:10:29.467785
TXN_006393,ACC_0365,ACC_0186,738.48,2026-01-30 21:15:58.103820
TXN_004487,ACC_0085,ACC_0320,3512.06,2026-01-30 21:22:15.863290
TXN_008101,ACC_0381,ACC_0135,3010.64,2026-01-30 21:45:14.437851
TXN_006595,ACC_0018,ACC_0060,1998.94,2026-01-30 21:48:59.409116
TXN_009118,ACC_0165,ACC_0164,4173.18,2026-01-30 21:50:50.162758
TXN_004530,ACC_0021,ACC_0221,2085.25,2026-01-30 21:52:01.809698
TXN_008850,ACC_0001,ACC_0030,2640.55,2026-01-30 21:54:12.125342
TXN_006474,ACC_0312,ACC_0139,3473.49,2026-01-30 21:55:52.616113
TXN_004711,ACC_0219,ACC_0191,4063.09,2026-01-30 22:00:37.395813
TXN_002941,ACC_0347,ACC_0162,4663.31,2026-01-30 22:06:51.079874
TXN_007371,ACC_0238,ACC_0463,2050.4,2026-01-30 22:11:54.092450
TXN_009730,ACC_0315,ACC_0230,4946.14,2026-01-30 22:18:47.791530
TXN_000400,ACC_0360,ACC_0119,3696.04,2026-01-30 22:23:51.317330
TXN_009492,ACC_0194,ACC_0210,2971.74,2026-01-30 22:29:56.309589
TXN_006247,ACC_0171,ACC_0116,2025.11,2026-01-30 22:40:33.648970
TXN_007522,ACC_0203,ACC_0350,778.28,2026-01-30 22:43:50.088294
TXN_006968,ACC_0110,ACC_0247,108.55,2026-01-30 22:44:50.573996
TXN_002074,ACC_0085,ACC_0307,3830.0,2026-01-30 22:47:59.457864
TXN_005706,ACC_0120,ACC_0421,1173.52,2026-01-30 22:52:34.832003
TXN_005516,ACC_0306,ACC_0325,465.7,2026-01-30 22:54:05.612486
TXN_005927,ACC_0128,ACC_0466,2593.13,2026-01-30 22:56:28.083458
TXN_007335,ACC_0367,ACC_0160,1630.42,2026-01-30 22:58:54.359950
TXN_000616,ACC_0395,ACC_0457,1209.61,2026-01-30 23:02:15.902609
TXN_004107,ACC_0315,ACC_0073,591.09,2026-01-30 23:02:25.264656
TXN_007782,ACC_0141,ACC_0172,450.47,2026-01-30 23:11:59.048360
TXN_006470,ACC_0363,ACC_0156,4710.66,2026-01-30 23:17:29.302231
TXN_002995,ACC_0081,ACC_0165,4494.57,2026-01-30 23:21:01.002559
TXN_002263,ACC_0138,ACC_0270,4537.36,2026-01-30 23:27:37.329732
TXN_002046,ACC_0043,ACC_0054,4081.71,2026-01-30 23:31:48.298002
TXN_009159,ACC_0265,ACC_0249,620.89,2026-01-30 23:32:36.640769
TXN_004549,ACC_0330,ACC_0259,205.71,2026-01-30 23:32:50.058946
TXN_006896,ACC_0073,ACC_0365,933.06,2026-01-30 23:36:03.534723
TXN_001230,ACC_0304,ACC_0223,3414.96,2026-01-30 23:37:08.294398
TXN_006640,ACC_0222,ACC_0112,4558.6,2026-01-30 23:41:59.023557
TXN_005130,ACC_0230,ACC_0364,1227.01,2026-01-30 23:46:31.483675
TXN_006412,ACC_0262,ACC_0360,1120.22,2026-01-30 23:47:34.108178
TXN_001470,ACC_0335,ACC_0107,310.16,2026-01-30 23:50:54.200853
TXN_003697,ACC_0069,ACC_0388,1939.81,2026-01-30 23:52:27.335636
TXN_009269,ACC_0199,ACC_0148,1089.65,2026-01-30 23:54:31.111577
TXN_006191,ACC_0308,ACC_0249,1337.62,2026-01-30 23:54:55.935752
TXN_001107,ACC_0177,ACC_0378,3994.65,2026-01-31 00:02:41.000056
TXN_008226,ACC_0287,ACC_0451,1243.66,2026-01-31 00:04:58.353469
TXN_008367,ACC_0294,ACC_0248,992.58,2026-01-31 00:08:08.948990
TXN_009514,ACC_0178,ACC_0453,1478.84,2026-01-31 00:09:54.426386
TXN_007563,ACC_0345,ACC_0319,2741.01,2026-01-31 00:25:03.152966
TXN_001995,ACC_0385,ACC_0042,123.2,2026-01-31 00:38:28.443948
TXN_005835,ACC_0151,ACC_0163,3747.66,2026-01-31 00:39:46.761244
TXN_006175,ACC_0277,ACC_0179,3567.41,2026-01-31 00:41:36.530081
TXN_004769,ACC_0362,ACC_0046,2540.29,2026-01-31 00:41:50.373034
TXN_006106,ACC_0077,ACC_0021,2984.52,2026-01-31 00:44:48.116061
TXN_007334,ACC_0111,ACC_0169,3755.07,2026-01-31 00:50:22.487828
TXN_008905,ACC_0374,ACC_0043,4105.84,2026-01-31 00:56:14.052574
TXN_009164,ACC_0118,ACC_0160,2098.72,2026-01-31 00:57:24.992140
TXN_005651,ACC_0235,ACC_0405,995.14,2026-01-31 00:57:35.302850
TXN_000737,ACC_0080,ACC_0003,3680.05,2026-01-31 00:59:45.708017
TXN_009873,ACC_0360,ACC_0141,3429.77,2026-01-31 01:05:10.902247
TXN_003922,ACC_0045,ACC_0416,3455.82,2026-01-31 01:31:15.079313
TXN_003947,ACC_0233,ACC_0162,2134.0,2026-01-31 01:33:40.790207
TXN_005840,ACC_0150,ACC_0313,2006.62,2026-01-31 01:42:02.191182
TXN_000627,ACC_0299,ACC_0423,4940.53,2026-01-31 01:47:44.932146
TXN_006132,ACC_0161,ACC_0266,1922.64,2026-01-31 01:49:01.422165
TXN_006378,ACC_0299,ACC_0050,3029.72,2026-01-31 01:57:29.175073
TXN_002270,ACC_0430,ACC_0007,3269.67,2026-01-31 02:05:09.343971
TXN_003765,ACC_0135,ACC_0094,4084.39,2026-01-31 02:05:30.303191
TXN_002828,ACC_0465,ACC_0360,1551.29,2026-01-31 02:08:09.992678
TXN_009571,ACC_0023,ACC_0081,3328.54,2026-01-31 02:15:41.309360
TXN_001152,ACC_0056,ACC_0277,2009.4,2026-01-31 02:19:24.421573
TXN_003481,ACC_0254,ACC_0288,3329.72,2026-01-31 02:26:33.348474
TXN_002881,ACC_0411,ACC_0143,4799.33,2026-01-31 02:32:12.715199
TXN_007559,ACC_0287,ACC_0125,1678.35,2026-01-31 02:32:45.171415
TXN_009241,ACC_0231,ACC_0082,2398.42,2026-01-31 02:36:43.432672
TXN_008902,ACC_0377,ACC_0175,4160.11,2026-01-31 02:56:12.898759
TXN_003314,ACC_0463,ACC_0310,2596.84,2026-01-31 02:56:49.897473
TXN_000139,ACC_0184,ACC_0487,6323.69,2026-01-31 02:57:36.961377
TXN_003232,ACC_0402,ACC_0108,4551.51,2026-01-31 03:07:46.811525
TXN_000140,ACC_0487,ACC_0280,6007.51,2026-01-31 03:11:32.245425
TXN_000209,ACC_0167,ACC_0491,3496.46,2026-01-31 03:21:00.293720
TXN_000210,ACC_0491,ACC_0243,3321.63,2026-01-31 03:35:26.980914
TXN_001010,ACC_0210,ACC_0188,1932.64,2026-01-31 03:46:42.280006
TXN_002806,ACC_0442,ACC_0138,2884.06,2026-01-31 03:47:24.605001
TXN_000944,ACC_0158,ACC_0431,3833.8,2026-01-31 03:49:28.888945
TXN_004470,ACC_0065,ACC_0208,1135.58,2026-01-31 03:59:55.156106
TXN_001232,ACC_0414,ACC_0065,1217.01,2026-01-31 04:01:15.709947
TXN_005686,ACC_0164,ACC_0349,4118.93,2026-01-31 04:02:45.908941
TXN_009196,ACC_0325,ACC_0442,4522.34,2026-01-31 04:05:33.867252
TXN_009947,ACC_0100,ACC_0111,1589.69,2026-01-31 04:07:50.082245
TXN_000809,ACC_0183,ACC_0357,3783.11,2026-01-31 04:14:44.844880
TXN_002809,ACC_0332,ACC_0167,3969.38,2026-01-31 04:18:34.091379
TXN_000599,ACC_0349,ACC_0172,4166.64,2026-01-31 04:35:42.365434
TXN_003483,ACC_0150,ACC_0182,460.55,2026-01-31 04:46:21.736582
TXN_002196,ACC_0059,ACC_0185,325.73,2026-01-31 04:52:20.365464
TXN_006082,ACC_0158,ACC_0430,2701.21,2026-01-31 04:55:13.363394
TXN_000846,ACC_0182,ACC_0015,541.43,2026-01-31 04:58:31.300479
TXN_007557,ACC_0179,ACC_0203,1296.47,2026-01-31 05:00:13.702438
TXN_001106,ACC_0245,ACC_0085,4380.57,2026-01-31 05:08:28.835575
TXN_007025,ACC_0260,ACC_0430,367.61,2026-01-31 05:08:49.357023
TXN_004515,ACC_0238,ACC_0023,1285.12,2026-01-31 05:12:31.950775
TXN_004552,ACC_0285,ACC_0169,2918.34,2026-01-31 05:15:41.849224
TXN_001851,ACC_0360,ACC_0262,4271.16,2026-01-31 05:18:27.121787
TXN_009899,ACC_0021,ACC_0082,4051.88,2026-01-31 05:24:13.938598
TXN_003428,ACC_0074,ACC_0293,4395.63,2026-01-31 05:27:59.979065
TXN_001686,ACC_0177,ACC_0087,1935.51,2026-01-31 05:28:16.692416
TXN_003976,ACC_0020,ACC_0406,2834.25,2026-01-31 05:29:41.042841
TXN_009808,ACC_0259,ACC_0088,4522.71,2026-01-31 05:37:56.976214
TXN_003500,ACC_0253,ACC_0052,2572.55,2026-01-31 05:38:28.483279
TXN_003673,ACC_0192,ACC_0449,1086.5,2026-01-31 05:40:09.151603
TXN_004011,ACC_0245,ACC_0150,1929.43,2026-01-31 05:54:17.106232
TXN_004708,ACC_0470,ACC_0087,2163.06,2026-01-31 05:55:22.070600
TXN_004848,ACC_0447,ACC_0451,3779.17,2026-01-31 06:00:34.284954
TXN_009290,ACC_0339,ACC_0437,1640.87,2026-01-31 06:06:50.698969
TXN_005151,ACC_0328,ACC_0036,1763.87,2026-01-31 06:11:55.944098
TXN_008927,ACC_0287,ACC_0200,4886.03,2026-01-31 06:12:16.872205
TXN_009109,ACC_0073,ACC_0081,4416.29,2026-01-31 06:16:23.029997
TXN_003921,ACC_0155,ACC_0099,3760.46,2026-01-31 06:18:29.617095
TXN_006080,ACC_0464,ACC_0199,2477.34,2026-01-31 06:21:22.919058
TXN_006561,ACC_0134,ACC_0246,3452.82,2026-01-31 06:21:25.888937
TXN_001996,ACC_0341,ACC_0206,317.27,2026-01-31 06:21:42.816387
TXN_000780,ACC_0060,ACC_0109,2376.04,2026-01-31 06:25:27.170201
TXN_008063,ACC_0253,ACC_0391,4556.47,2026-01-31 06:25:33.179298
TXN_000590,ACC_0167,ACC_0218,2663.54,2026-01-31 06:27:53.227519
TXN_009804,ACC_0357,ACC_0390,1357.62,2026-01-31 06:29:25.980582
TXN_005437,ACC_0242,ACC_0091,1143.01,2026-01-31 06:39:34.627940
TXN_002446,ACC_0266,ACC_0243,1273.71,2026-01-31 06:42:31.936858
TXN_002519,ACC_0155,ACC_0220,4336.06,2026-01-31 06:42:52.375387
TXN_009973,ACC_0386,ACC_0329,3678.14,2026-01-31 06:43:56.378645
TXN_003665,ACC_0355,ACC_0038,785.44,2026-01-31 06:49:10.863552
TXN_009343,ACC_0171,ACC_0057,4306.59,2026-01-31 06:52:03.382655
TXN_000949,ACC_0226,ACC_0406,4301.5,2026-01-31 06:53:59.726562
TXN_004039,ACC_0106,ACC_0041,3899.28,2026-01-31 07:01:11.895432
TXN_004199,ACC_0122,ACC_0011,1768.21,2026-01-31 07:18:52.187599
TXN_004943,ACC_0347,ACC_0177,141.29,2026-01-31 07:19:09.487659
TXN_001510,ACC_0143,ACC_0170,2901.1,2026-01-31 07:22:51.869352
TXN_001593,ACC_0174,ACC_0294,4910.29,2026-01-31 07:23:44.440036
TXN_003005,ACC_0186,ACC_0236,408.37,2026-01-31 07:28:18.163775
TXN_007326,ACC_0216,ACC_0236,2346.67,2026-01-31 07:29:25.929915
TXN_000645,ACC_0392,ACC_0025,1044.49,2026-01-31 07:30:22.791748
TXN_001128,ACC_0234,ACC_0243,1012.82,2026-01-31 07:37:07.436588
TXN_006625,ACC_0009,ACC_0031,4813.39,2026-01-31 07:37:53.560461
TXN_001991,ACC_0358,ACC_0378,4515.57,2026-01-31 07:42:06.993888
TXN_001578,ACC_0389,ACC_0442,3298.27,2026-01-31 07:46:00.777265
TXN_004683,ACC_0434,ACC_0393,1846.38,2026-01-31 07:52:04.581147
TXN_008339,ACC_0255,ACC_0410,3629.52,2026-01-31 07:56:48.784460
TXN_004136,ACC_0237,ACC_0167,1475.55,2026-01-31 07:58:30.846204
TXN_006931,ACC_0035,ACC_0233,2198.15,2026-01-31 07:58:44.203429
TXN_002905,ACC_0135,ACC_0417,780.22,2026-01-31 08:09:02.820742
TXN_003149,ACC_0020,ACC_0167,1154.06,2026-01-31 08:09:17.424472
TXN_002661,ACC_0111,ACC_0076,4919.8,2026-01-31 08:10:40.655869
TXN_002070,ACC_0019,ACC_0329,4573.92,2026-01-31 08:11:42.583876
TXN_000868,ACC_0038,ACC_0152,1970.67,2026-01-31 08:23:04.837934
TXN_000303,ACC_0137,ACC_0496,7337.35,2026-01-31 08:24:19.984707
TXN_008822,ACC_0285,ACC_0245,2691.13,2026-01-31 08:30:36.827344
TXN_002934,ACC_0294,ACC_0035,592.96,2026-01-31 08:34:01.225713
TXN_002832,ACC_0399,ACC_0049,4151.94,2026-01-31 08:46:10.774762
TXN_009031,ACC_0367,ACC_0166,3216.37,2026-01-31 08:47:45.252061
TXN_003999,ACC_0231,ACC_0366,3081.97,2026-01-31 08:52:24.919913
TXN_003152,ACC_0033,ACC_0206,1817.82,2026-01-31 08:53:28.708654
TXN_004000,ACC_0403,ACC_0131,4014.2,2026-01-31 08:55:38.930580
TXN_002973,ACC_0148,ACC_0335,4920.53,2026-01-31 08:57:39.519404
TXN_008658,ACC_0252,ACC_0031,3230.54,2026-01-31 09:06:10.991870
TXN_002373,ACC_0120,ACC_0078,2020.72,2026-01-31 09:11:49.388149
TXN_001885,ACC_0022,ACC_0214,865.42,2026-01-31 09:15:18.700721
TXN_008693,ACC_0062,ACC_0180,639.86,2026-01-31 09:15:47.874901
TXN_000861,ACC_0118,ACC_0461,3066.61,2026-01-31 09:16:53.353014
TXN_006977,ACC_0218,ACC_0331,1084.23,2026-01-31 09:18:21.894015
TXN_004381,ACC_0245,ACC_0134,4596.84,2026-01-31 09:26:12.829645
TXN_007165,ACC_0378,ACC_0440,3558.91,2026-01-31 09:28:21.342556
TXN_009495,ACC_0054,ACC_0205,1033.49,2026-01-31 09:33:00.474795
TXN_000304,ACC_0496,ACC_0460,6970.49,2026-01-31 09:35:04.605209
TXN_003345,ACC_0459,ACC_0021,1030.82,2026-01-31 09:35:22.434684
TXN_000393,ACC_0427,ACC_0500,3392.75,2026-01-31 09:35:50.330029
TXN_000564,ACC_0218,ACC_0174,1540.57,2026-01-31 09:37:15.833262
TXN_001251,ACC_0156,ACC_0019,1010.22,2026-01-31 09:43:57.372026
TXN_008849,ACC_0230,ACC_0250,2218.5,2026-01-31 09:48:25.788721
TXN_009655,ACC_0134,ACC_0328,3642.38,2026-01-31 09:52:08.075630
TXN_000123,ACC_0044,ACC_0486,6004.98,2026-01-31 09:52:37.897178
TXN_001539,ACC_0072,ACC_0015,3011.96,2026-01-31 10:09:09.560956
TXN_009758,ACC_0238,ACC_0448,2632.05,2026-01-31 10:09:12.664862
TXN_007325,ACC_0042,ACC_0039,4600.54,2026-01-31 10:11:33.235966
TXN_002589,ACC_0263,ACC_0192,3957.44,2026-01-31 10:18:36.626022
TXN_007342,ACC_0024,ACC_0418,3362.04,2026-01-31 10:23:18.274605
TXN_008706,ACC_0345,ACC_0083,4061.17,2026-01-31 10:23:24.830404
TXN_001244,ACC_0010,ACC_0116,4251.07,2026-01-31 10:23:28.508347
TXN_006288,ACC_0157,ACC_0179,3855.92,2026-01-31 10:23:42.834538
TXN_009709,ACC_0218,ACC_0027,4910.7,2026-01-31 10:24:43.608523
TXN_004896,ACC_0193,ACC_0022,2440.86,2026-01-31 10:25:57.014304
TXN_001150,ACC_0036,ACC_0215,3104.38,2026-01-31 10:35:22.373979
TXN_000072,ACC_0474,ACC_0475,20866.13,2026-01-31 10:35:34.350615
TXN_000747,ACC_0182,ACC_0166,4886.73,2026-01-31 10:40:51.833449
TXN_006845,ACC_0233,ACC_0029,2097.92,2026-01-31 10:41:53.856518
TXN_001531,ACC_0088,ACC_0206,1613.57,2026-01-31 11:02:40.125950
TXN_009782,ACC_0206,ACC_0240,3980.86,2026-01-31 11:03:11.527987
TXN_009736,ACC_0312,ACC_0450,837.54,2026-01-31 11:11:48.757330
TXN_005286,ACC_0042,ACC_0295,1321.36,2026-01-31 11:13:24.260201
TXN_000394,ACC_0500,ACC_0084,3223.11,2026-01-31 11:14:16.901595
TXN_006295,ACC_0026,ACC_0232,2350.93,2026-01-31 11:18:13.017786
TXN_008454,ACC_0235,ACC_0365,3345.18,2026-01-31 11:19:39.841172
TXN_002156,ACC_0364,ACC_0429,1416.62,2026-01-31 11:21:25.408772
TXN_000124,ACC_0486,ACC_0113,5704.73,2026-01-31 11:27:57.792530
TXN_006503,ACC_0361,ACC_0190,2906.18,2026-01-31 11:28:49.172323
TXN_004743,ACC_0129,ACC_0330,3692.09,2026-01-31 11:30:24.066663
TXN_006162,ACC_0262,ACC_0038,4352.2,2026-01-31 11:30:43.382529
TXN_004102,ACC_0307,ACC_0013,575.23,2026-01-31 11:31:18.518996
TXN_009762,ACC_0353,ACC_0285,3274.55,2026-01-31 11:31:42.812537
TXN_007983,ACC_0377,ACC_0045,3752.91,2026-01-31 11:34:33.429663
TXN_002451,ACC_0074,ACC_0233,1889.3,2026-01-31 11:35:33.974617
TXN_007853,ACC_0378,ACC_0365,3771.57,2026-01-31 11:37:55.271431
TXN_003779,ACC_0197,ACC_0280,2862.68,2026-01-31 11:54:25.957253
TXN_007282,ACC_0012,ACC_0382,2877.96,2026-01-31 11:55:10.587603
TXN_001724,ACC_0099,ACC_0076,3411.1,2026-01-31 11:55:42.566645
TXN_001615,ACC_0459,ACC_0375,4256.16,2026-01-31 12:03:53.353608
TXN_003864,ACC_0042,ACC_0287,385.12,2026-01-31 12:08:00.922448
TXN_004661,ACC_0113,ACC_0233,3672.26,2026-01-31 12:29:35.942557
TXN_005020,ACC_0064,ACC_0274,319.66,2026-01-31 12:29:54.639864
TXN_009551,ACC_0379,ACC_0395,188.65,2026-01-31 12:35:18.488993
TXN_004853,ACC_0005,ACC_0464,3320.02,2026-01-31 12:40:26.595956
TXN_008547,ACC_0362,ACC_0411,4760.24,2026-01-31 12:41:21.371682
TXN_006628,ACC_0040,ACC_0142,1911.77,2026-01-31 12:41:34.037963
TXN_007656,ACC_0415,ACC_0117,2238.27,2026-01-31 12:51:40.567527
TXN_002988,ACC_0027,ACC_0452,3707.98,2026-01-31 12:54:42.715037
TXN_002694,ACC_0106,ACC_0234,2270.07,2026-01-31 13:01:27.360731
TXN_007036,ACC_0311,ACC_0069,4440.8,2026-01-31 13:07:07.759262
TXN_001557,ACC_0300,ACC_0432,3512.19,2026-01-31 13:10:03.211877
TXN_002705,ACC_0215,ACC_0190,4717.92,2026-01-31 13:11:29.561565
TXN_000227,ACC_0421,ACC_0492,10316.86,2026-01-31 13:12:58.936860
TXN_007073,ACC_0361,ACC_0465,2023.24,2026-01-31 13:14:08.663315
TXN_000663,ACC_0029,ACC_0269,4319.13,2026-01-31 13:14:14.014443
TXN_003747,ACC_0209,ACC_0252,2402.79,2026-01-31 13:14:31.864902
TXN_006314,ACC_0004,ACC_0198,4653.0,2026-01-31 13:17:41.715183
TXN_007359,ACC_0407,ACC_0335,1461.83,2026-01-31 13:25:32.814441
TXN_003616,ACC_0400,ACC_0307,2304.8,2026-01-31 13:26:00.608339
TXN_003854,ACC_0033,ACC_0129,4883.87,2026-01-31 13:28:33.112747
TXN_003154,ACC_0434,ACC_0418,3222.04,2026-01-31 13:34:56.109433
TXN_008138,ACC_0402,ACC_0250,2409.42,2026-01-31 13:35:45.309890
TXN_003625,ACC_0005,ACC_0175,4551.2,2026-01-31 13:40:28.099333
TXN_003674,ACC_0250,ACC_0408,1866.14,2026-01-31 13:41:01.247151
TXN_006222,ACC_0322,ACC_0464,3247.11,2026-01-31 13:46:45.509970
TXN_002485,ACC_0148,ACC_0138,110.98,2026-01-31 13:48:10.506711
TXN_003488,ACC_0434,ACC_0111,1709.5,2026-01-31 13:50:54.767360
TXN_005178,ACC_0196,ACC_0093,1915.37,2026-01-31 13:52:55.465243
TXN_006792,ACC_0121,ACC_0412,1955.23,2026-01-31 13:55:13.099125
TXN_001160,ACC_0135,ACC_0148,4845.32,2026-01-31 13:57:03.880964
TXN_004253,ACC_0459,ACC_0142,2056.6,2026-01-31 14:02:57.655642
TXN_003623,ACC_0316,ACC_0434,4110.69,2026-01-31 14:04:14.023976
TXN_005760,ACC_0070,ACC_0436,3976.14,2026-01-31 14:08:19.706735
TXN_008585,ACC_0440,ACC_0269,185.36,2026-01-31 14:09:17.436565
TXN_003022,ACC_0293,ACC_0331,2636.86,2026-01-31 14:15:39.323004
TXN_009977,ACC_0372,ACC_0407,3242.38,2026-01-31 14:20:15.910956
TXN_009744,ACC_0128,ACC_0457,4059.19,2026-01-31 14:29:01.577311
TXN_000583,ACC_0030,ACC_0412,3643.78,2026-01-31 14:30:08.516681
TXN_000228,ACC_0492,ACC_0220,9801.02,2026-01-31 14:31:14.446703
TXN_000444,ACC_0437,ACC_0130,3483.39,2026-01-31 14:40:45.435212
TXN_002315,ACC_0346,ACC_0388,1346.25,2026-01-31 14:41:02.301150
TXN_000706,ACC_0125,ACC_0086,166.07,2026-01-31 14:41:32.283566
TXN_005156,ACC_0174,ACC_0094,3223.21,2026-01-31 14:43:26.362614
TXN_005781,ACC_0287,ACC_0335,3071.26,2026-01-31 14:43:50.899938
TXN_008073,ACC_0443,ACC_0326,3532.08,2026-01-31 14:46:22.980023
TXN_003067,ACC_0142,ACC_0274,3583.59,2026-01-31 14:50:12.238979
TXN_008765,ACC_0211,ACC_0272,4946.65,2026-01-31 14:58:17.379619
TXN_000215,ACC_0367,ACC_0491,13336.4,2026-01-31 14:58:22.978258
TXN_002056,ACC_0340,ACC_0060,2566.4,2026-01-31 15:10:25.169490
TXN_009615,ACC_0099,ACC_0279,2806.17,2026-01-31 15:16:25.692492
TXN_006374,ACC_0128,ACC_0108,761.58,2026-01-31 15:23:45.277207
TXN_002238,ACC_0009,ACC_0281,3045.31,2026-01-31 15:26:09.812616
TXN_007923,ACC_0246,ACC_0148,3947.05,2026-01-31 15:32:36.963524
TXN_001262,ACC_0037,ACC_0309,1920.4,2026-01-31 15:34:38.420419
TXN_007970,ACC_0358,ACC_0144,2434.46,2026-01-31 15:35:03.299134
TXN_009633,ACC_0286,ACC_0308,4002.98,2026-01-31 15:46:41.283882
TXN_009810,ACC_0416,ACC_0392,2675.59,2026-01-31 15:48:34.261818
TXN_005872,ACC_0381,ACC_0259,471.89,2026-01-31 15:55:53.349054
TXN_001964,ACC_0393,ACC_0300,4236.17,2026-01-31 15:56:18.825492
TXN_003387,ACC_0386,ACC_0093,970.42,2026-01-31 15:58:29.359644
TXN_002925,ACC_0125,ACC_0336,588.55,2026-01-31 16:03:54.628575
TXN_009656,ACC_0202,ACC_0104,2007.28,2026-01-31 16:04:32.079046
TXN_000216,ACC_0491,ACC_0331,12669.58,2026-01-31 16:14:25.630640
TXN_003491,ACC_0060,ACC_0219,2558.52,2026-01-31 16:18:00.650639
TXN_007039,ACC_0184,ACC_0420,3309.24,2026-01-31 16:24:28.250011
TXN_001508,ACC_0361,ACC_0073,2353.07,2026-01-31 16:25:14.127646
TXN_006306,ACC_0046,ACC_0217,2430.16,2026-01-31 16:26:52.433721
TXN_009697,ACC_0282,ACC_0020,2557.37,2026-01-31 16:34:09.624953
TXN_009170,ACC_0328,ACC_0297,1266.89,2026-01-31 16:36:18.119613
TXN_008926,ACC_0238,ACC_0340,2530.0,2026-01-31 16:46:00.520561
TXN_004986,ACC_0468,ACC_0134,866.54,2026-01-31 16:48:26.805749
TXN_000870,ACC_0061,ACC_0008,183.24,2026-01-31 16:52:48.616276
TXN_000203,ACC_0049,ACC_0490,6299.63,2026-01-31 16:55:17.617919
TXN_009189,ACC_0205,ACC_0253,3674.79,2026-01-31 16:55:28.655310
TXN_008233,ACC_0247,ACC_0275,2351.91,2026-01-31 16:56:53.820837
TXN_007093,ACC_0063,ACC_0377,3584.12,2026-01-31 17:02:42.020844
TXN_007757,ACC_0395,ACC_0238,3437.3,2026-01-31 17:14:15.618255
TXN_004642,ACC_0285,ACC_0003,3472.66,2026-01-31 17:15:15.907784
TXN_005580,ACC_0371,ACC_0228,2116.25,2026-01-31 17:23:00.304769
TXN_003776,ACC_0379,ACC_0194,1136.37,2026-01-31 17:25:42.735701
TXN_007135,ACC_0087,ACC_0376,1736.79,2026-01-31 17:35:40.707632
TXN_003913,ACC_0411,ACC_0414,2461.66,2026-01-31 17:37:10.822927
TXN_008609,ACC_0425,ACC_0374,3800.58,2026-01-31 17:37:47.737207
TXN_006153,ACC_0069,ACC_0181,1939.73,2026-01-31 17:38:05.557644
TXN_000556,ACC_0401,ACC_0385,1251.52,2026-01-31 17:57:42.638706
TXN_002123,ACC_0028,ACC_0122,2599.24,2026-01-31 18:02:26.786665
TXN_009622,ACC_0341,ACC_0067,391.24,2026-01-31 18:02:29.767991
TXN_002979,ACC_0345,ACC_0371,2816.04,2026-01-31 18:03:05.892096
TXN_008831,ACC_0431,ACC_0079,3883.49,2026-01-31 18:07:57.317451
TXN_000675,ACC_0323,ACC_0459,3166.99,2026-01-31 18:08:36.841203
TXN_008149,ACC_0073,ACC_0309,1502.47,2026-01-31 18:12:39.294734
TXN_000031,ACC_0476,ACC_0477,10992.33,2026-01-31 18:17:22.605005
TXN_002540,ACC_0416,ACC_0190,4612.77,2026-01-31 18:28:13.773981
TXN_003662,ACC_0125,ACC_0320,3470.24,2026-01-31 18:36:16.164199
TXN_008897,ACC_0068,ACC_0359,3191.32,2026-01-31 18:36:24.872385
TXN_001414,ACC_0343,ACC_0006,1755.88,2026-01-31 18:37:12.429762
TXN_000204,ACC_0490,ACC_0015,5984.65,2026-01-31 18:40:04.568304
TXN_007996,ACC_0289,ACC_0034,3495.79,2026-01-31 18:42:28.652505
TXN_002637,ACC_0027,ACC_0008,1045.34,2026-01-31 18:50:23.477362
TXN_008750,ACC_0407,ACC_0183,1683.35,2026-01-31 18:51:35.711118
TXN_007549,ACC_0137,ACC_0278,3152.9,2026-01-31 19:00:15.592527
TXN_009145,ACC_0100,ACC_0306,882.96,2026-01-31 19:05:32.276829
TXN_002382,ACC_0098,ACC_0092,691.24,2026-01-31 19:06:55.294792
TXN_004334,ACC_0351,ACC_0251,3707.1,2026-01-31 19:21:50.932351
TXN_007898,ACC_0312,ACC_0204,3383.03,2026-01-31 19:27:16.973687
TXN_008407,ACC_0463,ACC_0169,4740.79,2026-01-31 19:35:47.995402
TXN_005550,ACC_0039,ACC_0134,4414.13,2026-01-31 19:36:46.610369
TXN_004940,ACC_0253,ACC_0399,2089.83,2026-01-31 19:37:34.976757
TXN_007448,ACC_0405,ACC_0041,4238.89,2026-01-31 19:40:09.149615
TXN_006370,ACC_0459,ACC_0378,259.48,2026-01-31 19:40:37.212257
TXN_002208,ACC_0351,ACC_0045,3660.73,2026-01-31 19:46:57.957029
TXN_008404,ACC_0173,ACC_0041,2373.7,2026-01-31 19:47:26.539295
TXN_009006,ACC_0133,ACC_0027,337.29,2026-01-31 19:55:57.970158
TXN_000841,ACC_0357,ACC_0165,1831.1,2026-01-31 19:57:26.951932
TXN_008563,ACC_0246,ACC_0210,2024.35,2026-01-31 19:57:56.464520
TXN_006671,ACC_0073,ACC_0421,3460.11,2026-01-31 19:59:50.319514
TXN_009638,ACC_0270,ACC_0224,121.9,2026-01-31 20:13:19.218513
TXN_006918,ACC_0258,ACC_0408,614.75,2026-01-31 20:13:29.300539
TXN_000577,ACC_0149,ACC_0152,2041.26,2026-01-31 20:20:09.950579
TXN_006066,ACC_0066,ACC_0227,758.06,2026-01-31 20:34:48.508678
TXN_006073,ACC_0180,ACC_0208,3584.41,2026-01-31 20:41:32.849772
TXN_004763,ACC_0009,ACC_0126,3025.8,2026-01-31 20:44:11.946603
TXN_005879,ACC_0410,ACC_0264,571.54,2026-01-31 20:49:29.889043
TXN_003575,ACC_0198,ACC_0194,2351.66,2026-01-31 20:51:16.120982
TXN_008722,ACC_0335,ACC_0179,4846.75,2026-01-31 20:51:38.589072
TXN_003024,ACC_0375,ACC_0218,1146.44,2026-01-31 20:52:27.989395
TXN_004049,ACC_0267,ACC_0020,3387.01,2026-01-31 20:58:22.951883
TXN_003883,ACC_0228,ACC_0259,1214.4,2026-01-31 20:59:27.364537
TXN_006198,ACC_0199,ACC_0193,2916.71,2026-01-31 21:00:43.011690
TXN_006442,ACC_0198,ACC_0033,1680.94,2026-01-31 21:00:46.037374
TXN_002719,ACC_0012,ACC_0056,3495.25,2026-01-31 21:01:00.648050
TXN_008244,ACC_0117,ACC_0327,3385.07,2026-01-31 21:01:20.649000
TXN_004331,ACC_0306,ACC_0386,1356.39,2026-01-31 21:16:21.585013
TXN_009558,ACC_0454,ACC_0434,4179.73,2026-01-31 21:21:31.570574
TXN_004948,ACC_0291,ACC_0429,2775.72,2026-01-31 21:21:49.760346
TXN_007041,ACC_0406,ACC_0018,3786.4,2026-01-31 21:24:04.636866
TXN_008888,ACC_0464,ACC_0134,249.25,2026-01-31 21:31:31.077457
TXN_008671,ACC_0261,ACC_0467,3884.61,2026-01-31 21:39:04.883191
TXN_008118,ACC_0312,ACC_0437,1472.65,2026-01-31 21:40:51.699916
TXN_000658,ACC_0355,ACC_0403,3716.24,2026-01-31 21:43:25.849671
TXN_002124,ACC_0315,ACC_0406,2534.7,2026-01-31 21:52:46.299217
TXN_008225,ACC_0211,ACC_0395,2856.99,2026-01-31 21:54:21.998167
TXN_007950,ACC_0066,ACC_0222,746.46,2026-01-31 22:09:15.925823
TXN_000581,ACC_0384,ACC_0431,4847.75,2026-01-31 22:12:40.467789
TXN_006842,ACC_0219,ACC_0366,2689.94,2026-01-31 22:13:52.763489
TXN_004391,ACC_0246,ACC_0081,1138.36,2026-01-31 22:23:08.574307
TXN_003030,ACC_0017,ACC_0090,458.2,2026-01-31 22:30:07.316218
TXN_000291,ACC_0164,ACC_0495,11982.51,2026-01-31 22:31:47.531075
TXN_009438,ACC_0141,ACC_0455,1831.66,2026-01-31 22:36:59.821995
TXN_001589,ACC_0401,ACC_0292,4318.95,2026-01-31 22:41:36.609521
TXN_007420,ACC_0079,ACC_0083,3144.8,2026-01-31 22:49:17.559867
TXN_009943,ACC_0229,ACC_0397,1005.96,2026-01-31 22:52:45.451574
TXN_002383,ACC_0328,ACC_0307,4945.11,2026-01-31 22:55:07.212927
TXN_000143,ACC_0095,ACC_0487,6907.94,2026-01-31 23:03:10.746303
TXN_005168,ACC_0467,ACC_0464,943.66,2026-01-31 23:04:03.287836
TXN_001336,ACC_0147,ACC_0276,3504.66,2026-01-31 23:07:16.657143
TXN_008830,ACC_0220,ACC_0025,289.64,2026-01-31 23:08:49.360233
TXN_001894,ACC_0138,ACC_0423,776.24,2026-01-31 23:11:58.690367
TXN_005865,ACC_0381,ACC_0454,4026.72,2026-01-31 23:15:10.297775
TXN_006698,ACC_0114,ACC_0368,1592.98,2026-01-31 23:15:11.197306
TXN_003014,ACC_0008,ACC_0083,2429.68,2026-01-31 23:15:46.477259
TXN_009115,ACC_0334,ACC_0340,3532.82,2026-01-31 23:17:22.038760
TXN_000966,ACC_0312,ACC_0163,262.62,2026-01-31 23:19:44.213918
TXN_008990,ACC_0062,ACC_0129,3129.23,2026-01-31 23:23:08.390504
TXN_007441,ACC_0360,ACC_0095,4778.84,2026-01-31 23:34:45.971950
TXN_004307,ACC_0361,ACC_0094,2723.57,2026-01-31 23:37:05.376661
TXN_008092,ACC_0304,ACC_0314,1331.05,2026-01-31 23:42:54.796790
TXN_000144,ACC_0487,ACC_0406,6562.54,2026-01-31 23:43:43.270491
TXN_005103,ACC_0378,ACC_0041,1797.37,2026-01-31 23:45:50.555760
TXN_002841,ACC_0159,ACC_0244,1552.45,2026-01-31 23:51:24.117450
TXN_008044,ACC_0267,ACC_0454,1870.14,2026-01-31 23:53:41.352641
TXN_001211,ACC_0216,ACC_0316,1652.63,2026-02-01 00:01:55.286856
TXN_008114,ACC_0460,ACC_0113,2405.71,2026-02-01 00:10:08.667375
TXN_007317,ACC_0001,ACC_0395,4873.4,2026-02-01 00:14:21.266789
TXN_002703,ACC_0081,ACC_0166,3314.59,2026-02-01 00:14:52.445448
TXN_000292,ACC_0495,ACC_0267,11383.38,2026-02-01 00:19:56.129301
TXN_004088,ACC_0098,ACC_0352,2757.02,2026-02-01 00:20:42.041853
TXN_000213,ACC_0060,ACC_0491,12826.4,2026-02-01 00:23:33.618567
TXN_006997,ACC_0416,ACC_0368,2901.48,2026-02-01 00:24:50.124865
TXN_000383,ACC_0290,ACC_0500,13252.17,2026-02-01 00:29:03.187343
TXN_008898,ACC_0100,ACC_0381,2011.41,2026-02-01 00:30:13.368276
TXN_004445,ACC_0030,ACC_0392,2047.37,2026-02-01 00:37:53.328140
TXN_009155,ACC_0206,ACC_0329,4734.71,2026-02-01 00:39:11.552509
TXN_000384,ACC_0500,ACC_0052,12589.57,2026-02-01 00:45:29.242263
TXN_006445,ACC_0094,ACC_0463,2616.56,2026-02-01 00:47:19.945232
TXN_005803,ACC_0238,ACC_0321,2999.14,2026-02-01 00:48:55.927837
TXN_008271,ACC_0133,ACC_0289,528.01,2026-02-01 00:49:02.524665
TXN_008602,ACC_0465,ACC_0178,2123.87,2026-02-01 01:04:31.752003
TXN_004777,ACC_0175,ACC_0054,2614.87,2026-02-01 01:04:52.915218
TXN_005297,ACC_0128,ACC_0302,4976.19,2026-02-01 01:06:28.097220
TXN_007797,ACC_0333,ACC_0335,2166.74,2026-02-01 01:08:48.973093
TXN_003142,ACC_0306,ACC_0220,1557.59,2026-02-01 01:10:30.987211
TXN_003890,ACC_0417,ACC_0311,2132.2,2026-02-01 01:15:30.263612
TXN_001711,ACC_0283,ACC_0093,2659.08,2026-02-01 01:16:28.346188
TXN_007576,ACC_0249,ACC_0266,375.08,2026-02-01 01:20:21.538521
TXN_009868,ACC_0094,ACC_0300,1044.93,2026-02-01 01:20:36.110193
TXN_008004,ACC_0133,ACC_0207,2631.53,2026-02-01 01:23:37.625230
TXN_000689,ACC_0275,ACC_0268,3531.54,2026-02-01 01:24:18.623878
TXN_002840,ACC_0374,ACC_0439,3055.01,2026-02-01 01:26:45.111313
TXN_002187,ACC_0425,ACC_0366,1469.38,2026-02-01 01:29:53.091964
TXN_006685,ACC_0409,ACC_0298,2928.29,2026-02-01 01:34:12.655523
TXN_007240,ACC_0133,ACC_0462,220.18,2026-02-01 01:37:30.674556
TXN_007756,ACC_0324,ACC_0090,2697.88,2026-02-01 01:39:14.534836
TXN_007662,ACC_0241,ACC_0299,2211.0,2026-02-01 01:39:37.278398
TXN_005931,ACC_0267,ACC_0180,2660.99,2026-02-01 01:42:35.034989
TXN_009370,ACC_0155,ACC_0312,2411.86,2026-02-01 01:47:33.552635
TXN_009598,ACC_0148,ACC_0220,3000.54,2026-02-01 02:00:04.289714
TXN_005037,ACC_0134,ACC_0430,3067.58,2026-02-01 02:00:42.771424
TXN_009225,ACC_0440,ACC_0047,2579.96,2026-02-01 02:02:47.052188
TXN_000214,ACC_0491,ACC_0157,12185.08,2026-02-01 02:07:30.761476
TXN_002885,ACC_0072,ACC_0313,1011.16,2026-02-01 02:11:33.693690
TXN_009029,ACC_0332,ACC_0270,3631.78,2026-02-01 02:15:50.073513
TXN_006012,ACC_0366,ACC_0304,428.11,2026-02-01 02:20:03.538186
TXN_000110,ACC_0473,ACC_0471,22663.93,2026-02-01 02:23:46.360572
TXN_009816,ACC_0287,ACC_0006,2742.33,2026-02-01 02:30:39.589051
TXN_004638,ACC_0453,ACC_0097,486.37,2026-02-01 02:33:33.230944
TXN_009249,ACC_0287,ACC_0184,2219.65,2026-02-01 02:38:27.288754
TXN_009880,ACC_0240,ACC_0460,3274.72,2026-02-01 02:43:08.533636
TXN_003087,ACC_0135,ACC_0114,3661.68,2026-02-01 02:44:34.310690
TXN_006873,ACC_0160,ACC_0215,3494.39,2026-02-01 02:45:49.185365
TXN_007192,ACC_0161,ACC_0470,2553.71,2026-02-01 02:59:46.899202
TXN_009735,ACC_0183,ACC_0278,453.72,2026-02-01 03:08:44.644896
TXN_008222,ACC_0157,ACC_0424,2961.57,2026-02-01 03:09:44.503866
TXN_004074,ACC_0329,ACC_0395,4725.3,2026-02-01 03:09:50.229554
TXN_004919,ACC_0468,ACC_0088,1339.17,2026-02-01 03:16:48.342746
TXN_008882,ACC_0105,ACC_0123,1954.46,2026-02-01 03:17:26.446095
TXN_002289,ACC_0003,ACC_0395,2359.03,2026-02-01 03:20:39.836071
TXN_009728,ACC_0442,ACC_0147,2556.46,2026-02-01 03:26:03.684034
TXN_002619,ACC_0117,ACC_0014,3082.44,2026-02-01 03:29:59.975956
TXN_002430,ACC_0231,ACC_0158,4663.01,2026-02-01 03:35:07.435586
TXN_004448,ACC_0181,ACC_0021,880.48,2026-02-01 03:37:45.766489
TXN_003298,ACC_0091,ACC_0435,3107.19,2026-02-01 03:44:56.011659
TXN_004908,ACC_0046,ACC_0242,137.53,2026-02-01 03:47:05.311290
TXN_002805,ACC_0395,ACC_0081,2195.92,2026-02-01 03:47:54.259519
TXN_005247,ACC_0114,ACC_0313,686.12,2026-02-01 03:51:02.596272
TXN_007927,ACC_0167,ACC_0134,2251.35,2026-02-01 03:51:06.994031
TXN_008401,ACC_0027,ACC_0292,357.47,2026-02-01 03:52:57.929712
TXN_008727,ACC_0089,ACC_0311,2771.01,2026-02-01 03:55:35.164097
TXN_005429,ACC_0097,ACC_0130,4857.61,2026-02-01 03:57:17.062432
TXN_003218,ACC_0315,ACC_0143,711.0,2026-02-01 03:59:34.620399
TXN_008644,ACC_0430,ACC_0411,4272.03,2026-02-01 03:59:41.751097
TXN_007059,ACC_0361,ACC_0176,4480.79,2026-02-01 04:03:37.676691
TXN_001980,ACC_0219,ACC_0159,1032.11,2026-02-01 04:09:28.709242
TXN_005595,ACC_0369,ACC_0386,3063.44,2026-02-01 04:21:30.781970
TXN_002054,ACC_0233,ACC_0061,1751.44,2026-02-01 04:25:21.040603
TXN_006943,ACC_0161,ACC_0070,4062.21,2026-02-01 04:28:58.286287
TXN_004833,ACC_0135,ACC_0387,1068.8,2026-02-01 04:32:49.164131
TXN_007258,ACC_0127,ACC_0208,213.8,2026-02-01 04:32:52.633636
TXN_009969,ACC_0039,ACC_0451,250.86,2026-02-01 04:34:48.864163
TXN_008664,ACC_0216,ACC_0427,3368.65,2026-02-01 04:35:50.443547
TXN_008583,ACC_0391,ACC_0153,3244.92,2026-02-01 04:36:24.074210
TXN_001190,ACC_0327,ACC_0027,3136.54,2026-02-01 04:37:26.592424
TXN_005615,ACC_0268,ACC_0444,1974.26,2026-02-01 04:39:43.625516
TXN_009309,ACC_0100,ACC_0249,3971.36,2026-02-01 04:41:05.407156
TXN_001715,ACC_0055,ACC_0165,3457.29,2026-02-01 04:42:02.215188
TXN_005841,ACC_0024,ACC_0353,3043.06,2026-02-01 04:42:16.328084
TXN_004401,ACC_0081,ACC_0168,4316.29,2026-02-01 04:50:58.420940
TXN_009851,ACC_0137,ACC_0240,1667.07,2026-02-01 04:53:50.642650
TXN_009586,ACC_0379,ACC_0394,4978.01,2026-02-01 04:55:37.084893
TXN_002937,ACC_0360,ACC_0342,1522.87,2026-02-01 04:58:56.922626
TXN_009409,ACC_0293,ACC_0191,3695.95,2026-02-01 05:05:45.308477
TXN_000135,ACC_0455,ACC_0487,10345.42,2026-02-01 05:07:59.088641
TXN_004056,ACC_0390,ACC_0345,4370.4,2026-02-01 05:12:39.168529
TXN_006166,ACC_0266,ACC_0280,2138.87,2026-02-01 05:20:09.477205
TXN_000638,ACC_0225,ACC_0239,473.32,2026-02-01 05:25:45.847520
TXN_002692,ACC_0014,ACC_0110,494.49,2026-02-01 05:28:30.838448
TXN_007555,ACC_0372,ACC_0361,3093.26,2026-02-01 05:32:37.815466
TXN_000277,ACC_0145,ACC_0495,13080.24,2026-02-01 05:39:06.739020
TXN_005283,ACC_0120,ACC_0023,4578.06,2026-02-01 05:45:56.317089
TXN_000136,ACC_0487,ACC_0180,9828.15,2026-02-01 05:49:11.374448
TXN_006261,ACC_0289,ACC_0245,3493.85,2026-02-01 05:49:51.540929
TXN_004455,ACC_0111,ACC_0176,1213.75,2026-02-01 06:00:54.658509
TXN_001284,ACC_0362,ACC_0026,1804.97,2026-02-01 06:06:55.273528
TXN_000946,ACC_0465,ACC_0098,377.82,2026-02-01 06:17:27.128112
TXN_005863,ACC_0399,ACC_0072,4851.93,2026-02-01 06:21:46.014009
TXN_006629,ACC_0223,ACC_0353,285.3,2026-02-01 06:23:16.938427
TXN_003583,ACC_0338,ACC_0228,3136.13,2026-02-01 06:24:24.967623
TXN_004507,ACC_0235,ACC_0172,3631.42,2026-02-01 06:24:35.256294
TXN_008543,ACC_0234,ACC_0341,4351.63,2026-02-01 06:33:48.320794
TXN_004939,ACC_0034,ACC_0135,1293.03,2026-02-01 06:35:37.087150
TXN_002602,ACC_0085,ACC_0278,4778.73,2026-02-01 06:36:36.494456
TXN_000278,ACC_0495,ACC_0396,12426.23,2026-02-01 06:44:58.817465
TXN_001607,ACC_0340,ACC_0214,4308.45,2026-02-01 06:45:28.088644
TXN_003150,ACC_0195,ACC_0362,1493.9,2026-02-01 06:48:23.914612
TXN_009579,ACC_0091,ACC_0053,4300.93,2026-02-01 06:54:40.721141
TXN_000915,ACC_0017,ACC_0024,1439.64,2026-02-01 06:57:31.452643
TXN_003240,ACC_0447,ACC_0047,1724.24,2026-02-01 06:57:42.916112
TXN_009390,ACC_0021,ACC_0138,2162.19,2026-02-01 07:03:34.412798
TXN_003386,ACC_0413,ACC_0469,2521.94,2026-02-01 07:06:48.135559
TXN_004750,ACC_0349,ACC_0262,1253.26,2026-02-01 07:08:11.624648
TXN_005195,ACC_0425,ACC_0114,2896.02,2026-02-01 07:14:09.903840
TXN_007547,ACC_0410,ACC_0407,797.38,2026-02-01 07:15:55.368890
TXN_004621,ACC_0238,ACC_0291,1820.44,2026-02-01 07:19:11.330228
TXN_002061,ACC_0168,ACC_0410,4942.67,2026-02-01 07:22:06.210112
TXN_009634,ACC_0046,ACC_0290,496.29,2026-02-01 07:25:58.350958
TXN_000022,ACC_0485,ACC_0481,11391.38,2026-02-01 07:37:13.611776
TXN_005880,ACC_0100,ACC_0081,4931.69,2026-02-01 07:39:18.776102
TXN_009441,ACC_0419,ACC_0173,2140.6,2026-02-01 07:42:50.098837
TXN_006463,ACC_0414,ACC_0039,4682.57,2026-02-01 07:43:29.872951
TXN_007345,ACC_0005,ACC_0233,2938.13,2026-02-01 07:48:09.358849
TXN_000607,ACC_0155,ACC_0361,3114.16,2026-02-01 08:01:19.801636
TXN_008872,ACC_0045,ACC_0427,1346.89,2026-02-01 08:01:41.589326
TXN_006074,ACC_0234,ACC_0048,1558.68,2026-02-01 08:03:24.426970
TXN_000734,ACC_0047,ACC_0042,3456.94,2026-02-01 08:05:11.234979
TXN_003672,ACC_0002,ACC_0111,4755.27,2026-02-01 08:11:28.750006
TXN_005074,ACC_0326,ACC_0092,4905.42,2026-02-01 08:20:36.525119
TXN_001101,ACC_0056,ACC_0079,4535.71,2026-02-01 08:23:55.381146
TXN_008761,ACC_0390,ACC_0328,2968.56,2026-02-01 08:27:04.702824
TXN_008911,ACC_0012,ACC_0384,3150.61,2026-02-01 08:32:00.270877
TXN_009055,ACC_0175,ACC_0390,1056.85,2026-02-01 08:33:30.789653
TXN_001865,ACC_0092,ACC_0272,3030.62,2026-02-01 08:34:13.574743
TXN_006658,ACC_0417,ACC_0367,2606.33,2026-02-01 08:34:41.631447
TXN_002496,ACC_0432,ACC_0129,3744.66,2026-02-01 08:45:00.859029
TXN_006610,ACC_0070,ACC_0273,1077.43,2026-02-01 08:48:01.079144
TXN_001596,ACC_0286,ACC_0034,4932.05,2026-02-01 08:51:53.421908
TXN_000989,ACC_0470,ACC_0143,545.56,2026-02-01 09:08:55.384694
TXN_004551,ACC_0321,ACC_0331,2999.41,2026-02-01 09:10:34.936535
TXN_001183,ACC_0228,ACC_0452,2804.15,2026-02-01 09:13:20.352977
TXN_001526,ACC_0279,ACC_0396,1369.11,2026-02-01 09:15:54.375808
TXN_007973,ACC_0468,ACC_0423,369.41,2026-02-01 09:19:04.444789
TXN_001255,ACC_0258,ACC_0127,728.88,2026-02-01 09:19:05.549728
TXN_005279,ACC_0260,ACC_0131,699.13,2026-02-01 09:32:08.324996
TXN_006349,ACC_0152,ACC_0279,1207.88,2026-02-01 09:39:37.535598
TXN_009723,ACC_0382,ACC_0183,2155.86,2026-02-01 09:42:14.550922
TXN_003088,ACC_0157,ACC_0119,4899.74,2026-02-01 09:48:37.557345
TXN_006405,ACC_0225,ACC_0450,2102.63,2026-02-01 09:52:19.801246
TXN_001509,ACC_0202,ACC_0344,2046.1,2026-02-01 09:54:02.287494
TXN_004934,ACC_0448,ACC_0385,2191.07,2026-02-01 09:58:01.339435
TXN_006094,ACC_0334,ACC_0165,2421.44,2026-02-01 10:04:58.869692
TXN_001142,ACC_0169,ACC_0193,4402.55,2026-02-01 10:08:05.630506
TXN_003336,ACC_0363,ACC_0255,1963.37,2026-02-01 10:08:26.024169
TXN_005692,ACC_0272,ACC_0326,3962.84,2026-02-01 10:09:16.134983
TXN_001477,ACC_0464,ACC_0130,3920.19,2026-02-01 10:12:38.540171
TXN_009552,ACC_0432,ACC_0441,4376.52,2026-02-01 10:14:05.051341
TXN_001825,ACC_0323,ACC_0219,4843.03,2026-02-01 10:18:35.509170
TXN_000688,ACC_0353,ACC_0039,430.34,2026-02-01 10:19:21.743985
TXN_003744,ACC_0407,ACC_0303,4834.33,2026-02-01 10:22:11.866597
TXN_007132,ACC_0103,ACC_0265,2983.67,2026-02-01 10:26:59.779853
TXN_008194,ACC_0094,ACC_0306,3490.02,2026-02-01 10:28:33.475593
TXN_000157,ACC_0307,ACC_0488,14522.62,2026-02-01 10:29:30.818684
TXN_006825,ACC_0338,ACC_0194,658.68,2026-02-01 10:31:40.562735
TXN_009489,ACC_0206,ACC_0430,2037.12,2026-02-01 10:32:35.511422
TXN_008945,ACC_0375,ACC_0404,3181.77,2026-02-01 10:33:03.831702
TXN_002634,ACC_0206,ACC_0307,3821.88,2026-02-01 10:34:43.103936
TXN_006479,ACC_0200,ACC_0292,4722.15,2026-02-01 10:36:13.686284
TXN_009668,ACC_0238,ACC_0172,4337.9,2026-02-01 10:44:24.971912
TXN_003969,ACC_0342,ACC_0086,4291.94,2026-02-01 10:58:18.638456
TXN_004993,ACC_0168,ACC_0457,2530.52,2026-02-01 10:59:07.803912
TXN_006532,ACC_0012,ACC_0165,3180.57,2026-02-01 11:01:35.455419
TXN_002595,ACC_0091,ACC_0155,2021.3,2026-02-01 11:06:18.002315
TXN_003827,ACC_0099,ACC_0272,3234.36,2026-02-01 11:14:53.381633
TXN_009507,ACC_0461,ACC_0318,339.1,2026-02-01 11:18:45.397235
TXN_003760,ACC_0379,ACC_0285,3874.78,2026-02-01 11:19:48.057483
TXN_009288,ACC_0432,ACC_0040,1810.18,2026-02-01 11:20:33.859289
TXN_006149,ACC_0199,ACC_0307,3446.71,2026-02-01 11:21:16.169159
TXN_003740,ACC_0024,ACC_0083,4198.83,2026-02-01 11:21:46.702375
TXN_009926,ACC_0390,ACC_0229,377.24,2026-02-01 11:24:58.780722
TXN_009893,ACC_0081,ACC_0390,4828.17,2026-02-01 11:25:21.446163
TXN_004905,ACC_0206,ACC_0376,2574.21,2026-02-01 11:36:14.114839
TXN_009424,ACC_0080,ACC_0073,1979.57,2026-02-01 11:39:50.620532
TXN_000158,ACC_0488,ACC_0439,13796.49,2026-02-01 11:48:51.786825
TXN_008674,ACC_0105,ACC_0220,1702.48,2026-02-01 11:55:58.357899
TXN_005588,ACC_0442,ACC_0207,1601.52,2026-02-01 12:01:32.090312
TXN_001435,ACC_0246,ACC_0169,1079.1,2026-02-01 12:18:04.798418
TXN_001396,ACC_0350,ACC_0095,4475.51,2026-02-01 12:18:46.113738
TXN_001838,ACC_0138,ACC_0101,4792.96,2026-02-01 12:38:38.700954
TXN_006850,ACC_0063,ACC_0262,1904.7,2026-02-01 12:39:22.160432
TXN_008725,ACC_0406,ACC_0161,525.94,2026-02-01 12:49:56.743161
TXN_001657,ACC_0383,ACC_0031,2217.67,2026-02-01 12:52:00.590947
TXN_005675,ACC_0375,ACC_0183,1463.34,2026-02-01 12:57:08.195574
TXN_004152,ACC_0344,ACC_0426,3491.22,2026-02-01 12:57:08.508600
TXN_001809,ACC_0060,ACC_0235,4760.38,2026-02-01 12:59:51.884659
TXN_006540,ACC_0286,ACC_0457,4279.38,2026-02-01 13:01:12.443581
TXN_001728,ACC_0381,ACC_0059,3046.18,2026-02-01 13:10:45.263085
TXN_003524,ACC_0456,ACC_0453,377.89,2026-02-01 13:11:04.170327
TXN_006095,ACC_0171,ACC_0087,3112.72,2026-02-01 13:19:58.661972
TXN_004486,ACC_0258,ACC_0294,3079.18,2026-02-01 13:20:58.599064
TXN_007435,ACC_0069,ACC_0292,4046.15,2026-02-01 13:23:42.125978
TXN_001612,ACC_0031,ACC_0294,2951.11,2026-02-01 13:29:55.473931
TXN_001471,ACC_0224,ACC_0082,3749.0,2026-02-01 13:32:38.391409
TXN_006113,ACC_0303,ACC_0080,4335.31,2026-02-01 13:37:50.404321
TXN_001882,ACC_0154,ACC_0456,3400.77,2026-02-01 13:38:10.933122
TXN_008117,ACC_0366,ACC_0276,1107.9,2026-02-01 13:46:30.937323
TXN_007669,ACC_0441,ACC_0090,892.88,2026-02-01 13:47:33.565628
TXN_000746,ACC_0459,ACC_0017,2157.2,2026-02-01 14:00:08.964196
TXN_001888,ACC_0428,ACC_0467,3322.16,2026-02-01 14:07:13.339206
TXN_004003,ACC_0418,ACC_0448,259.86,2026-02-01 14:18:59.813326
TXN_007720,ACC_0179,ACC_0302,796.67,2026-02-01 14:27:15.612451
TXN_007799,ACC_0035,ACC_0081,4540.67,2026-02-01 14:29:56.148564
TXN_006310,ACC_0443,ACC_0107,1705.28,2026-02-01 14:29:57.571100
TXN_007504,ACC_0015,ACC_0185,3733.45,2026-02-01 14:36:22.482534
TXN_006979,ACC_0063,ACC_0024,4782.25,2026-02-01 14:44:31.943541
TXN_007289,ACC_0210,ACC_0053,1697.02,2026-02-01 14:45:51.569979
TXN_000698,ACC_0393,ACC_0416,999.86,2026-02-01 14:49:21.129859
TXN_009403,ACC_0048,ACC_0046,1023.09,2026-02-01 14:51:53.227366
TXN_008974,ACC_0145,ACC_0217,1295.63,2026-02-01 14:57:35.860197
TXN_004942,ACC_0244,ACC_0083,1146.94,2026-02-01 15:12:02.534649
TXN_005108,ACC_0463,ACC_0361,3814.47,2026-02-01 15:20:26.268864
TXN_008084,ACC_0462,ACC_0095,1919.35,2026-02-01 15:23:14.819305
TXN_001579,ACC_0137,ACC_0436,1964.67,2026-02-01 15:25:43.516084
TXN_006048,ACC_0189,ACC_0424,2427.08,2026-02-01 15:26:59.271382
TXN_004512,ACC_0056,ACC_0321,4402.61,2026-02-01 15:29:30.094189
TXN_009843,ACC_0054,ACC_0317,353.59,2026-02-01 15:38:31.512298
TXN_000831,ACC_0399,ACC_0076,3961.94,2026-02-01 15:41:57.131034
TXN_002837,ACC_0348,ACC_0153,3629.54,2026-02-01 15:43:41.733357
TXN_008538,ACC_0073,ACC_0140,2818.54,2026-02-01 15:56:25.586882
TXN_009711,ACC_0236,ACC_0004,3066.76,2026-02-01 16:04:10.660664
TXN_006195,ACC_0465,ACC_0249,3816.98,2026-02-01 16:12:32.052292
TXN_005093,ACC_0106,ACC_0162,1245.16,2026-02-01 16:13:40.952101
TXN_009359,ACC_0066,ACC_0142,153.09,2026-02-01 16:15:20.208631
TXN_007529,ACC_0114,ACC_0218,3057.52,2026-02-01 16:23:40.742669
TXN_009195,ACC_0185,ACC_0270,4285.03,2026-02-01 16:28:58.521458
TXN_002668,ACC_0141,ACC_0282,4965.84,2026-02-01 16:33:42.009780
TXN_009726,ACC_0058,ACC_0072,2159.56,2026-02-01 16:42:36.621121
TXN_002434,ACC_0330,ACC_0212,2912.29,2026-02-01 16:45:41.780764
TXN_005685,ACC_0009,ACC_0230,2421.68,2026-02-01 16:45:45.598604
TXN_002165,ACC_0175,ACC_0081,4933.25,2026-02-01 16:53:41.590375
TXN_006673,ACC_0428,ACC_0420,3276.48,2026-02-01 16:56:35.258491
TXN_004795,ACC_0188,ACC_0385,1020.25,2026-02-01 16:59:14.270815
TXN_005382,ACC_0195,ACC_0351,3658.8,2026-02-01 17:00:44.455039
TXN_003911,ACC_0242,ACC_0116,2082.63,2026-02-01 17:05:13.655288
TXN_000145,ACC_0243,ACC_0487,10937.32,2026-02-01 17:05:18.287052
TXN_002251,ACC_0221,ACC_0186,3899.21,2026-02-01 17:05:55.941559
TXN_002206,ACC_0430,ACC_0445,4566.62,2026-02-01 17:06:29.152305
TXN_001158,ACC_0051,ACC_0432,3923.3,2026-02-01 17:07:25.037646
TXN_005959,ACC_0353,ACC_0360,345.15,2026-02-01 17:10:28.271463
TXN_006499,ACC_0393,ACC_0139,1634.19,2026-02-01 17:12:56.059898
TXN_007650,ACC_0139,ACC_0153,4801.53,2026-02-01 17:14:19.083966
TXN_006556,ACC_0147,ACC_0028,3004.01,2026-02-01 17:17:14.660640
TXN_007215,ACC_0100,ACC_0401,839.41,2026-02-01 17:19:03.380162
TXN_007770,ACC_0221,ACC_0156,4577.69,2026-02-01 17:27:15.416077
TXN_001855,ACC_0188,ACC_0060,1259.09,2026-02-01 17:27:18.009472
TXN_004411,ACC_0380,ACC_0218,1947.27,2026-02-01 17:30:28.826067
TXN_007323,ACC_0115,ACC_0153,1323.74,2026-02-01 17:33:39.304355
TXN_008098,ACC_0111,ACC_0068,4881.52,2026-02-01 17:34:13.747927
TXN_007598,ACC_0303,ACC_0098,1501.1,2026-02-01 17:39:31.680815
TXN_003942,ACC_0060,ACC_0426,538.67,2026-02-01 17:50:27.334077
TXN_002499,ACC_0102,ACC_0359,1710.97,2026-02-01 17:55:39.333444
TXN_003961,ACC_0315,ACC_0434,3483.01,2026-02-01 17:58:55.788169
TXN_003840,ACC_0066,ACC_0266,3999.02,2026-02-01 17:59:08.760494
TXN_006786,ACC_0046,ACC_0384,4279.04,2026-02-01 18:01:30.890194
TXN_009234,ACC_0220,ACC_0279,2410.6,2026-02-01 18:05:17.652628
TXN_002057,ACC_0283,ACC_0169,3984.2,2026-02-01 18:09:17.084221
TXN_001966,ACC_0300,ACC_0097,4719.03,2026-02-01 18:12:51.735069
TXN_001858,ACC_0267,ACC_0215,2222.04,2026-02-01 18:18:27.177444
TXN_007661,ACC_0352,ACC_0351,4412.15,2026-02-01 18:22:15.499486
TXN_008689,ACC_0218,ACC_0302,3885.62,2026-02-01 18:22:43.029709
TXN_009604,ACC_0156,ACC_0141,2387.66,2026-02-01 18:25:40.779256
TXN_008270,ACC_0319,ACC_0019,4789.88,2026-02-01 18:37:25.329297
TXN_006889,ACC_0466,ACC_0196,152.81,2026-02-01 18:40:38.581831
TXN_000146,ACC_0487,ACC_0230,10390.45,2026-02-01 18:45:24.346957
TXN_000798,ACC_0373,ACC_0450,927.66,2026-02-01 18:46:30.264903
TXN_002666,ACC_0304,ACC_0166,4454.49,2026-02-01 18:47:16.855586
TXN_007167,ACC_0080,ACC_0353,1440.38,2026-02-01 18:49:15.684433
TXN_000411,ACC_0394,ACC_0081,3727.19,2026-02-01 18:57:21.332860
TXN_004922,ACC_0027,ACC_0348,2704.91,2026-02-01 19:00:21.324096
TXN_009316,ACC_0230,ACC_0323,2738.14,2026-02-01 19:08:55.931801
TXN_005869,ACC_0009,ACC_0057,398.27,2026-02-01 19:19:11.135841
TXN_006392,ACC_0361,ACC_0235,1901.09,2026-02-01 19:19:28.446160
TXN_004651,ACC_0044,ACC_0426,543.12,2026-02-01 19:23:36.695925
TXN_004248,ACC_0293,ACC_0163,2266.72,2026-02-01 19:27:20.794895
TXN_002761,ACC_0463,ACC_0127,2426.07,2026-02-01 19:38:50.173911
TXN_007689,ACC_0255,ACC_0456,4261.48,2026-02-01 19:38:57.068952
TXN_001001,ACC_0102,ACC_0165,274.51,2026-02-01 19:41:06.537587
TXN_003523,ACC_0434,ACC_0078,2502.4,2026-02-01 19:44:38.253143
TXN_000882,ACC_0088,ACC_0369,4176.56,2026-02-01 19:53:48.292092
TXN_002829,ACC_0151,ACC_0467,1408.13,2026-02-01 19:58:22.069544
TXN_009043,ACC_0251,ACC_0064,843.43,2026-02-01 20:00:50.670510
TXN_008258,ACC_0466,ACC_0045,387.62,2026-02-01 20:05:01.054197
TXN_005038,ACC_0411,ACC_0394,3493.63,2026-02-01 20:07:41.264696
TXN_004656,ACC_0423,ACC_0436,4790.59,2026-02-01 20:13:38.629617
TXN_008259,ACC_0407,ACC_0390,2170.18,2026-02-01 20:18:38.073531
TXN_008355,ACC_0124,ACC_0236,768.44,2026-02-01 20:19:43.650502
TXN_000029,ACC_0476,ACC_0477,18046.62,2026-02-01 20:22:09.431600
TXN_006536,ACC_0129,ACC_0067,960.81,2026-02-01 20:25:40.314860
TXN_003229,ACC_0314,ACC_0018,4433.61,2026-02-01 20:26:34.401603
TXN_008625,ACC_0409,ACC_0271,1230.6,2026-02-01 20:27:57.531503
TXN_000513,ACC_0027,ACC_0274,4864.24,2026-02-01 20:30:31.936740
TXN_008579,ACC_0377,ACC_0159,3674.71,2026-02-01 20:31:19.083203
TXN_004751,ACC_0106,ACC_0181,3472.7,2026-02-01 20:36:34.180775
TXN_000528,ACC_0363,ACC_0253,960.33,2026-02-01 20:43:16.094879
TXN_005648,ACC_0235,ACC_0375,2992.64,2026-02-01 20:46:18.345123
TXN_003726,ACC_0064,ACC_0368,4564.11,2026-02-01 20:48:04.756425
TXN_007561,ACC_0345,ACC_0005,2100.05,2026-02-01 20:51:30.584425
TXN_009554,ACC_0272,ACC_0449,2230.96,2026-02-01 21:21:05.459000
TXN_004302,ACC_0197,ACC_0162,4466.27,2026-02-01 21:23:07.568271
TXN_005464,ACC_0363,ACC_0010,1786.83,2026-02-01 21:23:59.831383
TXN_007412,ACC_0279,ACC_0296,3521.07,2026-02-01 21:32:42.163095
TXN_004305,ACC_0369,ACC_0341,2685.8,2026-02-01 21:35:02.150843
TXN_006864,ACC_0453,ACC_0103,1346.38,2026-02-01 21:37:46.169349
TXN_009559,ACC_0140,ACC_0286,183.65,2026-02-01 21:37:47.491682
TXN_002649,ACC_0136,ACC_0138,4101.81,2026-02-01 21:38:07.276215
TXN_006942,ACC_0176,ACC_0160,1167.32,2026-02-01 21:39:34.742134
TXN_005080,ACC_0406,ACC_0417,587.7,2026-02-01 21:44:56.561049
TXN_002466,ACC_0312,ACC_0326,197.72,2026-02-01 21:48:33.678487
TXN_007256,ACC_0167,ACC_0071,2192.8,2026-02-01 21:49:31.571640
TXN_001535,ACC_0086,ACC_0129,3909.51,2026-02-01 21:56:18.398300
TXN_008655,ACC_0111,ACC_0243,1885.2,2026-02-01 22:04:34.457897
TXN_004346,ACC_0352,ACC_0460,1066.57,2026-02-01 22:07:06.287530
TXN_001844,ACC_0133,ACC_0142,2209.66,2026-02-01 22:07:50.301972
TXN_006355,ACC_0188,ACC_0226,294.58,2026-02-01 22:21:09.562184
TXN_000189,ACC_0326,ACC_0490,6408.49,2026-02-01 22:21:47.372350
TXN_001272,ACC_0025,ACC_0290,1319.27,2026-02-01 22:28:35.794945
TXN_007384,ACC_0377,ACC_0073,3324.92,2026-02-01 22:32:17.076252
TXN_003688,ACC_0133,ACC_0189,3531.45,2026-02-01 22:35:06.204246
TXN_004714,ACC_0137,ACC_0003,3819.91,2026-02-01 22:36:43.533778
TXN_000438,ACC_0025,ACC_0183,4197.26,2026-02-01 22:36:55.967149
TXN_001523,ACC_0337,ACC_0275,3765.74,2026-02-01 22:43:08.223447
TXN_002253,ACC_0053,ACC_0188,2270.63,2026-02-01 22:57:27.689558
TXN_005281,ACC_0133,ACC_0123,1054.54,2026-02-01 23:13:50.328591
TXN_003814,ACC_0351,ACC_0427,1856.47,2026-02-01 23:14:48.329562
TXN_000347,ACC_0375,ACC_0498,7923.83,2026-02-01 23:16:36.832743
TXN_008159,ACC_0054,ACC_0380,4275.41,2026-02-01 23:23:27.872143
TXN_005401,ACC_0206,ACC_0068,2638.98,2026-02-01 23:29:04.588624
TXN_009206,ACC_0028,ACC_0419,4278.4,2026-02-01 23:38:04.997237
TXN_006925,ACC_0336,ACC_0397,3536.27,2026-02-01 23:39:47.065856
TXN_003049,ACC_0250,ACC_0441,2014.62,2026-02-01 23:41:17.463463
TXN_000836,ACC_0119,ACC_0131,2926.97,2026-02-01 23:46:20.056677
TXN_000774,ACC_0267,ACC_0222,3667.89,2026-02-01 23:46:51.056132
TXN_000190,ACC_0490,ACC_0156,6088.06,2026-02-01 23:51:42.400005
TXN_007893,ACC_0469,ACC_0453,3585.96,2026-02-01 23:54:08.405822
TXN_008662,ACC_0103,ACC_0131,4635.21,2026-02-02 00:00:25.504594
TXN_000789,ACC_0160,ACC_0106,4494.28,2026-02-02 00:03:29.567808
TXN_002627,ACC_0130,ACC_0159,1744.06,2026-02-02 00:10:24.431523
TXN_009418,ACC_0338,ACC_0406,3816.63,2026-02-02 00:13:06.119653
TXN_003119,ACC_0087,ACC_0050,4758.39,2026-02-02 00:20:01.426145
TXN_000348,ACC_0498,ACC_0164,7527.64,2026-02-02 00:35:51.772920
TXN_005590,ACC_0455,ACC_0251,176.23,2026-02-02 00:40:34.186901
TXN_006664,ACC_0453,ACC_0457,1508.82,2026-02-02 00:43:05.788124
TXN_008245,ACC_0049,ACC_0137,2080.58,2026-02-02 00:52:52.972940
TXN_000187,ACC_0251,ACC_0490,11982.33,2026-02-02 00:57:27.307067
TXN_001233,ACC_0171,ACC_0127,2483.42,2026-02-02 01:00:08.761024
TXN_000379,ACC_0016,ACC_0500,7087.96,2026-02-02 01:02:02.780523
TXN_003140,ACC_0294,ACC_0276,4098.4,2026-02-02 01:06:56.261347
TXN_005893,ACC_0154,ACC_0242,1671.3,2026-02-02 01:10:12.536418
TXN_000380,ACC_0500,ACC_0234,6733.56,2026-02-02 01:11:02.596127
TXN_005469,ACC_0304,ACC_0432,128.14,2026-02-02 01:18:54.205616
TXN_004274,ACC_0420,ACC_0289,2323.01,2026-02-02 01:21:15.169823
TXN_009968,ACC_0302,ACC_0336,1833.58,2026-02-02 01:22:19.128289
TXN_004463,ACC_0275,ACC_0325,2223.95,2026-02-02 01:22:41.040665
TXN_003668,ACC_0384,ACC_0362,3346.15,2026-02-02 01:29:26.418707
TXN_000525,ACC_0316,ACC_0013,161.47,2026-02-02 01:34:11.467760
TXN_004663,ACC_0469,ACC_0101,3277.75,2026-02-02 01:37:25.095799
TXN_003173,ACC_0304,ACC_0384,3590.56,2026-02-02 01:43:14.866083
TXN_006232,ACC_0388,ACC_0444,1945.73,2026-02-02 01:48:10.746201
TXN_005330,ACC_0022,ACC_0018,424.71,2026-02-02 01:51:52.099294
TXN_003407,ACC_0022,ACC_0390,1173.51,2026-02-02 01:52:45.591418
TXN_002863,ACC_0042,ACC_0298,1447.88,2026-02-02 01:56:55.591258
TXN_000716,ACC_0195,ACC_0370,2096.42,2026-02-02 02:21:33.696133
TXN_000188,ACC_0490,ACC_0303,11383.21,2026-02-02 02:26:55.906094
TXN_009447,ACC_0462,ACC_0197,2023.7,2026-02-02 02:39:10.096235
TXN_001587,ACC_0044,ACC_0332,3598.88,2026-02-02 02:46:11.087604
TXN_007941,ACC_0273,ACC_0241,3749.92,2026-02-02 02:48:00.728800
TXN_008784,ACC_0159,ACC_0018,152.93,2026-02-02 02:49:36.956832
TXN_002543,ACC_0066,ACC_0272,4420.91,2026-02-02 02:51:59.680856
TXN_000434,ACC_0372,ACC_0417,4097.7,2026-02-02 03:09:36.115908
TXN_000329,ACC_0193,ACC_0497,11105.06,2026-02-02 03:10:28.332837
TXN_003691,ACC_0331,ACC_0206,2970.66,2026-02-02 03:14:40.697361
TXN_001227,ACC_0271,ACC_0056,2835.31,2026-02-02 03:30:21.920118
TXN_004485,ACC_0202,ACC_0214,3279.21,2026-02-02 03:46:11.782515
TXN_001430,ACC_0267,ACC_0038,2488.27,2026-02-02 03:46:16.791439
TXN_004633,ACC_0436,ACC_0368,1867.3,2026-02-02 03:49:35.062439
TXN_009534,ACC_0142,ACC_0159,2678.5,2026-02-02 03:50:08.458846
TXN_005433,ACC_0452,ACC_0005,3000.64,2026-02-02 03:50:34.941507
TXN_009105,ACC_0370,ACC_0077,1655.73,2026-02-02 03:52:39.743457
TXN_000983,ACC_0387,ACC_0165,4017.0,2026-02-02 03:58:22.332168
TXN_005453,ACC_0016,ACC_0392,4508.11,2026-02-02 04:14:42.490246
TXN_007348,ACC_0365,ACC_0328,156.2,2026-02-02 04:27:25.431563
TXN_007015,ACC_0169,ACC_0066,1609.85,2026-02-02 04:33:46.272610
TXN_008224,ACC_0344,ACC_0385,2395.71,2026-02-02 04:39:20.435494
TXN_000191,ACC_0383,ACC_0490,11243.47,2026-02-02 04:39:43.868985
TXN_007333,ACC_0038,ACC_0268,1974.32,2026-02-02 04:44:42.854935
TXN_000192,ACC_0490,ACC_0252,10681.3,2026-02-02 04:45:57.702954
TXN_009252,ACC_0029,ACC_0360,683.03,2026-02-02 04:51:21.383096
TXN_007120,ACC_0467,ACC_0429,3950.62,2026-02-02 04:59:06.918513
TXN_008989,ACC_0015,ACC_0277,4262.93,2026-02-02 04:59:12.627917
TXN_000330,ACC_0497,ACC_0250,10549.81,2026-02-02 05:01:14.964994
TXN_009147,ACC_0351,ACC_0049,469.9,2026-02-02 05:03:59.589339
TXN_001105,ACC_0326,ACC_0341,3508.52,2026-02-02 05:05:17.998971
TXN_002542,ACC_0098,ACC_0173,3702.95,2026-02-02 05:10:13.663250
TXN_000701,ACC_0285,ACC_0276,2197.97,2026-02-02 05:21:20.966540
TXN_008132,ACC_0074,ACC_0163,4351.03,2026-02-02 05:27:50.190138
TXN_008487,ACC_0136,ACC_0157,3318.41,2026-02-02 05:33:45.296115
TXN_002492,ACC_0112,ACC_0092,4867.7,2026-02-02 05:37:10.583324
TXN_009348,ACC_0089,ACC_0279,4959.81,2026-02-02 05:38:47.465229
TXN_004764,ACC_0074,ACC_0056,277.73,2026-02-02 05:40:59.130517
TXN_006416,ACC_0140,ACC_0414,3647.12,2026-02-02 05:41:59.483530
TXN_009162,ACC_0139,ACC_0323,1012.58,2026-02-02 05:53:34.665372
TXN_000772,ACC_0063,ACC_0050,1114.09,2026-02-02 05:55:13.316126
TXN_008904,ACC_0351,ACC_0157,3110.84,2026-02-02 05:59:54.644239
TXN_000778,ACC_0064,ACC_0309,1137.8,2026-02-02 06:05:39.946906
TXN_006911,ACC_0423,ACC_0059,690.14,2026-02-02 06:10:54.473082
TXN_005585,ACC_0467,ACC_0282,3554.4,2026-02-02 06:11:41.550818
TXN_004646,ACC_0039,ACC_0370,844.16,2026-02-02 06:12:15.596204
TXN_001636,ACC_0056,ACC_0086,3453.57,2026-02-02 06:29:31.822151
TXN_006609,ACC_0240,ACC_0468,4855.22,2026-02-02 06:33:48.177906
TXN_004536,ACC_0038,ACC_0453,2492.08,2026-02-02 06:36:37.519723
TXN_000656,ACC_0381,ACC_0201,1921.79,2026-02-02 06:42:28.450141
TXN_005347,ACC_0383,ACC_0085,3142.93,2026-02-02 06:43:28.173220
TXN_009426,ACC_0101,ACC_0342,2094.58,2026-02-02 06:44:21.001982
TXN_006795,ACC_0250,ACC_0125,1480.0,2026-02-02 06:47:54.315270
TXN_000860,ACC_0268,ACC_0112,431.89,2026-02-02 06:50:58.986705
TXN_006798,ACC_0043,ACC_0308,281.29,2026-02-02 06:54:22.090796
TXN_009067,ACC_0186,ACC_0055,255.2,2026-02-02 06:54:24.736679
TXN_002911,ACC_0363,ACC_0201,4896.71,2026-02-02 07:03:03.587204
TXN_008321,ACC_0003,ACC_0144,984.49,2026-02-02 07:08:19.778811
TXN_003285,ACC_0170,ACC_0053,4064.01,2026-02-02 07:13:27.820759
TXN_003891,ACC_0254,ACC_0073,4430.89,2026-02-02 07:13:55.929380
TXN_006213,ACC_0326,ACC_0214,579.9,2026-02-02 07:26:31.424245
TXN_009497,ACC_0253,ACC_0432,564.99,2026-02-02 07:45:44.178293
TXN_002632,ACC_0337,ACC_0036,2359.75,2026-02-02 07:49:53.972259
TXN_001678,ACC_0263,ACC_0208,4285.05,2026-02-02 07:56:46.590100
TXN_004224,ACC_0454,ACC_0098,2549.36,2026-02-02 08:00:40.892191
TXN_009885,ACC_0084,ACC_0158,4517.83,2026-02-02 08:04:38.594018
TXN_002768,ACC_0080,ACC_0048,133.46,2026-02-02 08:13:27.806102
TXN_002495,ACC_0331,ACC_0289,611.34,2026-02-02 08:19:23.836999
TXN_001848,ACC_0453,ACC_0361,651.6,2026-02-02 08:24:04.245153
TXN_002884,ACC_0286,ACC_0131,3274.9,2026-02-02 08:38:38.673886
TXN_000512,ACC_0230,ACC_0020,2195.44,2026-02-02 08:39:38.489960
TXN_004871,ACC_0037,ACC_0313,4636.35,2026-02-02 08:51:10.394357
TXN_000828,ACC_0228,ACC_0071,3182.46,2026-02-02 08:52:30.437270
TXN_006490,ACC_0285,ACC_0124,3126.21,2026-02-02 08:59:45.937521
TXN_007106,ACC_0305,ACC_0134,2302.33,2026-02-02 09:03:48.955928
TXN_001757,ACC_0328,ACC_0059,202.26,2026-02-02 09:05:48.672467
TXN_001969,ACC_0121,ACC_0384,1010.54,2026-02-02 09:09:39.493780
TXN_007298,ACC_0307,ACC_0222,2447.61,2026-02-02 09:13:21.754842
TXN_003685,ACC_0026,ACC_0203,4818.72,2026-02-02 09:19:18.062933
TXN_004125,ACC_0046,ACC_0269,4260.56,2026-02-02 09:22:58.608699
TXN_006179,ACC_0150,ACC_0051,3245.02,2026-02-02 09:23:42.010938
TXN_005520,ACC_0175,ACC_0186,1531.71,2026-02-02 09:24:50.046588
TXN_001788,ACC_0324,ACC_0152,4575.71,2026-02-02 09:28:28.442559
TXN_003071,ACC_0095,ACC_0204,3474.67,2026-02-02 09:31:19.788423
TXN_009355,ACC_0293,ACC_0212,3121.29,2026-02-02 09:33:15.223002
TXN_005387,ACC_0234,ACC_0229,3613.98,2026-02-02 09:39:44.998026
TXN_007867,ACC_0412,ACC_0325,1751.4,2026-02-02 09:39:59.284479
TXN_001942,ACC_0201,ACC_0047,1754.97,2026-02-02 09:40:16.216091
TXN_001250,ACC_0007,ACC_0467,3830.96,2026-02-02 09:41:00.247010
TXN_006084,ACC_0456,ACC_0160,4736.93,2026-02-02 09:48:40.648766
TXN_005023,ACC_0456,ACC_0075,4443.86,2026-02-02 09:53:48.359733
TXN_005491,ACC_0416,ACC_0053,1268.23,2026-02-02 10:14:51.452620
TXN_006879,ACC_0400,ACC_0128,4625.4,2026-02-02 10:28:24.175846
TXN_003626,ACC_0145,ACC_0459,2909.36,2026-02-02 10:29:50.527782
TXN_009831,ACC_0430,ACC_0459,4805.13,2026-02-02 10:37:49.838511
TXN_004550,ACC_0120,ACC_0071,1161.86,2026-02-02 10:46:05.617261
TXN_003664,ACC_0153,ACC_0211,4759.06,2026-02-02 10:51:22.187246
TXN_004443,ACC_0466,ACC_0070,2739.0,2026-02-02 11:06:44.472804
TXN_004924,ACC_0430,ACC_0215,2498.3,2026-02-02 11:16:06.050125
TXN_009574,ACC_0459,ACC_0285,3977.92,2026-02-02 11:17:27.371556
TXN_005609,ACC_0082,ACC_0408,2021.31,2026-02-02 11:17:29.389039
TXN_007268,ACC_0260,ACC_0152,1032.87,2026-02-02 11:20:06.991950
TXN_006843,ACC_0156,ACC_0432,3503.64,2026-02-02 11:22:30.201388
TXN_002429,ACC_0016,ACC_0413,455.38,2026-02-02 11:30:58.596019
TXN_003466,ACC_0383,ACC_0319,2266.19,2026-02-02 11:34:26.880410
TXN_008811,ACC_0236,ACC_0394,2706.36,2026-02-02 11:35:18.306455
TXN_009853,ACC_0345,ACC_0142,3202.41,2026-02-02 11:40:00.536763
TXN_000255,ACC_0155,ACC_0494,11903.67,2026-02-02 11:42:56.875151
TXN_001000,ACC_0034,ACC_0387,3352.63,2026-02-02 11:45:16.528926
TXN_003495,ACC_0137,ACC_0294,2436.37,2026-02-02 11:56:35.331325
TXN_005415,ACC_0459,ACC_0318,3035.12,2026-02-02 12:11:20.996557
TXN_006591,ACC_0090,ACC_0286,1246.56,2026-02-02 12:12:54.407700
TXN_004268,ACC_0463,ACC_0321,4991.08,2026-02-02 12:15:41.037612
TXN_006347,ACC_0040,ACC_0426,680.12,2026-02-02 12:17:19.244437
TXN_009311,ACC_0198,ACC_0466,2239.49,2026-02-02 12:19:32.410791
TXN_002374,ACC_0445,ACC_0352,1857.47,2026-02-02 12:19:58.558493
TXN_000256,ACC_0494,ACC_0426,11308.48,2026-02-02 12:22:38.607398
TXN_006172,ACC_0424,ACC_0285,4859.28,2026-02-02 12:29:23.880135
TXN_002693,ACC_0358,ACC_0378,441.46,2026-02-02 12:33:57.689831
TXN_003820,ACC_0362,ACC_0030,4084.39,2026-02-02 12:38:24.709439
TXN_003360,ACC_0331,ACC_0382,2614.36,2026-02-02 12:40:12.258040
TXN_006613,ACC_0301,ACC_0196,3750.7,2026-02-02 12:43:38.222743
TXN_001346,ACC_0170,ACC_0292,2831.32,2026-02-02 12:45:45.428059
TXN_007454,ACC_0223,ACC_0114,3044.76,2026-02-02 12:53:46.508986
TXN_005949,ACC_0314,ACC_0129,1632.58,2026-02-02 12:57:50.283323
TXN_001091,ACC_0357,ACC_0337,2738.96,2026-02-02 13:00:01.437537
TXN_003518,ACC_0307,ACC_0163,2626.58,2026-02-02 13:06:05.589980
TXN_005594,ACC_0380,ACC_0049,136.46,2026-02-02 13:11:14.784351
TXN_002018,ACC_0143,ACC_0188,2375.03,2026-02-02 13:17:48.964817
TXN_007599,ACC_0154,ACC_0327,2266.89,2026-02-02 13:22:17.831287
TXN_003640,ACC_0290,ACC_0410,4038.16,2026-02-02 13:25:02.348421
TXN_009772,ACC_0203,ACC_0349,2954.83,2026-02-02 13:27:23.795379
TXN_005811,ACC_0083,ACC_0107,4974.8,2026-02-02 13:37:51.680357
TXN_003373,ACC_0097,ACC_0349,821.76,2026-02-02 13:38:41.356502
TXN_007712,ACC_0239,ACC_0266,936.07,2026-02-02 13:40:56.073943
TXN_001628,ACC_0310,ACC_0261,3933.42,2026-02-02 13:44:24.751895
TXN_007143,ACC_0411,ACC_0451,1520.79,2026-02-02 13:46:47.840630
TXN_007414,ACC_0414,ACC_0235,4923.26,2026-02-02 13:52:48.921501
TXN_006431,ACC_0002,ACC_0314,1404.1,2026-02-02 13:58:45.220173
TXN_009034,ACC_0062,ACC_0131,3632.28,2026-02-02 14:01:26.368277
TXN_000483,ACC_0046,ACC_0059,356.47,2026-02-02 14:05:18.881073
TXN_007958,ACC_0364,ACC_0176,2502.93,2026-02-02 14:07:06.590313
TXN_000084,ACC_0474,ACC_0475,21942.82,2026-02-02 14:08:56.970862
TXN_002665,ACC_0168,ACC_0093,414.78,2026-02-02 14:12:32.537715
TXN_002889,ACC_0411,ACC_0062,2843.84,2026-02-02 14:30:39.358854
TXN_006160,ACC_0357,ACC_0252,3271.68,2026-02-02 14:31:35.612154
TXN_008359,ACC_0177,ACC_0371,4985.72,2026-02-02 14:31:54.956288
TXN_005586,ACC_0381,ACC_0309,2787.99,2026-02-02 14:34:37.642824
TXN_000615,ACC_0432,ACC_0128,525.62,2026-02-02 14:40:40.460506
TXN_004899,ACC_0081,ACC_0231,3959.61,2026-02-02 14:45:58.064091
TXN_001505,ACC_0315,ACC_0228,2733.1,2026-02-02 14:52:39.014664
TXN_004841,ACC_0223,ACC_0273,1786.59,2026-02-02 14:57:27.695230
TXN_003750,ACC_0397,ACC_0376,614.66,2026-02-02 15:02:12.074266
TXN_001651,ACC_0049,ACC_0379,2178.36,2026-02-02 15:08:21.678724
TXN_001068,ACC_0048,ACC_0259,3860.51,2026-02-02 15:12:44.167618
TXN_007789,ACC_0106,ACC_0054,2501.1,2026-02-02 15:15:49.807353
TXN_002780,ACC_0353,ACC_0028,1959.17,2026-02-02 15:16:09.599877
TXN_003019,ACC_0344,ACC_0441,848.08,2026-02-02 15:16:38.034667
TXN_001958,ACC_0053,ACC_0313,958.71,2026-02-02 15:17:00.727767
TXN_004738,ACC_0040,ACC_0105,3114.4,2026-02-02 15:18:10.521811
TXN_006468,ACC_0222,ACC_0266,2975.31,2026-02-02 15:27:27.322323
TXN_009112,ACC_0317,ACC_0175,3290.5,2026-02-02 15:28:31.388822
TXN_005046,ACC_0426,ACC_0221,1924.62,2026-02-02 15:29:53.716998
TXN_008684,ACC_0380,ACC_0200,1496.42,2026-02-02 15:55:16.188096
TXN_006703,ACC_0269,ACC_0225,3289.29,2026-02-02 15:59:00.128181
TXN_005988,ACC_0131,ACC_0083,1812.1,2026-02-02 15:59:45.194730
TXN_005251,ACC_0315,ACC_0115,952.53,2026-02-02 16:04:29.686756
TXN_007819,ACC_0124,ACC_0315,1652.8,2026-02-02 16:04:43.894801
TXN_007908,ACC_0407,ACC_0192,1701.38,2026-02-02 16:14:51.180670
TXN_001955,ACC_0124,ACC_0179,1197.36,2026-02-02 16:29:40.412135
TXN_006207,ACC_0212,ACC_0300,4010.73,2026-02-02 16:34:54.952160
TXN_006194,ACC_0122,ACC_0222,1798.47,2026-02-02 16:39:46.783971
TXN_002721,ACC_0093,ACC_0078,3272.44,2026-02-02 16:55:31.491253
TXN_004574,ACC_0004,ACC_0206,2484.74,2026-02-02 16:58:16.908219
TXN_001427,ACC_0281,ACC_0334,594.0,2026-02-02 17:01:59.414711
TXN_009945,ACC_0439,ACC_0162,2391.21,2026-02-02 17:04:45.696805
TXN_003506,ACC_0275,ACC_0216,2499.59,2026-02-02 17:08:08.702904
TXN_009028,ACC_0432,ACC_0287,2920.56,2026-02-02 17:10:07.830537
TXN_000100,ACC_0471,ACC_0472,10835.77,2026-02-02 17:14:57.159264
TXN_003828,ACC_0078,ACC_0352,577.91,2026-02-02 17:17:56.424168
TXN_001874,ACC_0391,ACC_0055,3253.03,2026-02-02 17:20:36.215786
TXN_005471,ACC_0226,ACC_0123,1704.5,2026-02-02 17:24:25.758107
TXN_003111,ACC_0100,ACC_0329,1308.72,2026-02-02 17:43:29.878530
TXN_003079,ACC_0465,ACC_0209,2908.35,2026-02-02 17:44:01.566228
TXN_005517,ACC_0313,ACC_0104,3796.03,2026-02-02 17:52:26.286129
TXN_001476,ACC_0217,ACC_0367,4993.95,2026-02-02 18:05:34.820842
TXN_003926,ACC_0261,ACC_0100,1511.76,2026-02-02 18:22:15.959858
TXN_007670,ACC_0286,ACC_0093,1083.4,2026-02-02 18:22:54.998375
TXN_009599,ACC_0198,ACC_0451,407.29,2026-02-02 18:37:01.885414
TXN_008320,ACC_0218,ACC_0090,1553.65,2026-02-02 18:37:52.936248
TXN_007290,ACC_0337,ACC_0421,3880.17,2026-02-02 18:56:00.353244
TXN_003526,ACC_0091,ACC_0421,3551.49,2026-02-02 18:56:14.043766
TXN_004741,ACC_0193,ACC_0141,2082.59,2026-02-02 18:59:19.294119
TXN_004147,ACC_0194,ACC_0171,2467.81,2026-02-02 19:05:41.141376
TXN_006022,ACC_0429,ACC_0242,1346.38,2026-02-02 19:13:09.323851
TXN_002830,ACC_0211,ACC_0137,2788.99,2026-02-02 19:14:06.768648
TXN_009802,ACC_0171,ACC_0292,4082.87,2026-02-02 19:16:26.606917
TXN_002927,ACC_0280,ACC_0033,2346.78,2026-02-02 19:17:15.932221
TXN_003107,ACC_0316,ACC_0256,1177.24,2026-02-02 19:18:40.928697
TXN_005629,ACC_0272,ACC_0089,1648.65,2026-02-02 19:21:24.653373
TXN_005135,ACC_0170,ACC_0097,3365.44,2026-02-02 19:21:35.449241
TXN_004446,ACC_0008,ACC_0377,2451.19,2026-02-02 19:23:42.406796
TXN_001897,ACC_0305,ACC_0260,263.16,2026-02-02 19:27:47.272912
TXN_009708,ACC_0150,ACC_0314,1112.67,2026-02-02 19:30:22.070579
TXN_002391,ACC_0009,ACC_0403,1019.65,2026-02-02 19:31:25.415981
TXN_003719,ACC_0373,ACC_0121,2502.3,2026-02-02 19:33:28.348256
TXN_008436,ACC_0344,ACC_0217,2617.53,2026-02-02 19:35:20.329376
TXN_007527,ACC_0031,ACC_0448,2418.85,2026-02-02 19:44:06.297168
TXN_006476,ACC_0293,ACC_0243,465.09,2026-02-02 19:50:57.181817
TXN_005088,ACC_0394,ACC_0106,1932.41,2026-02-02 20:08:45.495411
TXN_002403,ACC_0193,ACC_0026,1451.05,2026-02-02 20:12:24.483360
TXN_008577,ACC_0003,ACC_0027,347.3,2026-02-02 20:13:44.971909
TXN_005568,ACC_0390,ACC_0404,763.63,2026-02-02 20:22:32.294362
TXN_005025,ACC_0002,ACC_0108,1872.33,2026-02-02 20:24:41.250498
TXN_007338,ACC_0345,ACC_0080,4450.42,2026-02-02 20:31:22.870418
TXN_007423,ACC_0344,ACC_0400,4443.83,2026-02-02 20:34:19.447118
TXN_002888,ACC_0210,ACC_0002,1553.75,2026-02-02 20:34:40.569307
TXN_008631,ACC_0197,ACC_0082,3712.77,2026-02-02 20:38:05.361325
TXN_007964,ACC_0030,ACC_0282,1105.71,2026-02-02 20:38:19.197367
TXN_006217,ACC_0263,ACC_0202,4862.6,2026-02-02 20:44:00.960821
TXN_005832,ACC_0469,ACC_0299,3093.45,2026-02-02 20:51:17.897580
TXN_000845,ACC_0230,ACC_0444,1003.28,2026-02-02 20:54:54.939974
TXN_004510,ACC_0437,ACC_0102,4194.68,2026-02-02 21:00:15.805655
TXN_009930,ACC_0074,ACC_0003,4274.58,2026-02-02 21:03:10.428031
TXN_008656,ACC_0068,ACC_0403,3181.38,2026-02-02 21:04:50.726815
TXN_004406,ACC_0024,ACC_0443,129.12,2026-02-02 21:12:35.389368
TXN_000708,ACC_0099,ACC_0374,102.51,2026-02-02 21:15:31.380705
TXN_006451,ACC_0265,ACC_0228,1058.01,2026-02-02 21:32:34.755780
TXN_006053,ACC_0232,ACC_0157,4055.21,2026-02-02 21:36:21.065798
TXN_007754,ACC_0293,ACC_0137,2847.17,2026-02-02 21:40:57.310826
TXN_004555,ACC_0390,ACC_0253,4727.48,2026-02-02 21:41:40.400714
TXN_007037,ACC_0182,ACC_0230,4130.48,2026-02-02 21:42:04.183468
TXN_009974,ACC_0300,ACC_0283,4573.48,2026-02-02 21:43:48.191673
TXN_005610,ACC_0079,ACC_0215,671.05,2026-02-02 21:55:24.928854
TXN_007017,ACC_0071,ACC_0163,3189.49,2026-02-02 21:56:10.734915
TXN_006246,ACC_0252,ACC_0407,3611.53,2026-02-02 22:04:28.351283
TXN_003306,ACC_0456,ACC_0152,3960.79,2026-02-02 22:13:46.146202
TXN_002136,ACC_0169,ACC_0377,4522.66,2026-02-02 22:13:57.013763
TXN_004928,ACC_0365,ACC_0039,351.94,2026-02-02 22:18:54.491653
TXN_009247,ACC_0432,ACC_0402,1690.37,2026-02-02 22:21:35.537971
TXN_003720,ACC_0341,ACC_0232,4519.99,2026-02-02 22:21:49.145832
TXN_003838,ACC_0423,ACC_0132,3602.45,2026-02-02 22:22:59.216493
TXN_001432,ACC_0239,ACC_0386,2444.99,2026-02-02 22:31:39.546465
TXN_003795,ACC_0392,ACC_0064,1456.55,2026-02-02 22:38:46.350850
TXN_006528,ACC_0244,ACC_0452,2845.24,2026-02-02 22:44:10.764575
TXN_003099,ACC_0020,ACC_0209,2271.71,2026-02-02 22:54:27.101362
TXN_004441,ACC_0316,ACC_0042,4057.14,2026-02-02 22:58:49.728243
TXN_005146,ACC_0371,ACC_0395,1730.3,2026-02-02 23:03:05.094852
TXN_007755,ACC_0315,ACC_0252,325.94,2026-02-02 23:04:38.657480
TXN_009242,ACC_0133,ACC_0382,263.95,2026-02-02 23:07:29.925935
TXN_006407,ACC_0184,ACC_0207,2249.01,2026-02-02 23:08:38.384093
TXN_000980,ACC_0367,ACC_0004,3705.06,2026-02-02 23:08:47.809932
TXN_002526,ACC_0452,ACC_0428,1542.97,2026-02-02 23:12:03.050008
TXN_007603,ACC_0249,ACC_0017,1543.79,2026-02-02 23:16:36.491684
TXN_005273,ACC_0342,ACC_0249,4991.15,2026-02-02 23:27:22.958178
TXN_000804,ACC_0362,ACC_0387,3269.86,2026-02-02 23:37:13.439511
TXN_007000,ACC_0468,ACC_0422,594.78,2026-02-02 23:37:23.280650
TXN_006950,ACC_0303,ACC_0389,2549.22,2026-02-02 23:38:28.039466
TXN_009814,ACC_0149,ACC_0114,3003.49,2026-02-02 23:40:48.406205
TXN_003966,ACC_0392,ACC_0105,2805.04,2026-02-02 23:40:53.695515
TXN_008275,ACC_0221,ACC_0083,3423.62,2026-02-02 23:48:26.264823
TXN_007660,ACC_0245,ACC_0319,2751.77,2026-02-02 23:48:43.851784
TXN_002418,ACC_0016,ACC_0425,2682.49,2026-02-02 23:55:33.469634
TXN_003485,ACC_0195,ACC_0061,1816.4,2026-02-03 00:02:57.364395
TXN_007009,ACC_0140,ACC_0029,171.72,2026-02-03 00:05:04.610746
TXN_008191,ACC_0111,ACC_0192,2213.93,2026-02-03 00:07:39.412387
TXN_009648,ACC_0034,ACC_0042,4658.56,2026-02-03 00:18:42.210618
TXN_004588,ACC_0375,ACC_0146,168.56,2026-02-03 00:21:28.792434
TXN_008673,ACC_0184,ACC_0467,3476.92,2026-02-03 00:30:52.351161
TXN_009018,ACC_0275,ACC_0031,1350.64,2026-02-03 00:31:43.767125
TXN_009729,ACC_0127,ACC_0320,3269.09,2026-02-03 00:31:58.672344
TXN_009607,ACC_0058,ACC_0429,3959.07,2026-02-03 00:37:28.799173
TXN_005714,ACC_0096,ACC_0149,3726.76,2026-02-03 00:40:38.834563
TXN_004875,ACC_0327,ACC_0006,664.21,2026-02-03 00:45:18.715903
TXN_002614,ACC_0451,ACC_0349,730.64,2026-02-03 00:51:58.293039
TXN_003197,ACC_0155,ACC_0241,207.58,2026-02-03 00:55:26.809368
TXN_004812,ACC_0294,ACC_0037,1753.96,2026-02-03 00:55:39.367432
TXN_008960,ACC_0016,ACC_0306,4669.51,2026-02-03 00:56:11.918884
TXN_003290,ACC_0054,ACC_0281,4261.32,2026-02-03 00:57:00.950202
TXN_002347,ACC_0262,ACC_0433,149.79,2026-02-03 00:59:02.991636
TXN_000586,ACC_0457,ACC_0152,1638.48,2026-02-03 01:00:53.394915
TXN_005481,ACC_0464,ACC_0289,3494.58,2026-02-03 01:13:20.903555
TXN_004930,ACC_0436,ACC_0019,4090.4,2026-02-03 01:19:32.697021
TXN_000508,ACC_0465,ACC_0049,1216.67,2026-02-03 01:23:18.286472
TXN_006498,ACC_0103,ACC_0340,3088.92,2026-02-03 01:24:54.683356
TXN_001566,ACC_0065,ACC_0184,673.37,2026-02-03 01:25:46.236443
TXN_008476,ACC_0011,ACC_0447,1939.32,2026-02-03 01:26:53.152766
TXN_007493,ACC_0303,ACC_0105,3022.91,2026-02-03 01:33:54.356800
TXN_002300,ACC_0086,ACC_0209,2448.89,2026-02-03 01:34:29.144567
TXN_000920,ACC_0246,ACC_0281,3361.19,2026-02-03 01:37:13.474629
TXN_008267,ACC_0363,ACC_0438,4491.6,2026-02-03 01:38:20.265136
TXN_006296,ACC_0406,ACC_0265,3810.41,2026-02-03 01:38:36.896214
TXN_000475,ACC_0030,ACC_0103,2771.56,2026-02-03 01:38:53.853430
TXN_006086,ACC_0370,ACC_0276,4892.6,2026-02-03 01:40:35.056452
TXN_002752,ACC_0292,ACC_0303,4875.66,2026-02-03 01:44:28.707900
TXN_009333,ACC_0092,ACC_0187,3434.09,2026-02-03 01:52:34.403298
TXN_000476,ACC_0065,ACC_0199,1538.56,2026-02-03 01:56:00.775109
TXN_000381,ACC_0147,ACC_0500,8960.14,2026-02-03 02:00:57.455541
TXN_009230,ACC_0337,ACC_0443,1510.69,2026-02-03 02:03:27.745499
TXN_009136,ACC_0063,ACC_0411,3746.79,2026-02-03 02:03:42.979202
TXN_003122,ACC_0034,ACC_0243,3440.44,2026-02-03 02:15:54.389590
TXN_009161,ACC_0119,ACC_0054,465.62,2026-02-03 02:18:48.009256
TXN_005589,ACC_0250,ACC_0125,944.17,2026-02-03 02:25:56.496433
TXN_009583,ACC_0194,ACC_0429,2655.16,2026-02-03 02:51:00.531348
TXN_000473,ACC_0151,ACC_0182,3820.18,2026-02-03 02:52:27.088842
TXN_008524,ACC_0020,ACC_0111,3727.08,2026-02-03 02:58:25.181493
TXN_006571,ACC_0417,ACC_0463,4249.97,2026-02-03 03:11:16.952830
TXN_009357,ACC_0259,ACC_0031,3554.75,2026-02-03 03:16:11.542398
TXN_000812,ACC_0234,ACC_0079,1925.39,2026-02-03 03:28:49.439420
TXN_000873,ACC_0442,ACC_0464,3921.64,2026-02-03 03:30:28.954667
TXN_000382,ACC_0500,ACC_0349,8512.13,2026-02-03 03:34:59.923949
TXN_007477,ACC_0385,ACC_0118,262.31,2026-02-03 03:39:49.559391
TXN_007367,ACC_0056,ACC_0171,1778.83,2026-02-03 03:46:57.335869
TXN_003724,ACC_0096,ACC_0462,482.31,2026-02-03 03:48:56.222192
TXN_000695,ACC_0333,ACC_0409,4463.34,2026-02-03 03:56:16.768844
TXN_006183,ACC_0179,ACC_0292,760.56,2026-02-03 03:58:38.654493
TXN_005171,ACC_0246,ACC_0364,1212.55,2026-02-03 04:01:18.714425
TXN_001155,ACC_0147,ACC_0222,1088.96,2026-02-03 04:03:45.859045
TXN_008549,ACC_0038,ACC_0408,1031.64,2026-02-03 04:09:10.583781
TXN_002895,ACC_0096,ACC_0141,587.39,2026-02-03 04:10:03.169559
TXN_009012,ACC_0122,ACC_0231,3411.0,2026-02-03 04:11:30.764421
TXN_003774,ACC_0141,ACC_0451,1061.45,2026-02-03 04:14:28.976823
TXN_003805,ACC_0270,ACC_0222,4590.63,2026-02-03 04:16:27.321168
TXN_006934,ACC_0178,ACC_0008,717.17,2026-02-03 04:21:02.295829
TXN_002744,ACC_0066,ACC_0400,3379.46,2026-02-03 04:27:27.472007
TXN_000630,ACC_0006,ACC_0252,2777.82,2026-02-03 04:32:46.852560
TXN_009146,ACC_0005,ACC_0174,1353.79,2026-02-03 04:39:46.492257
TXN_003038,ACC_0297,ACC_0167,1243.92,2026-02-03 04:43:44.386220
TXN_006590,ACC_0096,ACC_0057,2829.09,2026-02-03 04:45:34.756001
TXN_004852,ACC_0040,ACC_0019,4523.63,2026-02-03 04:47:04.728088
TXN_002378,ACC_0324,ACC_0194,1670.57,2026-02-03 04:47:52.244166
TXN_006553,ACC_0332,ACC_0158,2358.08,2026-02-03 04:50:01.604409
TXN_006438,ACC_0202,ACC_0199,3710.46,2026-02-03 04:50:27.567124
TXN_008426,ACC_0136,ACC_0452,670.7,2026-02-03 04:57:43.245461
TXN_009532,ACC_0291,ACC_0232,4142.4,2026-02-03 05:04:55.530238
TXN_002093,ACC_0040,ACC_0376,2651.25,2026-02-03 05:06:12.095092
TXN_001003,ACC_0389,ACC_0373,600.04,2026-02-03 05:17:03.304939
TXN_003438,ACC_0314,ACC_0193,3760.81,2026-02-03 05:20:31.211865
TXN_000996,ACC_0445,ACC_0294,4972.15,2026-02-03 05:29:37.444493
TXN_001901,ACC_0430,ACC_0177,4974.21,2026-02-03 05:34:28.169333
TXN_002223,ACC_0088,ACC_0203,4873.98,2026-02-03 05:38:48.225669
TXN_009049,ACC_0134,ACC_0015,2405.91,2026-02-03 05:42:11.744176
TXN_008085,ACC_0050,ACC_0297,3624.03,2026-02-03 05:47:36.232450
TXN_000693,ACC_0393,ACC_0257,4304.5,2026-02-03 05:47:44.771617
TXN_009317,ACC_0074,ACC_0067,4767.45,2026-02-03 05:55:06.108742
TXN_005260,ACC_0042,ACC_0355,4923.23,2026-02-03 06:06:52.171786
TXN_002709,ACC_0266,ACC_0191,1457.45,2026-02-03 06:07:49.009949
TXN_004430,ACC_0155,ACC_0430,1897.23,2026-02-03 06:12:29.651414
TXN_007588,ACC_0461,ACC_0188,767.2,2026-02-03 06:17:06.087580
TXN_005228,ACC_0367,ACC_0247,4339.66,2026-02-03 06:20:46.284531
TXN_006244,ACC_0315,ACC_0124,1541.5,2026-02-03 06:28:58.933318
TXN_003968,ACC_0263,ACC_0395,1597.72,2026-02-03 06:33:02.955786
TXN_006506,ACC_0188,ACC_0368,424.45,2026-02-03 06:37:54.089865
TXN_002581,ACC_0251,ACC_0124,2652.79,2026-02-03 06:39:07.993057
TXN_007330,ACC_0371,ACC_0436,2554.78,2026-02-03 06:40:01.046961
TXN_006038,ACC_0094,ACC_0401,3289.05,2026-02-03 06:45:43.204082
TXN_007376,ACC_0209,ACC_0089,2106.1,2026-02-03 06:50:04.102399
TXN_008688,ACC_0222,ACC_0183,1752.78,2026-02-03 06:54:30.780549
TXN_002764,ACC_0463,ACC_0381,1998.93,2026-02-03 06:55:08.848170
TXN_000566,ACC_0020,ACC_0123,1135.67,2026-02-03 07:03:40.902249
TXN_000071,ACC_0473,ACC_0474,23017.55,2026-02-03 07:05:05.108046
TXN_005063,ACC_0054,ACC_0224,4039.13,2026-02-03 07:09:41.492437
TXN_009740,ACC_0163,ACC_0203,755.0,2026-02-03 07:14:23.695772
TXN_008966,ACC_0038,ACC_0019,1592.45,2026-02-03 07:21:09.891912
TXN_002754,ACC_0261,ACC_0012,366.76,2026-02-03 07:42:17.133336
TXN_009153,ACC_0137,ACC_0139,1410.39,2026-02-03 07:47:07.904576
TXN_007204,ACC_0260,ACC_0326,4901.72,2026-02-03 07:47:18.146489
TXN_007191,ACC_0382,ACC_0280,1040.3,2026-02-03 07:49:01.844125
TXN_006480,ACC_0216,ACC_0423,3314.25,2026-02-03 07:57:21.496272
TXN_002967,ACC_0024,ACC_0008,3488.14,2026-02-03 08:00:04.587341
TXN_001638,ACC_0234,ACC_0282,2609.92,2026-02-03 08:04:07.528434
TXN_004667,ACC_0011,ACC_0123,608.94,2026-02-03 08:09:56.716769
TXN_000147,ACC_0122,ACC_0487,3687.42,2026-02-03 08:18:38.470873
TXN_001334,ACC_0454,ACC_0181,3649.42,2026-02-03 08:19:10.407963
TXN_004540,ACC_0284,ACC_0209,1864.16,2026-02-03 08:34:40.517424
TXN_000561,ACC_0447,ACC_0349,905.38,2026-02-03 08:35:31.610366
TXN_001702,ACC_0287,ACC_0011,4876.21,2026-02-03 08:38:00.589394
TXN_003215,ACC_0012,ACC_0251,4712.37,2026-02-03 08:42:18.544725
TXN_008059,ACC_0174,ACC_0269,4695.59,2026-02-03 08:42:34.905252
TXN_007984,ACC_0018,ACC_0084,1220.18,2026-02-03 08:42:57.495090
TXN_003238,ACC_0099,ACC_0372,4049.57,2026-02-03 08:48:12.433118
TXN_000148,ACC_0487,ACC_0206,3503.05,2026-02-03 09:19:08.271518
TXN_003058,ACC_0081,ACC_0238,4436.1,2026-02-03 09:20:16.314626
TXN_005989,ACC_0144,ACC_0159,2401.56,2026-02-03 09:30:25.589827
TXN_006592,ACC_0311,ACC_0196,2846.18,2026-02-03 09:30:30.687979
TXN_001065,ACC_0360,ACC_0145,1148.09,2026-02-03 09:31:22.498699
TXN_002835,ACC_0062,ACC_0388,2245.79,2026-02-03 09:32:59.645143
TXN_002727,ACC_0452,ACC_0229,3999.81,2026-02-03 09:38:00.957745
TXN_008000,ACC_0099,ACC_0277,4100.1,2026-02-03 09:41:07.566168
TXN_005211,ACC_0147,ACC_0346,915.72,2026-02-03 09:45:50.635639
TXN_005400,ACC_0425,ACC_0281,3162.09,2026-02-03 09:48:39.899973
TXN_008457,ACC_0289,ACC_0455,796.89,2026-02-03 09:52:27.972825
TXN_003121,ACC_0044,ACC_0023,2437.6,2026-02-03 09:54:25.134265
TXN_005133,ACC_0302,ACC_0083,2257.44,2026-02-03 09:59:32.039139
TXN_009580,ACC_0167,ACC_0443,3044.66,2026-02-03 09:59:41.719286
TXN_000685,ACC_0456,ACC_0121,3148.12,2026-02-03 10:03:00.196830
TXN_001223,ACC_0012,ACC_0160,3812.5,2026-02-03 10:07:51.263703
TXN_005930,ACC_0265,ACC_0198,1051.79,2026-02-03 10:09:50.987040
TXN_001289,ACC_0132,ACC_0154,3671.09,2026-02-03 10:11:36.599494
TXN_009937,ACC_0131,ACC_0462,2039.28,2026-02-03 10:13:40.168592
TXN_002282,ACC_0309,ACC_0020,3598.14,2026-02-03 10:25:40.671904
TXN_001391,ACC_0467,ACC_0362,616.76,2026-02-03 10:26:30.602962
TXN_007932,ACC_0249,ACC_0408,2401.5,2026-02-03 10:30:49.484898
TXN_002372,ACC_0037,ACC_0209,3371.81,2026-02-03 10:30:55.007325
TXN_008659,ACC_0026,ACC_0209,232.49,2026-02-03 10:36:25.236530
TXN_001037,ACC_0078,ACC_0116,4026.34,2026-02-03 10:37:22.002535
TXN_009226,ACC_0161,ACC_0155,1029.09,2026-02-03 10:45:49.902557
TXN_002405,ACC_0194,ACC_0362,3447.42,2026-02-03 10:47:39.037497
TXN_000119,ACC_0411,ACC_0486,13495.55,2026-02-03 10:53:01.037338
TXN_009088,ACC_0182,ACC_0333,1147.19,2026-02-03 10:53:36.660551
TXN_004599,ACC_0364,ACC_0041,2261.73,2026-02-03 10:56:01.500633
TXN_001188,ACC_0384,ACC_0401,2751.59,2026-02-03 10:57:04.149858
TXN_002629,ACC_0314,ACC_0470,4641.01,2026-02-03 10:57:44.176503
TXN_001835,ACC_0199,ACC_0129,1696.24,2026-02-03 10:59:45.946151
TXN_007466,ACC_0062,ACC_0089,2282.01,2026-02-03 11:08:20.997549
TXN_008988,ACC_0059,ACC_0187,1916.15,2026-02-03 11:13:10.539151
TXN_001267,ACC_0301,ACC_0440,944.3,2026-02-03 11:20:50.754002
TXN_008578,ACC_0152,ACC_0001,2010.88,2026-02-03 11:33:59.472190
TXN_008087,ACC_0010,ACC_0049,3513.6,2026-02-03 11:38:42.652135
TXN_000723,ACC_0182,ACC_0357,945.79,2026-02-03 11:40:22.298953
TXN_004278,ACC_0138,ACC_0445,3558.76,2026-02-03 11:45:17.519523
TXN_008158,ACC_0277,ACC_0006,2443.74,2026-02-03 11:53:14.662412
TXN_007046,ACC_0100,ACC_0381,2501.42,2026-02-03 11:55:17.547678
TXN_008728,ACC_0436,ACC_0455,4531.15,2026-02-03 11:57:26.628828
TXN_004910,ACC_0392,ACC_0022,4109.34,2026-02-03 12:04:20.143354
TXN_008170,ACC_0125,ACC_0145,1415.4,2026-02-03 12:06:04.504897
TXN_004403,ACC_0060,ACC_0201,4161.99,2026-02-03 12:06:22.130730
TXN_003246,ACC_0103,ACC_0295,1769.89,2026-02-03 12:20:44.306450
TXN_005303,ACC_0155,ACC_0344,3275.88,2026-02-03 12:28:27.667395
TXN_008954,ACC_0307,ACC_0134,3587.4,2026-02-03 12:29:07.022666
TXN_005007,ACC_0281,ACC_0421,3063.12,2026-02-03 12:33:17.962563
TXN_001644,ACC_0259,ACC_0268,4123.24,2026-02-03 12:34:36.228268
TXN_008598,ACC_0467,ACC_0271,2841.22,2026-02-03 12:39:03.505433
TXN_001968,ACC_0147,ACC_0158,4876.19,2026-02-03 12:39:10.134470
TXN_000120,ACC_0486,ACC_0183,12820.77,2026-02-03 12:40:29.816747
TXN_006057,ACC_0175,ACC_0068,3045.84,2026-02-03 12:44:19.332025
TXN_009121,ACC_0082,ACC_0400,1347.45,2026-02-03 12:47:35.461710
TXN_006354,ACC_0001,ACC_0419,2207.74,2026-02-03 12:50:02.639634
TXN_005145,ACC_0397,ACC_0156,2273.11,2026-02-03 12:51:50.106243
TXN_006512,ACC_0403,ACC_0076,444.77,2026-02-03 13:03:59.421561
TXN_002209,ACC_0359,ACC_0384,3764.48,2026-02-03 13:12:33.869700
TXN_007608,ACC_0031,ACC_0235,4498.14,2026-02-03 13:14:28.339888
TXN_000093,ACC_0475,ACC_0476,9168.7,2026-02-03 13:25:09.947576
TXN_009835,ACC_0372,ACC_0009,1163.99,2026-02-03 13:33:40.364256
TXN_003974,ACC_0457,ACC_0190,2188.2,2026-02-03 13:33:57.053490
TXN_007987,ACC_0104,ACC_0021,862.46,2026-02-03 13:34:45.540895
TXN_006118,ACC_0148,ACC_0073,2948.77,2026-02-03 13:38:13.199405
TXN_002437,ACC_0028,ACC_0111,3900.91,2026-02-03 13:38:57.527366
TXN_004104,ACC_0134,ACC_0070,2599.58,2026-02-03 13:43:03.875771
TXN_003274,ACC_0465,ACC_0316,3176.5,2026-02-03 13:58:39.134540
TXN_008252,ACC_0416,ACC_0291,458.3,2026-02-03 13:59:58.028936
TXN_003449,ACC_0333,ACC_0154,1841.08,2026-02-03 14:03:31.613993
TXN_007637,ACC_0464,ACC_0305,1408.43,2026-02-03 14:11:42.193690
TXN_002272,ACC_0039,ACC_0285,1369.13,2026-02-03 14:16:02.451178
TXN_004151,ACC_0179,ACC_0030,4262.37,2026-02-03 14:16:56.811229
TXN_006203,ACC_0057,ACC_0047,2008.28,2026-02-03 14:23:19.621805
TXN_003396,ACC_0039,ACC_0199,116.94,2026-02-03 14:26:44.214825
TXN_006973,ACC_0045,ACC_0244,1952.97,2026-02-03 14:42:50.639096
TXN_001601,ACC_0291,ACC_0300,2951.24,2026-02-03 14:48:54.198724
TXN_002327,ACC_0266,ACC_0431,4376.32,2026-02-03 14:53:42.208516
TXN_001353,ACC_0011,ACC_0006,3447.07,2026-02-03 14:54:45.134929
TXN_009148,ACC_0113,ACC_0122,4785.18,2026-02-03 14:55:29.779842
TXN_008691,ACC_0103,ACC_0023,2088.43,2026-02-03 14:59:47.178312
TXN_007710,ACC_0373,ACC_0230,4643.34,2026-02-03 15:05:00.155746
TXN_006803,ACC_0345,ACC_0182,4253.39,2026-02-03 15:11:47.909907
TXN_000754,ACC_0154,ACC_0439,1033.15,2026-02-03 15:16:35.302045
TXN_008915,ACC_0054,ACC_0094,4534.4,2026-02-03 15:20:36.001384
TXN_007211,ACC_0119,ACC_0463,869.62,2026-02-03 15:24:48.291357
TXN_006688,ACC_0052,ACC_0177,3312.81,2026-02-03 15:27:59.111194
TXN_002491,ACC_0202,ACC_0169,1111.94,2026-02-03 15:34:35.746937
TXN_001703,ACC_0228,ACC_0216,3250.98,2026-02-03 15:38:36.825184
TXN_001767,ACC_0095,ACC_0234,3497.76,2026-02-03 15:41:23.778530
TXN_001394,ACC_0332,ACC_0012,137.25,2026-02-03 15:42:13.914022
TXN_007800,ACC_0072,ACC_0385,4128.38,2026-02-03 15:44:21.847108
TXN_002732,ACC_0393,ACC_0119,1571.66,2026-02-03 15:51:06.999915
TXN_005627,ACC_0299,ACC_0361,2746.16,2026-02-03 15:53:22.881560
TXN_001903,ACC_0322,ACC_0115,250.26,2026-02-03 15:53:23.364514
TXN_007006,ACC_0046,ACC_0255,481.22,2026-02-03 15:53:27.958872
TXN_003809,ACC_0011,ACC_0149,418.25,2026-02-03 15:57:06.888274
TXN_007868,ACC_0316,ACC_0099,4568.88,2026-02-03 16:01:24.768869
TXN_006298,ACC_0018,ACC_0404,3008.55,2026-02-03 16:02:36.648040
TXN_003627,ACC_0403,ACC_0037,3710.32,2026-02-03 16:04:54.513878
TXN_000547,ACC_0145,ACC_0433,4510.71,2026-02-03 16:08:58.840400
TXN_001169,ACC_0264,ACC_0011,4832.84,2026-02-03 16:15:28.418318
TXN_000068,ACC_0473,ACC_0474,17616.36,2026-02-03 16:23:52.608133
TXN_003897,ACC_0401,ACC_0260,596.84,2026-02-03 16:28:22.277251
TXN_009319,ACC_0139,ACC_0014,4340.48,2026-02-03 16:30:46.385738
TXN_006192,ACC_0042,ACC_0394,3503.99,2026-02-03 16:37:53.688129
TXN_007648,ACC_0162,ACC_0229,3140.73,2026-02-03 16:39:14.983246
TXN_007081,ACC_0349,ACC_0265,2150.15,2026-02-03 16:43:04.504204
TXN_006554,ACC_0334,ACC_0293,2358.16,2026-02-03 16:46:30.651631
TXN_001344,ACC_0312,ACC_0092,1281.88,2026-02-03 16:55:31.173649
TXN_007925,ACC_0048,ACC_0256,1630.0,2026-02-03 17:06:49.269603
TXN_008015,ACC_0455,ACC_0328,3350.67,2026-02-03 17:19:53.037518
TXN_009160,ACC_0272,ACC_0029,2943.73,2026-02-03 17:22:47.540000
TXN_004451,ACC_0237,ACC_0012,3153.9,2026-02-03 17:26:03.842199
TXN_001717,ACC_0319,ACC_0243,1364.99,2026-02-03 17:27:15.061688
TXN_002329,ACC_0044,ACC_0342,101.45,2026-02-03 17:41:56.361655
TXN_007281,ACC_0380,ACC_0413,396.31,2026-02-03 17:42:23.802947
TXN_009435,ACC_0358,ACC_0004,1768.87,2026-02-03 17:48:49.393535
TXN_007194,ACC_0143,ACC_0271,4581.58,2026-02-03 17:51:52.738579
TXN_008403,ACC_0183,ACC_0088,933.06,2026-02-03 17:56:35.713121
TXN_001940,ACC_0047,ACC_0453,3597.77,2026-02-03 17:59:15.347817
TXN_003146,ACC_0154,ACC_0413,3264.19,2026-02-03 18:00:31.177831
TXN_002584,ACC_0113,ACC_0438,1570.4,2026-02-03 18:01:27.165009
TXN_005083,ACC_0160,ACC_0265,445.55,2026-02-03 18:04:40.577820
TXN_002132,ACC_0038,ACC_0451,3071.87,2026-02-03 18:08:37.262691
TXN_003320,ACC_0112,ACC_0062,2113.87,2026-02-03 18:12:27.248925
TXN_005008,ACC_0081,ACC_0058,2169.65,2026-02-03 18:15:04.684353
TXN_000536,ACC_0324,ACC_0366,1895.74,2026-02-03 18:26:48.389392
TXN_007878,ACC_0019,ACC_0345,3064.53,2026-02-03 18:28:43.172988
TXN_004093,ACC_0362,ACC_0338,4225.67,2026-02-03 18:29:15.544669
TXN_006028,ACC_0376,ACC_0043,4246.46,2026-02-03 18:39:24.150997
TXN_002459,ACC_0153,ACC_0393,745.47,2026-02-03 18:39:33.031867
TXN_009381,ACC_0412,ACC_0096,1957.64,2026-02-03 18:39:37.760802
TXN_008605,ACC_0289,ACC_0075,3407.61,2026-02-03 18:47:07.010612
TXN_006224,ACC_0152,ACC_0311,2113.53,2026-02-03 18:51:03.241200
TXN_004143,ACC_0419,ACC_0405,1182.53,2026-02-03 18:54:42.771082
TXN_003473,ACC_0322,ACC_0256,3904.24,2026-02-03 18:57:26.452261
TXN_000922,ACC_0465,ACC_0160,3831.19,2026-02-03 19:00:54.009655
TXN_000650,ACC_0140,ACC_0426,3185.67,2026-02-03 19:01:11.388448
TXN_001494,ACC_0458,ACC_0054,1305.71,2026-02-03 19:05:09.617760
TXN_006419,ACC_0362,ACC_0135,1413.5,2026-02-03 19:06:42.709827
TXN_007957,ACC_0387,ACC_0034,1980.06,2026-02-03 19:09:07.215310
TXN_001265,ACC_0303,ACC_0286,2594.93,2026-02-03 19:13:27.691739
TXN_004139,ACC_0179,ACC_0155,4038.69,2026-02-03 19:14:28.278351
TXN_003892,ACC_0295,ACC_0423,681.09,2026-02-03 19:21:34.962441
TXN_003841,ACC_0464,ACC_0246,359.88,2026-02-03 19:23:52.371893
TXN_000299,ACC_0282,ACC_0495,10486.61,2026-02-03 19:25:49.614748
TXN_005955,ACC_0359,ACC_0151,4785.78,2026-02-03 19:26:52.649479
TXN_009779,ACC_0221,ACC_0090,3929.2,2026-02-03 19:27:23.785156
TXN_002803,ACC_0125,ACC_0332,2096.89,2026-02-03 19:33:32.867000
TXN_005584,ACC_0049,ACC_0303,1693.49,2026-02-03 19:39:54.332016
TXN_003600,ACC_0014,ACC_0338,4695.71,2026-02-03 19:51:28.337365
TXN_008617,ACC_0029,ACC_0448,3367.94,2026-02-03 19:52:38.427930
TXN_002983,ACC_0385,ACC_0335,2917.81,2026-02-03 19:59:59.119490
TXN_001371,ACC_0225,ACC_0107,3352.0,2026-02-03 20:04:30.377439
TXN_001807,ACC_0361,ACC_0294,2455.63,2026-02-03 20:05:56.235963
TXN_002343,ACC_0230,ACC_0452,1562.95,2026-02-03 20:09:49.954127
TXN_002307,ACC_0183,ACC_0454,2134.15,2026-02-03 20:13:50.034646
TXN_009756,ACC_0123,ACC_0191,4665.28,2026-02-03 20:16:34.777130
TXN_003155,ACC_0148,ACC_0052,2693.63,2026-02-03 20:20:16.544828
TXN_007765,ACC_0340,ACC_0100,3038.9,2026-02-03 20:20:21.302331
TXN_006750,ACC_0360,ACC_0340,1253.95,2026-02-03 20:26:04.863455
TXN_002625,ACC_0094,ACC_0080,3654.69,2026-02-03 20:30:26.116266
TXN_006051,ACC_0349,ACC_0317,1879.57,2026-02-03 20:32:46.075168
TXN_005255,ACC_0372,ACC_0220,1576.17,2026-02-03 20:35:01.797455
TXN_008973,ACC_0205,ACC_0097,472.12,2026-02-03 20:36:44.489954
TXN_002700,ACC_0378,ACC_0073,3790.74,2026-02-03 20:36:49.989194
TXN_000300,ACC_0495,ACC_0276,9962.28,2026-02-03 20:38:48.736244
TXN_002904,ACC_0253,ACC_0461,1254.83,2026-02-03 20:43:20.750861
TXN_004706,ACC_0279,ACC_0454,1095.09,2026-02-03 20:58:50.755973
TXN_008666,ACC_0144,ACC_0049,3711.26,2026-02-03 21:02:07.219509
TXN_004709,ACC_0144,ACC_0375,2968.89,2026-02-03 21:03:14.444297
TXN_000872,ACC_0458,ACC_0322,4141.67,2026-02-03 21:04:34.856352
TXN_008376,ACC_0273,ACC_0390,4050.75,2026-02-03 21:05:12.222393
TXN_008730,ACC_0069,ACC_0374,4016.87,2026-02-03 21:08:11.213795
TXN_007492,ACC_0230,ACC_0081,2631.26,2026-02-03 21:09:24.326031
TXN_003542,ACC_0462,ACC_0320,4607.98,2026-02-03 21:11:44.169886
TXN_009500,ACC_0345,ACC_0150,3617.11,2026-02-03 21:13:28.578821
TXN_009445,ACC_0212,ACC_0313,2432.42,2026-02-03 21:18:04.871304
TXN_006482,ACC_0440,ACC_0096,3500.67,2026-02-03 21:19:08.542892
TXN_008754,ACC_0306,ACC_0158,809.01,2026-02-03 21:23:00.153846
TXN_002585,ACC_0163,ACC_0424,3157.9,2026-02-03 21:25:40.090016
TXN_005332,ACC_0037,ACC_0052,1727.87,2026-02-03 21:25:58.425227
TXN_003666,ACC_0148,ACC_0014,3967.72,2026-02-03 21:30:13.141788
TXN_004602,ACC_0074,ACC_0130,972.2,2026-02-03 21:33:28.763812
TXN_002358,ACC_0146,ACC_0038,452.57,2026-02-03 21:35:18.906538
TXN_005536,ACC_0009,ACC_0078,3629.91,2026-02-03 21:36:45.657761
TXN_003917,ACC_0305,ACC_0411,221.1,2026-02-03 21:43:05.184527
TXN_005903,ACC_0233,ACC_0176,3686.94,2026-02-03 21:57:31.277495
TXN_002414,ACC_0148,ACC_0155,2641.78,2026-02-03 21:58:31.430676
TXN_000401,ACC_0207,ACC_0063,4539.58,2026-02-03 21:59:59.332481
TXN_007094,ACC_0123,ACC_0132,2288.56,2026-02-03 22:02:15.716224
TXN_005628,ACC_0127,ACC_0244,992.26,2026-02-03 22:08:38.286765
TXN_003052,ACC_0105,ACC_0361,2058.09,2026-02-03 22:14:00.500869
TXN_005708,ACC_0322,ACC_0308,4427.05,2026-02-03 22:19:39.795603
TXN_002337,ACC_0428,ACC_0221,4538.5,2026-02-03 22:26:04.664537
TXN_006998,ACC_0338,ACC_0249,2905.52,2026-02-03 22:26:52.449870
TXN_005565,ACC_0286,ACC_0265,2705.48,2026-02-03 22:28:46.150901
TXN_008486,ACC_0459,ACC_0250,1353.76,2026-02-03 22:41:13.402768
TXN_003856,ACC_0290,ACC_0304,347.55,2026-02-03 22:46:36.670158
TXN_001194,ACC_0464,ACC_0365,984.06,2026-02-03 22:53:38.191530
TXN_003768,ACC_0426,ACC_0255,2231.16,2026-02-03 22:55:18.835496
TXN_002794,ACC_0226,ACC_0194,3219.67,2026-02-03 22:55:22.016263
TXN_006964,ACC_0130,ACC_0009,2488.91,2026-02-03 23:04:20.452161
TXN_000567,ACC_0444,ACC_0218,2527.66,2026-02-03 23:10:26.313638
TXN_004025,ACC_0428,ACC_0159,4388.29,2026-02-03 23:13:26.027394
TXN_002106,ACC_0225,ACC_0439,4008.61,2026-02-03 23:16:37.184563
TXN_008545,ACC_0197,ACC_0285,4393.47,2026-02-03 23:19:56.221788
TXN_006908,ACC_0455,ACC_0346,4311.36,2026-02-03 23:22:36.969714
TXN_001298,ACC_0470,ACC_0392,3993.42,2026-02-03 23:23:47.751303
TXN_002015,ACC_0060,ACC_0213,2841.21,2026-02-03 23:25:30.275194
TXN_001287,ACC_0098,ACC_0001,4789.22,2026-02-03 23:28:27.673851
TXN_003465,ACC_0067,ACC_0350,309.69,2026-02-03 23:29:57.299416
TXN_001198,ACC_0191,ACC_0146,3899.52,2026-02-03 23:33:02.888471
TXN_005858,ACC_0460,ACC_0350,954.85,2026-02-03 23:33:03.171587
TXN_008352,ACC_0296,ACC_0036,4507.5,2026-02-03 23:38:07.263903
TXN_009294,ACC_0130,ACC_0145,3654.92,2026-02-03 23:40:27.300178
TXN_006691,ACC_0054,ACC_0250,1858.06,2026-02-03 23:41:05.979952
TXN_008588,ACC_0256,ACC_0415,645.4,2026-02-03 23:47:35.833014
TXN_008254,ACC_0385,ACC_0342,2062.32,2026-02-03 23:54:30.728895
TXN_005985,ACC_0187,ACC_0237,996.37,2026-02-04 00:00:39.971909
TXN_002240,ACC_0118,ACC_0209,2011.0,2026-02-04 00:02:58.967514
TXN_005056,ACC_0209,ACC_0040,2601.96,2026-02-04 00:09:28.952795
TXN_001445,ACC_0379,ACC_0317,1284.38,2026-02-04 00:18:02.234586
TXN_009957,ACC_0141,ACC_0435,3511.53,2026-02-04 00:33:06.906866
TXN_003242,ACC_0047,ACC_0006,3655.11,2026-02-04 00:37:55.724993
TXN_002838,ACC_0154,ACC_0111,2382.75,2026-02-04 00:38:50.076024
TXN_000729,ACC_0470,ACC_0317,3981.15,2026-02-04 00:48:23.065316
TXN_005583,ACC_0102,ACC_0422,2629.23,2026-02-04 00:49:04.887612
TXN_001078,ACC_0061,ACC_0020,1432.75,2026-02-04 00:51:39.175764
TXN_008489,ACC_0423,ACC_0451,2667.85,2026-02-04 00:51:46.810489
TXN_002648,ACC_0309,ACC_0182,4940.53,2026-02-04 01:16:52.787795
TXN_008214,ACC_0370,ACC_0042,722.17,2026-02-04 01:28:31.951163
TXN_009139,ACC_0447,ACC_0426,1020.49,2026-02-04 01:33:25.542197
TXN_006257,ACC_0146,ACC_0178,2863.83,2026-02-04 01:35:46.877270
TXN_001263,ACC_0230,ACC_0042,2823.0,2026-02-04 01:37:21.920047
TXN_002933,ACC_0295,ACC_0444,4290.58,2026-02-04 01:47:14.583174
TXN_006387,ACC_0418,ACC_0026,1664.23,2026-02-04 01:49:53.052595
TXN_008743,ACC_0435,ACC_0233,4645.11,2026-02-04 01:51:07.050060
TXN_002722,ACC_0155,ACC_0427,4326.8,2026-02-04 01:55:36.162563
TXN_009933,ACC_0223,ACC_0405,592.82,2026-02-04 02:01:11.087261
TXN_000800,ACC_0067,ACC_0091,2933.37,2026-02-04 02:04:04.269792
TXN_004332,ACC_0111,ACC_0353,4612.95,2026-02-04 02:04:51.525315
TXN_003199,ACC_0340,ACC_0410,2973.67,2026-02-04 02:04:51.612336
TXN_005656,ACC_0020,ACC_0298,4316.48,2026-02-04 02:05:47.273950
TXN_002786,ACC_0437,ACC_0153,991.47,2026-02-04 02:07:51.691172
TXN_004054,ACC_0135,ACC_0054,4425.87,2026-02-04 02:13:15.845234
TXN_005853,ACC_0457,ACC_0318,1524.68,2026-02-04 02:20:55.442322
TXN_008879,ACC_0030,ACC_0456,1792.42,2026-02-04 02:22:55.482596
TXN_009272,ACC_0337,ACC_0052,281.23,2026-02-04 02:23:32.625373
TXN_009826,ACC_0130,ACC_0461,2417.14,2026-02-04 02:25:54.371241
TXN_003907,ACC_0408,ACC_0269,3067.9,2026-02-04 02:26:36.951201
TXN_005647,ACC_0230,ACC_0204,3912.0,2026-02-04 02:28:00.100440
TXN_003026,ACC_0421,ACC_0095,3584.76,2026-02-04 02:30:06.550167
TXN_003964,ACC_0365,ACC_0039,1347.82,2026-02-04 02:42:54.557447
TXN_003263,ACC_0103,ACC_0037,202.9,2026-02-04 02:45:33.340885
TXN_004752,ACC_0046,ACC_0128,106.07,2026-02-04 02:46:16.396164
TXN_009549,ACC_0131,ACC_0173,4612.47,2026-02-04 02:51:42.698586
TXN_005900,ACC_0395,ACC_0197,508.91,2026-02-04 02:54:29.475870
TXN_005956,ACC_0068,ACC_0102,3682.6,2026-02-04 03:02:10.357505
TXN_003669,ACC_0117,ACC_0057,2583.3,2026-02-04 03:04:04.510538
TXN_007104,ACC_0217,ACC_0088,3746.84,2026-02-04 03:08:29.668065
TXN_009958,ACC_0213,ACC_0173,2848.21,2026-02-04 03:15:27.410291
TXN_007107,ACC_0169,ACC_0021,2644.68,2026-02-04 03:20:11.994136
TXN_003053,ACC_0329,ACC_0465,4291.91,2026-02-04 03:20:12.118479
TXN_008020,ACC_0299,ACC_0343,1763.49,2026-02-04 03:23:09.566129
TXN_002611,ACC_0281,ACC_0173,2058.53,2026-02-04 03:34:38.428694
TXN_000595,ACC_0382,ACC_0442,1784.42,2026-02-04 03:34:54.420973
TXN_006328,ACC_0066,ACC_0085,3546.93,2026-02-04 03:41:53.397231
TXN_006507,ACC_0278,ACC_0146,2743.14,2026-02-04 03:44:45.138635
TXN_003017,ACC_0282,ACC_0331,3831.56,2026-02-04 03:45:03.470598
TXN_003072,ACC_0205,ACC_0137,2487.23,2026-02-04 03:56:50.534084
TXN_000060,ACC_0471,ACC_0472,20874.24,2026-02-04 03:59:23.011252
TXN_003676,ACC_0197,ACC_0257,1887.8,2026-02-04 04:02:13.346569
TXN_007324,ACC_0342,ACC_0208,4924.75,2026-02-04 04:12:11.815191
TXN_000691,ACC_0373,ACC_0363,4079.22,2026-02-04 04:14:04.955474
TXN_004002,ACC_0357,ACC_0408,2395.15,2026-02-04 04:32:40.277703
TXN_005620,ACC_0168,ACC_0398,3142.04,2026-02-04 04:40:12.566704
TXN_002212,ACC_0097,ACC_0260,2093.57,2026-02-04 04:47:27.416706
TXN_003046,ACC_0295,ACC_0282,4249.78,2026-02-04 04:48:00.036217
TXN_003330,ACC_0104,ACC_0235,3825.04,2026-02-04 04:49:11.725228
TXN_005164,ACC_0175,ACC_0042,4098.96,2026-02-04 05:20:32.949968
TXN_008123,ACC_0174,ACC_0291,975.37,2026-02-04 05:22:00.914631
TXN_006819,ACC_0380,ACC_0364,1018.76,2026-02-04 05:22:12.731021
TXN_004313,ACC_0126,ACC_0201,4747.65,2026-02-04 05:23:22.669248
TXN_001663,ACC_0054,ACC_0068,2937.13,2026-02-04 05:24:23.450046
TXN_007752,ACC_0251,ACC_0253,4533.37,2026-02-04 05:25:04.228145
TXN_004731,ACC_0171,ACC_0174,1976.18,2026-02-04 05:37:27.233964
TXN_005505,ACC_0042,ACC_0469,3041.97,2026-02-04 05:45:31.613076
TXN_008753,ACC_0223,ACC_0255,259.67,2026-02-04 06:09:17.252406
TXN_005199,ACC_0038,ACC_0055,254.44,2026-02-04 06:15:07.466017
TXN_003541,ACC_0006,ACC_0198,1819.81,2026-02-04 06:18:12.231275
TXN_003426,ACC_0321,ACC_0257,2379.82,2026-02-04 06:24:06.933495
TXN_003832,ACC_0231,ACC_0269,2980.76,2026-02-04 06:29:35.927301
TXN_007617,ACC_0431,ACC_0041,4826.44,2026-02-04 06:31:06.975484
TXN_001228,ACC_0324,ACC_0394,2107.3,2026-02-04 06:31:28.659253
TXN_008213,ACC_0124,ACC_0212,4871.7,2026-02-04 06:41:54.986863
TXN_004878,ACC_0023,ACC_0031,3407.02,2026-02-04 06:46:29.809210
TXN_007809,ACC_0345,ACC_0292,3712.3,2026-02-04 06:49:31.838298
TXN_008804,ACC_0026,ACC_0178,589.51,2026-02-04 06:56:47.604272
TXN_000697,ACC_0149,ACC_0360,883.66,2026-02-04 07:00:31.070945
TXN_001574,ACC_0335,ACC_0009,155.67,2026-02-04 07:06:13.305819
TXN_004903,ACC_0189,ACC_0185,1003.29,2026-02-04 07:07:22.378011
TXN_000668,ACC_0380,ACC_0170,2892.39,2026-02-04 07:10:02.693797
TXN_004021,ACC_0044,ACC_0091,3859.57,2026-02-04 07:13:34.120598
TXN_001355,ACC_0065,ACC_0070,2980.44,2026-02-04 07:14:44.688574
TXN_009676,ACC_0033,ACC_0071,848.7,2026-02-04 07:17:02.580885
TXN_005170,ACC_0374,ACC_0247,778.81,2026-02-04 07:20:32.284826
TXN_007280,ACC_0385,ACC_0111,4945.42,2026-02-04 07:28:16.741714
TXN_000673,ACC_0072,ACC_0289,981.12,2026-02-04 07:34:37.756472
TXN_009468,ACC_0002,ACC_0051,2662.41,2026-02-04 07:40:44.498293
TXN_003284,ACC_0149,ACC_0344,3090.22,2026-02-04 07:40:53.128485
TXN_007386,ACC_0328,ACC_0380,4133.48,2026-02-04 08:05:03.810983
TXN_005738,ACC_0334,ACC_0102,508.92,2026-02-04 08:29:44.190990
TXN_000165,ACC_0231,ACC_0489,11414.49,2026-02-04 08:40:56.906890
TXN_006413,ACC_0270,ACC_0356,1810.5,2026-02-04 09:10:49.365517
TXN_007855,ACC_0371,ACC_0089,3672.35,2026-02-04 09:13:35.859375
TXN_002652,ACC_0334,ACC_0378,970.08,2026-02-04 09:15:06.971711
TXN_004304,ACC_0461,ACC_0040,514.43,2026-02-04 09:16:27.923067
TXN_003865,ACC_0412,ACC_0389,4350.53,2026-02-04 09:18:16.988897
TXN_004109,ACC_0252,ACC_0190,4493.57,2026-02-04 09:19:03.214695
TXN_008668,ACC_0463,ACC_0148,300.06,2026-02-04 09:25:14.684817
TXN_005253,ACC_0077,ACC_0094,4326.93,2026-02-04 09:27:29.049018
TXN_008428,ACC_0402,ACC_0462,2245.47,2026-02-04 09:28:00.113814
TXN_005726,ACC_0083,ACC_0273,2245.22,2026-02-04 09:35:53.539722
TXN_004817,ACC_0143,ACC_0280,425.93,2026-02-04 09:37:59.045900
TXN_002215,ACC_0095,ACC_0003,434.43,2026-02-04 09:38:34.418338
TXN_008816,ACC_0128,ACC_0400,1887.59,2026-02-04 09:41:31.325687
TXN_007487,ACC_0152,ACC_0079,792.09,2026-02-04 09:45:25.334979
TXN_005292,ACC_0368,ACC_0294,490.23,2026-02-04 09:50:04.147534
TXN_002256,ACC_0085,ACC_0063,3532.28,2026-02-04 10:06:11.060422
TXN_000166,ACC_0489,ACC_0382,10843.76,2026-02-04 10:08:34.038732
TXN_009382,ACC_0309,ACC_0274,3562.25,2026-02-04 10:09:13.034737
TXN_005010,ACC_0289,ACC_0343,2508.03,2026-02-04 10:10:08.290047
TXN_001446,ACC_0040,ACC_0121,2073.19,2026-02-04 10:12:33.476904
TXN_003874,ACC_0397,ACC_0459,2108.8,2026-02-04 10:14:45.939996
TXN_001845,ACC_0210,ACC_0155,1522.68,2026-02-04 10:15:40.130545
TXN_006428,ACC_0172,ACC_0328,4824.06,2026-02-04 10:18:33.527417
TXN_007681,ACC_0009,ACC_0219,4139.45,2026-02-04 10:18:46.601731
TXN_007590,ACC_0035,ACC_0030,2723.27,2026-02-04 10:23:47.607862
TXN_006645,ACC_0229,ACC_0185,1514.38,2026-02-04 10:29:39.515740
TXN_000057,ACC_0480,ACC_0476,15091.22,2026-02-04 10:31:33.257426
TXN_002010,ACC_0249,ACC_0182,2714.76,2026-02-04 10:33:24.944617
TXN_006699,ACC_0159,ACC_0160,3603.07,2026-02-04 10:39:40.256329
TXN_007502,ACC_0425,ACC_0200,2690.0,2026-02-04 10:44:33.726996
TXN_003816,ACC_0343,ACC_0247,4232.18,2026-02-04 10:46:43.551993
TXN_002355,ACC_0254,ACC_0415,2491.57,2026-02-04 10:47:12.938680
TXN_006108,ACC_0457,ACC_0240,3423.68,2026-02-04 10:51:59.925977
TXN_001630,ACC_0121,ACC_0031,4171.45,2026-02-04 11:03:23.829587
TXN_009979,ACC_0450,ACC_0182,4120.77,2026-02-04 11:07:32.936542
TXN_006801,ACC_0133,ACC_0410,3856.12,2026-02-04 11:13:59.501763
TXN_005349,ACC_0230,ACC_0124,691.06,2026-02-04 11:18:03.596819
TXN_007861,ACC_0446,ACC_0251,991.55,2026-02-04 11:18:50.866273
TXN_003321,ACC_0231,ACC_0143,1241.41,2026-02-04 11:39:49.410380
TXN_008251,ACC_0277,ACC_0193,1584.47,2026-02-04 11:45:34.209541
TXN_005742,ACC_0395,ACC_0006,2546.64,2026-02-04 11:47:25.275374
TXN_005665,ACC_0284,ACC_0281,875.36,2026-02-04 11:48:16.181621
TXN_003318,ACC_0427,ACC_0161,373.53,2026-02-04 11:59:07.591419
TXN_002997,ACC_0346,ACC_0433,3531.18,2026-02-04 12:03:36.452890
TXN_004032,ACC_0197,ACC_0051,2998.08,2026-02-04 12:11:56.745926
TXN_004336,ACC_0174,ACC_0423,610.41,2026-02-04 12:14:08.904074
TXN_000838,ACC_0376,ACC_0232,2697.1,2026-02-04 12:16:05.764757
TXN_003490,ACC_0185,ACC_0354,447.48,2026-02-04 12:23:08.706638
TXN_006653,ACC_0246,ACC_0444,2134.92,2026-02-04 12:28:05.638696
TXN_008072,ACC_0098,ACC_0376,2948.71,2026-02-04 12:29:30.539164
TXN_009432,ACC_0222,ACC_0089,4826.25,2026-02-04 12:29:32.476130
TXN_003657,ACC_0342,ACC_0335,553.96,2026-02-04 12:31:03.196719
TXN_008088,ACC_0099,ACC_0103,3731.23,2026-02-04 12:31:29.573249
TXN_004273,ACC_0293,ACC_0273,2998.68,2026-02-04 12:49:35.407001
TXN_005971,ACC_0105,ACC_0367,4216.14,2026-02-04 12:52:43.218418
TXN_000467,ACC_0006,ACC_0037,2471.63,2026-02-04 12:53:51.203617
TXN_008121,ACC_0423,ACC_0267,1312.1,2026-02-04 13:01:15.735760
TXN_004855,ACC_0387,ACC_0002,1202.15,2026-02-04 13:04:32.832506
TXN_002561,ACC_0334,ACC_0111,2385.83,2026-02-04 13:05:01.709049
TXN_000883,ACC_0022,ACC_0340,2817.45,2026-02-04 13:07:59.269158
TXN_003095,ACC_0229,ACC_0169,1173.33,2026-02-04 13:10:49.110495
TXN_003410,ACC_0227,ACC_0394,3435.07,2026-02-04 13:16:16.102206
TXN_003299,ACC_0451,ACC_0319,2168.5,2026-02-04 13:16:35.428914
TXN_002154,ACC_0096,ACC_0443,2147.34,2026-02-04 13:18:32.237991
TXN_005005,ACC_0112,ACC_0168,2230.84,2026-02-04 13:43:12.322014
TXN_001462,ACC_0133,ACC_0220,3668.08,2026-02-04 13:57:20.494083
TXN_004715,ACC_0191,ACC_0154,2657.65,2026-02-04 14:10:54.091255
TXN_007519,ACC_0319,ACC_0461,476.72,2026-02-04 14:11:55.071717
TXN_000603,ACC_0254,ACC_0142,4892.89,2026-02-04 14:19:57.579043
TXN_009684,ACC_0015,ACC_0437,4379.09,2026-02-04 14:20:42.097994
TXN_004894,ACC_0420,ACC_0179,4542.04,2026-02-04 14:21:48.698567
TXN_004072,ACC_0118,ACC_0157,4180.23,2026-02-04 14:27:40.710532
TXN_004634,ACC_0152,ACC_0344,2375.95,2026-02-04 14:33:17.473000
TXN_001538,ACC_0466,ACC_0419,4820.42,2026-02-04 14:35:19.769365
TXN_003705,ACC_0104,ACC_0179,2658.43,2026-02-04 14:45:02.316021
TXN_005599,ACC_0078,ACC_0056,1288.84,2026-02-04 14:48:47.208275
TXN_005849,ACC_0304,ACC_0335,1794.5,2026-02-04 14:51:22.563921
TXN_000750,ACC_0081,ACC_0354,2149.7,2026-02-04 14:52:38.752461
TXN_004135,ACC_0008,ACC_0383,1907.5,2026-02-04 14:54:04.854092
TXN_000331,ACC_0246,ACC_0497,13184.09,2026-02-04 15:01:02.086694
TXN_006110,ACC_0388,ACC_0033,1547.24,2026-02-04 15:23:36.987247
TXN_003505,ACC_0365,ACC_0405,3095.05,2026-02-04 15:26:37.981290
TXN_003937,ACC_0019,ACC_0148,427.37,2026-02-04 15:26:54.594402
TXN_006900,ACC_0214,ACC_0165,2659.18,2026-02-04 15:27:00.577617
TXN_001026,ACC_0142,ACC_0186,4045.57,2026-02-04 15:31:09.956884
TXN_002945,ACC_0060,ACC_0462,2625.96,2026-02-04 15:35:16.216910
TXN_005359,ACC_0338,ACC_0121,2336.53,2026-02-04 15:44:40.194550
TXN_008109,ACC_0371,ACC_0026,1650.3,2026-02-04 15:45:35.063965
TXN_008566,ACC_0139,ACC_0288,3952.7,2026-02-04 16:03:26.385646
TXN_004704,ACC_0144,ACC_0109,2091.74,2026-02-04 16:07:23.229858
TXN_002795,ACC_0237,ACC_0132,912.55,2026-02-04 16:10:37.946914
TXN_004801,ACC_0274,ACC_0322,3298.99,2026-02-04 16:31:29.857742
TXN_005922,ACC_0020,ACC_0426,2905.36,2026-02-04 16:34:00.557965
TXN_006848,ACC_0454,ACC_0154,3387.07,2026-02-04 16:36:06.690204
TXN_006377,ACC_0092,ACC_0381,4094.63,2026-02-04 16:37:09.552873
TXN_001174,ACC_0362,ACC_0258,4040.06,2026-02-04 16:46:35.458844
TXN_002175,ACC_0095,ACC_0391,3135.01,2026-02-04 16:46:51.842129
TXN_002384,ACC_0426,ACC_0219,757.08,2026-02-04 16:47:54.868604
TXN_000332,ACC_0497,ACC_0126,12524.88,2026-02-04 16:59:54.435922
TXN_009575,ACC_0333,ACC_0049,2685.75,2026-02-04 17:01:30.009337
TXN_001769,ACC_0322,ACC_0468,4988.4,2026-02-04 17:07:15.268102
TXN_006810,ACC_0299,ACC_0445,996.11,2026-02-04 17:07:31.078500
TXN_008984,ACC_0007,ACC_0167,3130.07,2026-02-04 17:14:15.844116
TXN_006614,ACC_0031,ACC_0295,4582.27,2026-02-04 17:23:03.227493
TXN_003504,ACC_0248,ACC_0440,4339.74,2026-02-04 17:23:45.430492
TXN_004847,ACC_0294,ACC_0031,4880.22,2026-02-04 17:32:56.031091
TXN_003282,ACC_0088,ACC_0310,4021.41,2026-02-04 17:33:21.678298
TXN_000432,ACC_0387,ACC_0353,2115.87,2026-02-04 17:34:08.268936
TXN_004984,ACC_0147,ACC_0329,345.17,2026-02-04 17:37:52.549205
TXN_008391,ACC_0011,ACC_0147,4563.82,2026-02-04 17:40:36.720791
TXN_001453,ACC_0411,ACC_0237,2751.1,2026-02-04 17:42:13.767296
TXN_009724,ACC_0413,ACC_0356,1890.89,2026-02-04 17:42:16.974792
TXN_001171,ACC_0256,ACC_0008,4516.94,2026-02-04 17:42:40.956017
TXN_008037,ACC_0197,ACC_0029,713.19,2026-02-04 17:51:21.880226
TXN_009605,ACC_0062,ACC_0273,3917.71,2026-02-04 17:59:55.818710
TXN_003144,ACC_0273,ACC_0162,312.4,2026-02-04 18:05:56.881150
TXN_000351,ACC_0083,ACC_0498,3488.57,2026-02-04 18:06:56.489076
TXN_009566,ACC_0032,ACC_0470,4738.63,2026-02-04 18:07:17.092130
TXN_007231,ACC_0225,ACC_0007,4487.59,2026-02-04 18:07:40.353902
TXN_002522,ACC_0063,ACC_0175,566.31,2026-02-04 18:10:03.497181
TXN_006429,ACC_0078,ACC_0351,3850.63,2026-02-04 18:10:13.809987
TXN_008731,ACC_0274,ACC_0171,2927.78,2026-02-04 18:16:06.868115
TXN_002538,ACC_0165,ACC_0305,1474.34,2026-02-04 18:16:38.682995
TXN_002005,ACC_0204,ACC_0084,4973.9,2026-02-04 18:31:13.330702
TXN_001758,ACC_0021,ACC_0072,1553.66,2026-02-04 18:37:01.137672
TXN_004033,ACC_0152,ACC_0405,4060.44,2026-02-04 18:42:33.296257
TXN_000725,ACC_0409,ACC_0437,3181.11,2026-02-04 18:45:16.063208
TXN_007815,ACC_0177,ACC_0273,3952.5,2026-02-04 18:46:56.379415
TXN_000951,ACC_0387,ACC_0453,4846.35,2026-02-04 18:55:32.374609
TXN_002784,ACC_0411,ACC_0313,4396.75,2026-02-04 18:57:35.402879
TXN_005523,ACC_0065,ACC_0304,2403.21,2026-02-04 18:57:39.702475
TXN_003538,ACC_0323,ACC_0307,2111.4,2026-02-04 19:09:11.277310
TXN_003560,ACC_0272,ACC_0387,4229.79,2026-02-04 19:10:34.782242
TXN_000352,ACC_0498,ACC_0352,3314.14,2026-02-04 19:12:23.957842
TXN_006853,ACC_0230,ACC_0088,3862.31,2026-02-04 19:12:36.802309
TXN_007066,ACC_0192,ACC_0274,2958.51,2026-02-04 19:14:30.814383
TXN_004464,ACC_0109,ACC_0039,3389.95,2026-02-04 19:17:04.930501
TXN_007810,ACC_0210,ACC_0153,455.65,2026-02-04 19:25:02.314255
TXN_006260,ACC_0380,ACC_0052,3730.62,2026-02-04 19:31:25.061939
TXN_003722,ACC_0409,ACC_0464,1610.88,2026-02-04 19:35:01.250283
TXN_000463,ACC_0144,ACC_0199,910.86,2026-02-04 19:36:00.793556
TXN_001489,ACC_0323,ACC_0084,186.01,2026-02-04 19:50:36.413616
TXN_005800,ACC_0460,ACC_0298,3044.46,2026-02-04 19:58:55.091835
TXN_000076,ACC_0474,ACC_0475,22557.95,2026-02-04 20:02:13.069110
TXN_002224,ACC_0402,ACC_0037,4084.71,2026-02-04 20:06:02.801672
TXN_004652,ACC_0001,ACC_0421,3328.61,2026-02-04 20:15:01.324740
TXN_003751,ACC_0351,ACC_0249,3000.89,2026-02-04 20:16:06.545894
TXN_000445,ACC_0393,ACC_0110,4325.8,2026-02-04 20:20:27.602230
TXN_007235,ACC_0444,ACC_0054,1470.49,2026-02-04 20:23:47.025559
TXN_004383,ACC_0121,ACC_0470,741.77,2026-02-04 20:28:52.584465
TXN_000759,ACC_0460,ACC_0171,894.44,2026-02-04 20:34:05.005239
TXN_000805,ACC_0004,ACC_0204,1962.62,2026-02-04 20:38:05.991782
TXN_003081,ACC_0392,ACC_0218,4872.97,2026-02-04 20:40:08.248386
TXN_006635,ACC_0149,ACC_0117,4033.89,2026-02-04 20:50:51.444015
TXN_006719,ACC_0187,ACC_0149,2520.34,2026-02-04 20:53:48.758902
TXN_003678,ACC_0308,ACC_0292,3803.39,2026-02-04 21:10:30.905261
TXN_003753,ACC_0259,ACC_0122,2354.27,2026-02-04 21:16:29.335521
TXN_003711,ACC_0217,ACC_0349,3444.43,2026-02-04 21:23:39.825786
TXN_003454,ACC_0198,ACC_0307,4620.72,2026-02-04 21:28:11.608855
TXN_001571,ACC_0151,ACC_0183,2370.33,2026-02-04 21:34:42.640723
TXN_008193,ACC_0130,ACC_0060,3161.48,2026-02-04 21:41:06.409414
TXN_000491,ACC_0035,ACC_0114,779.46,2026-02-04 21:41:07.355428
TXN_002923,ACC_0259,ACC_0305,310.29,2026-02-04 21:41:47.848897
TXN_004749,ACC_0097,ACC_0232,2473.04,2026-02-04 21:44:02.129176
TXN_009906,ACC_0261,ACC_0339,3210.84,2026-02-04 21:44:14.880545
TXN_009303,ACC_0296,ACC_0431,1889.06,2026-02-04 21:45:15.556109
TXN_000049,ACC_0479,ACC_0480,21295.15,2026-02-04 21:47:21.887507
TXN_003077,ACC_0043,ACC_0341,3490.77,2026-02-04 21:49:50.696282
TXN_002603,ACC_0464,ACC_0434,3022.46,2026-02-04 21:52:27.920807
TXN_000108,ACC_0472,ACC_0473,22347.59,2026-02-04 21:56:18.309114
TXN_005619,ACC_0041,ACC_0023,2687.05,2026-02-04 22:03:32.662952
TXN_001495,ACC_0254,ACC_0354,4741.18,2026-02-04 22:12:36.087325
TXN_006054,ACC_0170,ACC_0224,2384.17,2026-02-04 22:14:31.029047
TXN_003469,ACC_0208,ACC_0308,1792.84,2026-02-04 22:29:55.029692
TXN_000844,ACC_0289,ACC_0360,834.05,2026-02-04 22:38:15.833183
TXN_009714,ACC_0277,ACC_0447,3200.62,2026-02-04 22:40:47.286785
TXN_003108,ACC_0232,ACC_0168,3938.89,2026-02-04 22:43:02.231912
TXN_002867,ACC_0401,ACC_0295,878.99,2026-02-04 22:50:28.272477
TXN_003675,ACC_0057,ACC_0290,4414.94,2026-02-04 22:54:20.111214
TXN_001274,ACC_0289,ACC_0275,4869.35,2026-02-04 23:01:27.849083
TXN_002567,ACC_0142,ACC_0109,2296.75,2026-02-04 23:06:14.583534
TXN_004830,ACC_0337,ACC_0164,4039.27,2026-02-04 23:07:04.724163
TXN_007253,ACC_0470,ACC_0220,124.59,2026-02-04 23:11:13.853249
TXN_004811,ACC_0153,ACC_0266,462.99,2026-02-04 23:15:16.927492
TXN_007177,ACC_0048,ACC_0049,3263.8,2026-02-04 23:18:46.780310
TXN_008129,ACC_0418,ACC_0361,4599.98,2026-02-04 23:41:19.252699
TXN_008397,ACC_0087,ACC_0107,3854.7,2026-02-04 23:47:50.106107
TXN_000046,ACC_0479,ACC_0480,14152.31,2026-02-04 23:51:35.909956
TXN_003424,ACC_0169,ACC_0332,2211.76,2026-02-04 23:52:16.612744
TXN_005209,ACC_0182,ACC_0132,152.52,2026-02-04 23:59:21.724077
TXN_002886,ACC_0069,ACC_0374,3302.77,2026-02-05 00:00:20.866115
TXN_004968,ACC_0219,ACC_0259,2601.35,2026-02-05 00:03:09.211217
TXN_001175,ACC_0223,ACC_0107,917.23,2026-02-05 00:14:50.456249
TXN_007949,ACC_0241,ACC_0134,1562.32,2026-02-05 00:14:58.631982
TXN_001622,ACC_0047,ACC_0339,2374.34,2026-02-05 00:15:11.576120
TXN_009845,ACC_0116,ACC_0111,2411.9,2026-02-05 00:16:17.763243
TXN_001292,ACC_0149,ACC_0112,3558.84,2026-02-05 00:16:44.270543
TXN_005573,ACC_0019,ACC_0443,4250.87,2026-02-05 00:17:42.566425
TXN_001002,ACC_0356,ACC_0032,3272.76,2026-02-05 00:23:09.241733
TXN_008099,ACC_0094,ACC_0120,3900.62,2026-02-05 00:27:10.112187
TXN_000349,ACC_0233,ACC_0498,7920.87,2026-02-05 00:37:10.135939
TXN_003212,ACC_0055,ACC_0011,3403.77,2026-02-05 00:49:39.016700
TXN_005314,ACC_0155,ACC_0037,514.72,2026-02-05 00:55:15.246063
TXN_004005,ACC_0411,ACC_0167,2317.08,2026-02-05 01:01:58.608617
TXN_006949,ACC_0334,ACC_0165,1472.28,2026-02-05 01:04:26.103538
TXN_007404,ACC_0410,ACC_0395,1348.99,2026-02-05 01:09:41.230378
TXN_003102,ACC_0036,ACC_0394,4760.82,2026-02-05 01:13:09.438802
TXN_009408,ACC_0227,ACC_0446,3168.18,2026-02-05 01:16:05.714128
TXN_003927,ACC_0338,ACC_0255,4567.78,2026-02-05 01:20:45.867697
TXN_000406,ACC_0262,ACC_0231,3473.77,2026-02-05 01:21:02.250740
TXN_003035,ACC_0241,ACC_0375,3360.94,2026-02-05 01:24:41.499123
TXN_003098,ACC_0034,ACC_0425,109.21,2026-02-05 01:28:55.728693
TXN_002454,ACC_0253,ACC_0387,1806.13,2026-02-05 01:29:55.195033
TXN_007794,ACC_0247,ACC_0378,3404.2,2026-02-05 01:32:55.059774
TXN_000628,ACC_0245,ACC_0314,2752.3,2026-02-05 01:34:52.113925
TXN_003893,ACC_0384,ACC_0355,1914.12,2026-02-05 01:35:05.860784
TXN_009776,ACC_0281,ACC_0097,340.6,2026-02-05 01:44:01.997193
TXN_005864,ACC_0193,ACC_0197,1733.07,2026-02-05 01:46:38.817594
TXN_001226,ACC_0234,ACC_0430,253.67,2026-02-05 02:00:50.326069
TXN_007250,ACC_0326,ACC_0080,3985.25,2026-02-05 02:04:02.593461
TXN_000717,ACC_0162,ACC_0284,1409.69,2026-02-05 02:05:27.090812
TXN_004081,ACC_0292,ACC_0191,2886.34,2026-02-05 02:06:05.045282
TXN_002295,ACC_0309,ACC_0059,4842.08,2026-02-05 02:12:34.411449
TXN_000245,ACC_0039,ACC_0493,11074.5,2026-02-05 02:12:52.768048
TXN_006844,ACC_0127,ACC_0458,4375.35,2026-02-05 02:13:58.361495
TXN_006167,ACC_0093,ACC_0238,2697.79,2026-02-05 02:23:27.046869
TXN_000001,ACC_0481,ACC_0482,16637.12,2026-02-05 02:25:52.569199
TXN_000350,ACC_0498,ACC_0303,7524.82,2026-02-05 02:31:24.433521
TXN_004566,ACC_0358,ACC_0073,2353.65,2026-02-05 02:42:18.587654
TXN_001770,ACC_0360,ACC_0344,4630.98,2026-02-05 02:45:37.981154
TXN_000246,ACC_0493,ACC_0164,10520.77,2026-02-05 02:46:58.143263
TXN_002849,ACC_0074,ACC_0355,4574.92,2026-02-05 02:50:02.617233
TXN_008081,ACC_0362,ACC_0250,1314.69,2026-02-05 02:54:12.072772
TXN_001584,ACC_0217,ACC_0464,4338.42,2026-02-05 02:58:50.096605
TXN_007506,ACC_0392,ACC_0180,1441.47,2026-02-05 03:02:34.605642
TXN_002920,ACC_0158,ACC_0330,2796.61,2026-02-05 03:03:59.778102
TXN_007993,ACC_0011,ACC_0029,4503.11,2026-02-05 03:06:34.739310
TXN_005953,ACC_0302,ACC_0221,1212.47,2026-02-05 03:09:40.767210
TXN_009277,ACC_0347,ACC_0399,3895.55,2026-02-05 03:16:51.217587
TXN_001778,ACC_0159,ACC_0012,3613.54,2026-02-05 03:19:06.549513
TXN_005555,ACC_0066,ACC_0214,4836.52,2026-02-05 03:19:12.173986
TXN_006434,ACC_0277,ACC_0280,768.77,2026-02-05 03:27:52.347114
TXN_007629,ACC_0352,ACC_0146,3624.37,2026-02-05 03:37:59.424706
TXN_004174,ACC_0405,ACC_0467,4158.21,2026-02-05 03:42:14.282850
TXN_003590,ACC_0238,ACC_0067,1209.76,2026-02-05 03:47:31.410772
TXN_008592,ACC_0219,ACC_0067,1355.75,2026-02-05 03:48:27.012389
TXN_006133,ACC_0290,ACC_0368,1275.64,2026-02-05 03:56:52.618873
TXN_002195,ACC_0178,ACC_0103,3628.72,2026-02-05 04:03:19.319573
TXN_001731,ACC_0151,ACC_0303,2186.14,2026-02-05 04:07:28.504337
TXN_007678,ACC_0300,ACC_0382,3826.6,2026-02-05 04:24:32.189711
TXN_002371,ACC_0024,ACC_0362,2782.93,2026-02-05 04:24:46.554769
TXN_001562,ACC_0237,ACC_0063,1147.41,2026-02-05 04:27:08.267040
TXN_001990,ACC_0354,ACC_0115,4240.41,2026-02-05 04:37:23.475451
TXN_008469,ACC_0383,ACC_0286,2599.36,2026-02-05 04:42:19.627448
TXN_000670,ACC_0363,ACC_0002,1975.06,2026-02-05 04:42:53.573889
TXN_008242,ACC_0171,ACC_0458,4197.51,2026-02-05 04:47:20.566601
TXN_001222,ACC_0428,ACC_0295,3606.87,2026-02-05 04:51:21.348859
TXN_009562,ACC_0023,ACC_0317,4829.1,2026-02-05 04:52:57.898346
TXN_000427,ACC_0328,ACC_0375,3962.43,2026-02-05 04:54:37.246215
TXN_006935,ACC_0326,ACC_0016,2461.85,2026-02-05 04:55:00.965217
TXN_003667,ACC_0080,ACC_0188,741.74,2026-02-05 04:55:44.726977
TXN_002360,ACC_0450,ACC_0002,3961.21,2026-02-05 05:00:10.350976
TXN_006641,ACC_0455,ACC_0371,4649.13,2026-02-05 05:05:56.274460
TXN_005357,ACC_0353,ACC_0093,2723.44,2026-02-05 05:17:14.750708
TXN_006231,ACC_0252,ACC_0181,678.07,2026-02-05 05:27:05.159151
TXN_006171,ACC_0178,ACC_0217,820.96,2026-02-05 05:28:34.545453
TXN_005439,ACC_0439,ACC_0151,1676.69,2026-02-05 05:45:00.917906
TXN_001443,ACC_0177,ACC_0296,3321.9,2026-02-05 05:46:21.519340
TXN_003943,ACC_0146,ACC_0058,178.86,2026-02-05 05:49:44.957256
TXN_008920,ACC_0120,ACC_0085,3020.69,2026-02-05 05:49:55.094457
TXN_005365,ACC_0201,ACC_0449,896.34,2026-02-05 05:54:40.895714
TXN_006236,ACC_0263,ACC_0242,1169.46,2026-02-05 05:56:14.807429
TXN_006021,ACC_0274,ACC_0118,2014.1,2026-02-05 05:56:42.072648
TXN_000893,ACC_0036,ACC_0007,411.68,2026-02-05 06:10:31.503049
TXN_003886,ACC_0129,ACC_0260,2687.82,2026-02-05 06:15:28.761697
TXN_001187,ACC_0040,ACC_0198,3592.44,2026-02-05 06:16:08.958924
TXN_005475,ACC_0342,ACC_0203,4795.95,2026-02-05 06:20:56.067799
TXN_003027,ACC_0428,ACC_0218,4207.0,2026-02-05 06:22:20.309169
TXN_006437,ACC_0010,ACC_0150,1058.32,2026-02-05 06:27:22.204139
TXN_005761,ACC_0218,ACC_0167,476.96,2026-02-05 06:32:25.098946
TXN_001454,ACC_0041,ACC_0177,3518.41,2026-02-05 06:36:02.075226
TXN_005500,ACC_0139,ACC_0188,1805.99,2026-02-05 06:41:13.357461
TXN_001592,ACC_0405,ACC_0317,2225.66,2026-02-05 06:52:41.398795
TXN_005830,ACC_0186,ACC_0159,3455.4,2026-02-05 07:08:44.133368
TXN_009812,ACC_0149,ACC_0170,1466.68,2026-02-05 07:09:27.408694
TXN_009187,ACC_0300,ACC_0248,4863.14,2026-02-05 07:24:10.522802
TXN_003534,ACC_0460,ACC_0457,1044.12,2026-02-05 07:27:49.239431
TXN_000594,ACC_0387,ACC_0405,734.35,2026-02-05 07:29:50.325113
TXN_002887,ACC_0186,ACC_0219,2044.71,2026-02-05 07:30:31.599050
TXN_000468,ACC_0012,ACC_0344,3356.34,2026-02-05 07:31:08.710346
TXN_004929,ACC_0262,ACC_0308,374.7,2026-02-05 07:36:35.260702
TXN_004472,ACC_0040,ACC_0231,2548.39,2026-02-05 07:39:06.842294
TXN_007771,ACC_0288,ACC_0165,1930.38,2026-02-05 07:39:46.733652
TXN_005796,ACC_0381,ACC_0440,4588.97,2026-02-05 07:44:13.001886
TXN_006794,ACC_0229,ACC_0206,1628.34,2026-02-05 07:46:42.854977
TXN_005278,ACC_0006,ACC_0467,3765.56,2026-02-05 07:49:50.679729
TXN_001138,ACC_0188,ACC_0223,4921.88,2026-02-05 07:57:35.773778
TXN_001412,ACC_0335,ACC_0097,3179.52,2026-02-05 07:58:03.046485
TXN_009942,ACC_0240,ACC_0029,2020.62,2026-02-05 08:00:14.309294
TXN_006631,ACC_0015,ACC_0337,3910.32,2026-02-05 08:02:27.347876
TXN_009082,ACC_0078,ACC_0167,2574.09,2026-02-05 08:02:55.358126
TXN_000267,ACC_0457,ACC_0494,5691.76,2026-02-05 08:09:20.657114
TXN_004521,ACC_0143,ACC_0013,2638.12,2026-02-05 08:09:27.828598
TXN_003682,ACC_0209,ACC_0396,3820.11,2026-02-05 08:15:12.527017
TXN_006071,ACC_0454,ACC_0074,834.45,2026-02-05 08:19:12.217481
TXN_003001,ACC_0126,ACC_0222,1766.36,2026-02-05 08:20:25.363579
TXN_001552,ACC_0141,ACC_0017,2572.51,2026-02-05 08:27:15.195216
TXN_000268,ACC_0494,ACC_0037,5407.17,2026-02-05 08:29:22.111821
TXN_005873,ACC_0093,ACC_0128,4634.45,2026-02-05 08:32:17.805832
TXN_002508,ACC_0322,ACC_0339,1963.9,2026-02-05 08:32:50.517105
TXN_003716,ACC_0333,ACC_0033,2227.11,2026-02-05 08:37:03.319240
TXN_007784,ACC_0099,ACC_0402,1921.72,2026-02-05 08:42:06.054938
TXN_007365,ACC_0239,ACC_0191,1308.01,2026-02-05 08:48:45.394354
TXN_001954,ACC_0336,ACC_0154,2607.93,2026-02-05 08:49:31.496929
TXN_001141,ACC_0389,ACC_0071,2204.05,2026-02-05 08:53:59.539906
TXN_001616,ACC_0289,ACC_0197,4191.71,2026-02-05 09:10:58.919059
TXN_002564,ACC_0039,ACC_0286,2088.66,2026-02-05 09:15:54.295668
TXN_002322,ACC_0106,ACC_0146,3322.78,2026-02-05 09:17:08.654133
TXN_007844,ACC_0294,ACC_0044,2149.67,2026-02-05 09:21:33.027527
TXN_007580,ACC_0164,ACC_0360,984.83,2026-02-05 09:24:05.300169
TXN_006555,ACC_0420,ACC_0398,1938.37,2026-02-05 09:36:35.746458
TXN_003806,ACC_0148,ACC_0221,2485.29,2026-02-05 09:49:48.278292
TXN_005019,ACC_0365,ACC_0273,2441.27,2026-02-05 09:50:27.161818
TXN_004805,ACC_0116,ACC_0179,3544.76,2026-02-05 09:51:52.556735
TXN_005430,ACC_0244,ACC_0027,4102.59,2026-02-05 10:01:03.707707
TXN_004615,ACC_0432,ACC_0141,1681.0,2026-02-05 10:07:14.084490
TXN_009757,ACC_0290,ACC_0423,1797.46,2026-02-05 10:09:25.006653
TXN_001923,ACC_0371,ACC_0231,4632.22,2026-02-05 10:13:45.406147
TXN_009401,ACC_0299,ACC_0126,773.15,2026-02-05 10:18:01.196677
TXN_001019,ACC_0057,ACC_0020,3701.67,2026-02-05 10:18:14.105610
TXN_007583,ACC_0429,ACC_0221,3187.65,2026-02-05 10:26:23.228952
TXN_006778,ACC_0057,ACC_0370,2759.7,2026-02-05 10:27:24.901561
TXN_005092,ACC_0068,ACC_0317,2005.17,2026-02-05 10:29:19.182778
TXN_007131,ACC_0259,ACC_0168,192.96,2026-02-05 10:30:16.158425
TXN_003294,ACC_0069,ACC_0448,2913.94,2026-02-05 10:30:44.545086
TXN_008113,ACC_0347,ACC_0058,1457.77,2026-02-05 10:32:08.371732
TXN_009300,ACC_0213,ACC_0235,882.11,2026-02-05 10:35:52.286826
TXN_007300,ACC_0326,ACC_0395,1465.23,2026-02-05 10:37:09.600865
TXN_007403,ACC_0324,ACC_0085,2629.4,2026-02-05 10:41:03.288741
TXN_002032,ACC_0396,ACC_0093,1970.21,2026-02-05 10:41:12.956894
TXN_009848,ACC_0003,ACC_0154,3811.91,2026-02-05 10:43:59.995040
TXN_001856,ACC_0083,ACC_0285,3907.14,2026-02-05 10:44:57.230396
TXN_003435,ACC_0319,ACC_0286,3508.04,2026-02-05 10:45:14.087853
TXN_004140,ACC_0213,ACC_0305,3922.76,2026-02-05 11:00:47.860577
TXN_000085,ACC_0474,ACC_0475,9623.16,2026-02-05 11:03:05.060936
TXN_008818,ACC_0241,ACC_0035,2925.19,2026-02-05 11:09:27.517299
TXN_004230,ACC_0110,ACC_0001,1249.93,2026-02-05 11:10:21.256544
TXN_006248,ACC_0139,ACC_0074,2379.82,2026-02-05 11:11:13.609256
TXN_001518,ACC_0141,ACC_0036,4531.98,2026-02-05 11:15:30.578388
TXN_002767,ACC_0061,ACC_0383,2717.58,2026-02-05 11:16:38.636332
TXN_008116,ACC_0061,ACC_0184,649.68,2026-02-05 11:19:14.739743
TXN_001459,ACC_0462,ACC_0040,4664.06,2026-02-05 11:22:41.052680
TXN_009416,ACC_0132,ACC_0184,2775.98,2026-02-05 11:28:46.072147
TXN_007089,ACC_0268,ACC_0378,2004.29,2026-02-05 11:38:12.520412
TXN_008775,ACC_0442,ACC_0044,4025.7,2026-02-05 11:41:54.686232
TXN_001184,ACC_0188,ACC_0010,1670.85,2026-02-05 11:48:00.623989
TXN_007609,ACC_0048,ACC_0006,697.45,2026-02-05 11:49:44.964524
TXN_003738,ACC_0184,ACC_0286,2471.55,2026-02-05 11:50:36.360761
TXN_008205,ACC_0470,ACC_0375,135.31,2026-02-05 11:53:44.494741
TXN_008107,ACC_0285,ACC_0252,621.54,2026-02-05 12:01:09.553735
TXN_003867,ACC_0006,ACC_0112,4416.17,2026-02-05 12:10:04.805438
TXN_003115,ACC_0081,ACC_0072,3790.14,2026-02-05 12:11:46.813378
TXN_005235,ACC_0301,ACC_0140,409.23,2026-02-05 12:13:52.486381
TXN_008975,ACC_0367,ACC_0333,2752.94,2026-02-05 12:17:52.868438
TXN_004523,ACC_0293,ACC_0194,1457.22,2026-02-05 12:19:34.230648
TXN_002645,ACC_0283,ACC_0349,2772.73,2026-02-05 12:23:22.988190
TXN_006064,ACC_0303,ACC_0143,1387.46,2026-02-05 12:36:01.089317
TXN_005313,ACC_0105,ACC_0281,1040.01,2026-02-05 12:44:08.788049
TXN_002099,ACC_0444,ACC_0051,1416.32,2026-02-05 12:49:20.177227
TXN_007043,ACC_0460,ACC_0319,3721.36,2026-02-05 12:51:08.330764
TXN_009439,ACC_0433,ACC_0390,267.2,2026-02-05 12:52:03.208768
TXN_000485,ACC_0038,ACC_0065,2461.13,2026-02-05 13:01:10.539333
TXN_007024,ACC_0216,ACC_0433,2365.86,2026-02-05 13:03:14.232079
TXN_005541,ACC_0415,ACC_0282,3290.05,2026-02-05 13:16:41.918912
TXN_001927,ACC_0449,ACC_0065,1797.97,2026-02-05 13:18:14.429658
TXN_008555,ACC_0140,ACC_0389,4973.18,2026-02-05 13:22:50.246530
TXN_009494,ACC_0343,ACC_0273,2877.38,2026-02-05 13:23:18.910323
TXN_002898,ACC_0209,ACC_0226,3856.19,2026-02-05 13:37:09.235199
TXN_002411,ACC_0402,ACC_0283,3093.2,2026-02-05 13:41:20.899272
TXN_005486,ACC_0071,ACC_0264,3602.27,2026-02-05 13:52:03.584014
TXN_000082,ACC_0475,ACC_0471,21544.8,2026-02-05 13:58:20.391296
TXN_000020,ACC_0485,ACC_0481,13055.3,2026-02-05 14:02:00.813006
TXN_008781,ACC_0079,ACC_0315,3911.31,2026-02-05 14:12:16.247096
TXN_000593,ACC_0029,ACC_0099,3771.97,2026-02-05 14:24:12.523883
TXN_000219,ACC_0470,ACC_0491,10060.18,2026-02-05 14:28:34.165110
TXN_007277,ACC_0091,ACC_0333,1803.16,2026-02-05 14:33:38.642003
TXN_000220,ACC_0491,ACC_0417,9557.17,2026-02-05 14:35:18.074241
TXN_006366,ACC_0279,ACC_0376,179.53,2026-02-05 14:52:01.319397
TXN_005375,ACC_0286,ACC_0274,4281.91,2026-02-05 14:52:55.950575
TXN_008466,ACC_0359,ACC_0171,3435.09,2026-02-05 14:57:39.850358
TXN_008685,ACC_0202,ACC_0109,3903.06,2026-02-05 14:58:05.847773
TXN_002497,ACC_0379,ACC_0428,745.38,2026-02-05 15:02:08.192200
TXN_000453,ACC_0141,ACC_0209,1740.57,2026-02-05 15:04:01.582921
TXN_001862,ACC_0135,ACC_0161,467.79,2026-02-05 15:10:54.074566
TXN_003412,ACC_0298,ACC_0181,4262.68,2026-02-05 15:25:13.155544
TXN_003457,ACC_0215,ACC_0067,2801.77,2026-02-05 15:38:59.606775
TXN_001442,ACC_0048,ACC_0428,502.88,2026-02-05 15:40:52.757651
TXN_004237,ACC_0058,ACC_0276,1446.05,2026-02-05 15:44:34.939503
TXN_007842,ACC_0137,ACC_0123,1822.71,2026-02-05 15:44:48.265426
TXN_001750,ACC_0425,ACC_0071,2442.75,2026-02-05 15:48:32.915422
TXN_005662,ACC_0183,ACC_0143,2189.38,2026-02-05 15:50:16.637874
TXN_008338,ACC_0059,ACC_0207,4018.36,2026-02-05 16:00:13.445099
TXN_007657,ACC_0409,ACC_0017,3440.49,2026-02-05 16:03:20.335861
TXN_009860,ACC_0074,ACC_0383,4018.1,2026-02-05 16:07:38.363411
TXN_001127,ACC_0354,ACC_0450,3716.98,2026-02-05 16:14:01.478340
TXN_004823,ACC_0377,ACC_0032,1893.29,2026-02-05 16:15:50.048740
TXN_000993,ACC_0383,ACC_0408,897.29,2026-02-05 16:19:40.830430
TXN_001176,ACC_0379,ACC_0182,4682.16,2026-02-05 16:21:53.774400
TXN_006454,ACC_0092,ACC_0328,4589.09,2026-02-05 16:22:23.451884
TXN_004579,ACC_0296,ACC_0370,3342.28,2026-02-05 16:25:51.955800
TXN_007027,ACC_0370,ACC_0065,4114.73,2026-02-05 16:26:08.263784
TXN_002308,ACC_0277,ACC_0143,422.27,2026-02-05 16:28:27.377766
TXN_004329,ACC_0281,ACC_0239,3327.48,2026-02-05 16:31:43.306286
TXN_004040,ACC_0091,ACC_0287,3145.02,2026-02-05 16:33:04.384352
TXN_006938,ACC_0002,ACC_0231,3037.27,2026-02-05 16:41:10.616269
TXN_008039,ACC_0397,ACC_0130,4389.43,2026-02-05 16:42:16.089001
TXN_008411,ACC_0147,ACC_0231,3785.92,2026-02-05 16:48:11.628804
TXN_004431,ACC_0384,ACC_0176,4398.59,2026-02-05 16:55:41.512987
TXN_009520,ACC_0079,ACC_0111,1485.44,2026-02-05 17:03:00.399285
TXN_005802,ACC_0084,ACC_0320,2031.17,2026-02-05 17:05:32.845858
TXN_009379,ACC_0267,ACC_0258,2130.51,2026-02-05 17:08:42.469364
TXN_007462,ACC_0447,ACC_0307,277.27,2026-02-05 17:10:17.081025
TXN_005974,ACC_0073,ACC_0080,522.29,2026-02-05 17:16:20.339597
TXN_002313,ACC_0286,ACC_0337,205.7,2026-02-05 17:18:02.307771
TXN_007892,ACC_0387,ACC_0441,874.31,2026-02-05 17:18:29.511096
TXN_008238,ACC_0192,ACC_0097,1562.61,2026-02-05 17:27:34.679367
TXN_001172,ACC_0063,ACC_0389,3040.19,2026-02-05 17:28:03.283533
TXN_007568,ACC_0356,ACC_0037,2702.72,2026-02-05 17:43:48.367015
TXN_001839,ACC_0167,ACC_0467,3493.6,2026-02-05 17:45:37.965878
TXN_006208,ACC_0181,ACC_0410,4814.29,2026-02-05 17:49:00.831600
TXN_003006,ACC_0354,ACC_0388,3951.18,2026-02-05 17:52:35.502050
TXN_008892,ACC_0161,ACC_0284,2828.32,2026-02-05 17:55:07.769494
TXN_002049,ACC_0001,ACC_0235,1777.22,2026-02-05 18:02:58.100043
TXN_001014,ACC_0054,ACC_0193,4527.16,2026-02-05 18:03:17.783275
TXN_003109,ACC_0170,ACC_0042,3083.99,2026-02-05 18:06:52.862049
TXN_007303,ACC_0081,ACC_0441,3165.75,2026-02-05 18:15:58.092260
TXN_008836,ACC_0265,ACC_0374,3863.61,2026-02-05 18:35:07.365493
TXN_004556,ACC_0341,ACC_0315,3907.4,2026-02-05 18:39:36.214955
TXN_009703,ACC_0322,ACC_0295,374.51,2026-02-05 18:39:50.109086
TXN_005899,ACC_0234,ACC_0145,3477.24,2026-02-05 18:44:23.066651
TXN_000879,ACC_0028,ACC_0412,1116.15,2026-02-05 18:50:24.490096
TXN_008227,ACC_0254,ACC_0467,4467.37,2026-02-05 18:51:16.509554
TXN_002051,ACC_0291,ACC_0381,4773.03,2026-02-05 18:54:17.425234
TXN_002204,ACC_0041,ACC_0049,1835.24,2026-02-05 18:55:14.239239
TXN_000735,ACC_0051,ACC_0141,4689.54,2026-02-05 19:00:30.983060
TXN_003513,ACC_0421,ACC_0429,2164.59,2026-02-05 19:05:21.159964
TXN_003637,ACC_0040,ACC_0200,3977.98,2026-02-05 19:05:44.562027
TXN_005039,ACC_0334,ACC_0129,4009.45,2026-02-05 19:05:57.415234
TXN_001857,ACC_0370,ACC_0093,4692.2,2026-02-05 19:10:37.339403
TXN_006617,ACC_0337,ACC_0302,174.41,2026-02-05 19:17:10.602578
TXN_003638,ACC_0455,ACC_0058,2401.0,2026-02-05 19:17:53.931630
TXN_006174,ACC_0011,ACC_0269,2880.43,2026-02-05 19:19:54.779773
TXN_003127,ACC_0113,ACC_0209,1578.52,2026-02-05 19:21:48.074736
TXN_002845,ACC_0114,ACC_0235,585.61,2026-02-05 19:24:27.127833
TXN_006869,ACC_0329,ACC_0091,4825.47,2026-02-05 19:34:43.998495
TXN_009946,ACC_0406,ACC_0470,1146.99,2026-02-05 19:39:12.076811
TXN_007332,ACC_0222,ACC_0106,1224.47,2026-02-05 19:39:15.137428
TXN_001148,ACC_0181,ACC_0020,249.04,2026-02-05 19:44:13.574905
TXN_005017,ACC_0170,ACC_0417,848.45,2026-02-05 19:52:37.401076
TXN_005263,ACC_0426,ACC_0263,119.02,2026-02-05 19:53:51.308411
TXN_005513,ACC_0105,ACC_0334,178.7,2026-02-05 19:55:51.694359
TXN_009596,ACC_0005,ACC_0470,3215.4,2026-02-05 20:01:31.376028
TXN_002913,ACC_0323,ACC_0318,4058.19,2026-02-05 20:02:36.997772
TXN_006196,ACC_0377,ACC_0240,338.06,2026-02-05 20:08:13.930374
TXN_007319,ACC_0389,ACC_0159,3966.21,2026-02-05 20:15:33.713125
TXN_009948,ACC_0240,ACC_0151,3481.24,2026-02-05 20:16:06.789047
TXN_004553,ACC_0291,ACC_0160,2207.08,2026-02-05 20:21:29.155029
TXN_006920,ACC_0114,ACC_0167,2792.56,2026-02-05 20:21:40.635867
TXN_002696,ACC_0309,ACC_0201,3668.87,2026-02-05 20:23:09.211604
TXN_008914,ACC_0273,ACC_0069,2855.62,2026-02-05 20:28:51.597624
TXN_004846,ACC_0271,ACC_0111,3188.26,2026-02-05 20:31:01.275250
TXN_001984,ACC_0085,ACC_0237,2287.75,2026-02-05 20:31:39.683908
TXN_003624,ACC_0424,ACC_0269,1702.64,2026-02-05 20:46:57.232038
TXN_003264,ACC_0396,ACC_0246,425.43,2026-02-05 20:52:07.110324
TXN_001096,ACC_0324,ACC_0121,1808.22,2026-02-05 20:52:42.391723
TXN_007902,ACC_0400,ACC_0416,2427.33,2026-02-05 20:56:34.048171
TXN_003447,ACC_0082,ACC_0140,1017.21,2026-02-05 21:00:22.790732
TXN_002006,ACC_0183,ACC_0063,677.21,2026-02-05 21:01:41.414551
TXN_009694,ACC_0268,ACC_0156,4828.63,2026-02-05 21:05:04.626635
TXN_003244,ACC_0434,ACC_0464,2827.81,2026-02-05 21:17:21.793715
TXN_007230,ACC_0430,ACC_0152,1134.93,2026-02-05 21:20:21.167994
TXN_002342,ACC_0182,ACC_0322,3769.94,2026-02-05 21:21:12.571299
TXN_006581,ACC_0227,ACC_0305,701.73,2026-02-05 21:23:09.839390
TXN_007953,ACC_0332,ACC_0096,819.65,2026-02-05 21:24:00.409198
TXN_001439,ACC_0076,ACC_0098,3621.74,2026-02-05 21:34:34.739520
TXN_006030,ACC_0335,ACC_0230,1338.71,2026-02-05 21:42:16.224113
TXN_003458,ACC_0014,ACC_0351,3914.7,2026-02-05 21:51:43.635010
TXN_007478,ACC_0216,ACC_0214,2234.4,2026-02-05 21:58:20.432519
TXN_006575,ACC_0392,ACC_0310,3250.57,2026-02-05 21:58:50.955108
TXN_002112,ACC_0038,ACC_0094,240.55,2026-02-05 22:02:04.918557
TXN_001997,ACC_0353,ACC_0197,3038.13,2026-02-05 22:05:34.852286
TXN_004686,ACC_0393,ACC_0248,3483.5,2026-02-05 22:11:45.670351
TXN_003818,ACC_0099,ACC_0437,1334.5,2026-02-05 22:17:10.082747
TXN_005216,ACC_0115,ACC_0369,2879.03,2026-02-05 22:20:50.303104
TXN_007023,ACC_0032,ACC_0173,2377.4,2026-02-05 22:40:14.150184
TXN_006320,ACC_0084,ACC_0098,4847.36,2026-02-05 22:43:25.871810
TXN_009651,ACC_0447,ACC_0296,1410.31,2026-02-05 22:58:57.971654
TXN_004947,ACC_0038,ACC_0231,4344.53,2026-02-05 22:59:35.859399
TXN_002472,ACC_0442,ACC_0072,3053.29,2026-02-05 23:00:24.952170
TXN_008008,ACC_0003,ACC_0350,3744.63,2026-02-05 23:10:02.459659
TXN_004932,ACC_0154,ACC_0168,3769.33,2026-02-05 23:10:35.218171
TXN_009062,ACC_0379,ACC_0398,1994.75,2026-02-05 23:19:07.259589
TXN_003962,ACC_0438,ACC_0039,2978.43,2026-02-05 23:25:04.297531
TXN_001086,ACC_0158,ACC_0113,4970.78,2026-02-05 23:26:30.978322
TXN_003368,ACC_0281,ACC_0189,3929.8,2026-02-05 23:27:40.233776
TXN_000573,ACC_0414,ACC_0281,2851.22,2026-02-05 23:33:52.125102
TXN_004529,ACC_0004,ACC_0271,4476.11,2026-02-05 23:38:12.559316
TXN_009581,ACC_0219,ACC_0226,3456.3,2026-02-05 23:40:06.339659
TXN_002489,ACC_0160,ACC_0026,3764.71,2026-02-05 23:41:04.666832
TXN_001520,ACC_0014,ACC_0222,4002.02,2026-02-05 23:46:07.602352
TXN_003654,ACC_0133,ACC_0089,3123.71,2026-02-05 23:54:39.254372
TXN_005912,ACC_0111,ACC_0434,2366.92,2026-02-05 23:59:41.946811
TXN_009751,ACC_0180,ACC_0045,3882.3,2026-02-06 00:07:40.695615
TXN_003316,ACC_0125,ACC_0076,946.67,2026-02-06 00:09:22.386682
TXN_006093,ACC_0236,ACC_0403,2026.92,2026-02-06 00:15:52.562015
TXN_004650,ACC_0409,ACC_0383,4727.69,2026-02-06 00:21:51.501726
TXN_009662,ACC_0131,ACC_0016,3756.35,2026-02-06 00:23:17.986824
TXN_003742,ACC_0064,ACC_0066,2790.47,2026-02-06 00:26:40.959086
TXN_007760,ACC_0059,ACC_0374,4728.19,2026-02-06 00:40:29.025286
TXN_007978,ACC_0467,ACC_0327,2826.46,2026-02-06 00:49:42.356657
TXN_003313,ACC_0243,ACC_0228,118.02,2026-02-06 00:51:46.192542
TXN_005570,ACC_0291,ACC_0207,2815.65,2026-02-06 00:56:02.428076
TXN_006218,ACC_0458,ACC_0125,3446.99,2026-02-06 00:59:50.326019
TXN_004946,ACC_0273,ACC_0276,2935.54,2026-02-06 01:02:15.453978
TXN_008621,ACC_0016,ACC_0126,1395.31,2026-02-06 01:02:39.343933
TXN_009892,ACC_0390,ACC_0044,4250.1,2026-02-06 01:14:08.891921
TXN_009917,ACC_0085,ACC_0205,4886.06,2026-02-06 01:20:14.737387
TXN_009221,ACC_0462,ACC_0019,602.23,2026-02-06 01:21:16.446459
TXN_007943,ACC_0182,ACC_0186,2700.82,2026-02-06 01:26:56.442354
TXN_000743,ACC_0256,ACC_0065,2862.0,2026-02-06 01:27:15.439117
TXN_006965,ACC_0003,ACC_0185,4122.0,2026-02-06 01:27:40.943750
TXN_001064,ACC_0310,ACC_0324,3694.55,2026-02-06 01:32:35.725132
TXN_003472,ACC_0417,ACC_0222,2573.58,2026-02-06 01:40:01.985999
TXN_009133,ACC_0027,ACC_0434,3906.87,2026-02-06 01:40:14.950799
TXN_008272,ACC_0236,ACC_0255,3534.67,2026-02-06 01:40:16.464396
TXN_000979,ACC_0446,ACC_0427,3011.11,2026-02-06 01:43:39.601957
TXN_009326,ACC_0382,ACC_0351,4836.84,2026-02-06 01:44:07.853435
TXN_001044,ACC_0022,ACC_0236,3955.75,2026-02-06 01:47:38.460940
TXN_004046,ACC_0127,ACC_0304,4601.73,2026-02-06 02:05:05.245678
TXN_005052,ACC_0202,ACC_0184,4096.17,2026-02-06 02:05:48.388135
TXN_008901,ACC_0337,ACC_0040,2424.21,2026-02-06 02:10:52.709481
TXN_004193,ACC_0110,ACC_0127,4517.97,2026-02-06 02:14:08.876569
TXN_005447,ACC_0040,ACC_0131,2188.46,2026-02-06 02:14:51.232967
TXN_008899,ACC_0162,ACC_0327,4845.93,2026-02-06 02:21:23.860809
TXN_007790,ACC_0038,ACC_0188,1747.69,2026-02-06 02:25:38.582131
TXN_008480,ACC_0220,ACC_0254,3748.33,2026-02-06 02:33:28.403180
TXN_005016,ACC_0238,ACC_0029,2007.24,2026-02-06 02:34:16.385557
TXN_005271,ACC_0055,ACC_0454,1613.9,2026-02-06 02:34:31.708368
TXN_009240,ACC_0061,ACC_0268,1566.76,2026-02-06 02:36:46.178496
TXN_000875,ACC_0464,ACC_0058,4912.21,2026-02-06 02:40:37.776767
TXN_008942,ACC_0250,ACC_0444,1941.43,2026-02-06 02:51:55.474077
TXN_000066,ACC_0473,ACC_0474,6788.08,2026-02-06 02:57:06.054699
TXN_000612,ACC_0446,ACC_0210,1965.58,2026-02-06 03:01:12.936600
TXN_005798,ACC_0330,ACC_0254,164.61,2026-02-06 03:04:34.803635
TXN_009114,ACC_0071,ACC_0172,596.54,2026-02-06 03:09:09.633854
TXN_003259,ACC_0373,ACC_0159,3170.62,2026-02-06 03:11:01.947962
TXN_000420,ACC_0303,ACC_0291,3500.19,2026-02-06 03:27:44.012767
TXN_002419,ACC_0248,ACC_0140,3186.13,2026-02-06 03:32:58.315125
TXN_008413,ACC_0362,ACC_0315,323.74,2026-02-06 03:33:59.952795
TXN_001953,ACC_0061,ACC_0070,1799.87,2026-02-06 03:35:40.371767
TXN_001704,ACC_0333,ACC_0342,2116.49,2026-02-06 03:36:37.099721
TXN_001041,ACC_0399,ACC_0306,549.49,2026-02-06 03:38:06.060375
TXN_004103,ACC_0332,ACC_0050,396.13,2026-02-06 03:38:20.886874
TXN_009525,ACC_0183,ACC_0467,3785.04,2026-02-06 03:45:41.016048
TXN_004172,ACC_0302,ACC_0140,1563.09,2026-02-06 03:47:33.998195
TXN_006318,ACC_0182,ACC_0326,2786.72,2026-02-06 03:47:56.252367
TXN_004232,ACC_0128,ACC_0399,996.7,2026-02-06 03:50:12.044207
TXN_004395,ACC_0184,ACC_0155,1457.14,2026-02-06 03:50:52.984909
TXN_004300,ACC_0008,ACC_0153,4730.58,2026-02-06 03:51:55.427980
TXN_002220,ACC_0394,ACC_0090,1052.89,2026-02-06 03:53:56.438798
TXN_004315,ACC_0341,ACC_0442,4301.44,2026-02-06 04:07:44.884685
TXN_005885,ACC_0390,ACC_0450,555.5,2026-02-06 04:08:08.293738
TXN_005775,ACC_0380,ACC_0237,2186.53,2026-02-06 04:09:06.941492
TXN_008763,ACC_0359,ACC_0148,4097.84,2026-02-06 04:19:09.123412
TXN_004281,ACC_0383,ACC_0097,1149.59,2026-02-06 04:35:49.825598
TXN_003467,ACC_0090,ACC_0116,3636.62,2026-02-06 04:36:21.451293
TXN_005490,ACC_0061,ACC_0423,2921.17,2026-02-06 04:43:33.844490
TXN_004952,ACC_0179,ACC_0255,1335.13,2026-02-06 04:46:14.438731
TXN_005197,ACC_0166,ACC_0014,3965.52,2026-02-06 04:46:27.687155
TXN_009373,ACC_0104,ACC_0404,3799.94,2026-02-06 04:46:28.272492
TXN_003430,ACC_0256,ACC_0414,2238.23,2026-02-06 04:47:03.982600
TXN_007665,ACC_0042,ACC_0252,2031.94,2026-02-06 04:49:19.104922
TXN_001004,ACC_0326,ACC_0321,4882.81,2026-02-06 04:50:20.062119
TXN_006600,ACC_0024,ACC_0226,707.52,2026-02-06 04:51:30.963482
TXN_004063,ACC_0244,ACC_0172,3978.76,2026-02-06 04:59:30.241430
TXN_008883,ACC_0078,ACC_0409,4613.06,2026-02-06 05:10:42.742460
TXN_007828,ACC_0456,ACC_0129,3108.06,2026-02-06 05:16:08.384887
TXN_007218,ACC_0088,ACC_0443,3195.51,2026-02-06 05:16:46.708058
TXN_000984,ACC_0189,ACC_0376,1799.47,2026-02-06 05:19:58.798256
TXN_006606,ACC_0269,ACC_0145,3893.8,2026-02-06 05:21:44.218634
TXN_008698,ACC_0126,ACC_0334,4659.1,2026-02-06 05:28:54.674588
TXN_004761,ACC_0043,ACC_0348,2092.45,2026-02-06 05:30:46.190248
TXN_003084,ACC_0222,ACC_0214,638.83,2026-02-06 05:32:23.278178
TXN_005158,ACC_0469,ACC_0214,3706.72,2026-02-06 05:48:34.351014
TXN_005664,ACC_0367,ACC_0059,1264.83,2026-02-06 05:50:17.321856
TXN_008340,ACC_0292,ACC_0353,4070.79,2026-02-06 05:52:02.641198
TXN_005723,ACC_0178,ACC_0270,1596.39,2026-02-06 05:54:04.470932
TXN_006015,ACC_0117,ACC_0092,4424.76,2026-02-06 06:01:09.253455
TXN_002725,ACC_0415,ACC_0347,4703.21,2026-02-06 06:07:14.487191
TXN_008782,ACC_0298,ACC_0353,2862.85,2026-02-06 06:08:43.559202
TXN_005993,ACC_0209,ACC_0156,299.87,2026-02-06 06:12:10.397164
TXN_002424,ACC_0403,ACC_0204,239.11,2026-02-06 06:18:06.519236
TXN_001167,ACC_0036,ACC_0453,2592.48,2026-02-06 06:25:10.221198
TXN_007306,ACC_0146,ACC_0009,4231.1,2026-02-06 06:26:38.772482
TXN_001249,ACC_0207,ACC_0467,1420.97,2026-02-06 06:35:48.154548
TXN_001917,ACC_0061,ACC_0323,2607.58,2026-02-06 06:36:41.907520
TXN_004836,ACC_0099,ACC_0359,3418.68,2026-02-06 06:38:45.000597
TXN_007814,ACC_0404,ACC_0451,3547.82,2026-02-06 06:43:41.674227
TXN_005501,ACC_0088,ACC_0305,1439.28,2026-02-06 06:48:24.857119
TXN_006630,ACC_0282,ACC_0232,3686.22,2026-02-06 06:49:40.971677
TXN_009376,ACC_0011,ACC_0020,893.29,2026-02-06 06:59:16.161665
TXN_003695,ACC_0135,ACC_0241,4575.99,2026-02-06 07:02:50.666048
TXN_009486,ACC_0255,ACC_0338,2004.58,2026-02-06 07:16:36.207145
TXN_003201,ACC_0087,ACC_0426,1035.63,2026-02-06 07:19:04.730732
TXN_000032,ACC_0476,ACC_0477,21241.89,2026-02-06 07:19:25.944816
TXN_005002,ACC_0098,ACC_0175,3930.55,2026-02-06 07:21:14.935917
TXN_003214,ACC_0272,ACC_0173,3280.76,2026-02-06 07:27:23.624407
TXN_006396,ACC_0125,ACC_0461,4088.12,2026-02-06 07:31:04.388217
TXN_004636,ACC_0437,ACC_0225,3554.45,2026-02-06 07:33:47.016683
TXN_008332,ACC_0030,ACC_0185,3179.5,2026-02-06 07:40:38.903621
TXN_006669,ACC_0078,ACC_0406,3899.94,2026-02-06 07:47:59.713277
TXN_006652,ACC_0142,ACC_0299,3611.95,2026-02-06 07:56:55.424839
TXN_005121,ACC_0460,ACC_0294,1845.64,2026-02-06 07:59:12.178189
TXN_009869,ACC_0427,ACC_0378,171.38,2026-02-06 08:01:06.399854
TXN_000012,ACC_0483,ACC_0484,16988.55,2026-02-06 08:06:21.891099
TXN_001747,ACC_0369,ACC_0131,2251.48,2026-02-06 08:09:42.779477
TXN_009576,ACC_0220,ACC_0130,3668.92,2026-02-06 08:13:14.358825
TXN_007264,ACC_0344,ACC_0122,4716.02,2026-02-06 08:15:03.524747
TXN_004895,ACC_0179,ACC_0463,3538.93,2026-02-06 08:21:28.517366
TXN_002646,ACC_0276,ACC_0108,823.65,2026-02-06 08:23:11.584798
TXN_006041,ACC_0307,ACC_0118,1235.87,2026-02-06 08:31:29.852273
TXN_006259,ACC_0253,ACC_0187,923.3,2026-02-06 08:34:11.681993
TXN_008012,ACC_0320,ACC_0062,3744.75,2026-02-06 08:34:49.355047
TXN_001720,ACC_0294,ACC_0407,571.42,2026-02-06 08:38:17.352230
TXN_007291,ACC_0283,ACC_0163,220.54,2026-02-06 08:39:58.817308
TXN_000932,ACC_0395,ACC_0028,876.87,2026-02-06 08:45:48.755689
TXN_000653,ACC_0271,ACC_0237,625.95,2026-02-06 08:46:04.609491
TXN_004029,ACC_0437,ACC_0111,4616.15,2026-02-06 08:55:26.065906
TXN_003784,ACC_0036,ACC_0147,4019.77,2026-02-06 08:56:36.465279
TXN_001170,ACC_0440,ACC_0324,4454.81,2026-02-06 09:00:56.885498
TXN_006504,ACC_0411,ACC_0215,1209.15,2026-02-06 09:09:07.875709
TXN_002493,ACC_0248,ACC_0174,1282.93,2026-02-06 09:15:04.542097
TXN_005571,ACC_0184,ACC_0042,2561.28,2026-02-06 09:17:14.584288
TXN_004962,ACC_0307,ACC_0278,4255.8,2026-02-06 09:19:50.900786
TXN_007894,ACC_0081,ACC_0363,1677.69,2026-02-06 09:26:07.495750
TXN_007074,ACC_0230,ACC_0003,412.69,2026-02-06 09:31:00.708261
TXN_003502,ACC_0086,ACC_0016,4766.99,2026-02-06 09:33:11.556320
TXN_007269,ACC_0352,ACC_0063,392.6,2026-02-06 09:42:51.901287
TXN_001548,ACC_0467,ACC_0198,2272.97,2026-02-06 09:43:46.402382
TXN_003557,ACC_0159,ACC_0172,836.21,2026-02-06 09:43:59.642437
TXN_001950,ACC_0046,ACC_0426,2404.69,2026-02-06 09:51:51.512615
TXN_000876,ACC_0363,ACC_0300,790.57,2026-02-06 09:55:44.003746
TXN_004911,ACC_0256,ACC_0191,1686.09,2026-02-06 09:58:24.278248
TXN_007514,ACC_0304,ACC_0099,2676.27,2026-02-06 10:07:36.360073
TXN_005519,ACC_0064,ACC_0401,4179.92,2026-02-06 10:08:08.611477
TXN_008582,ACC_0347,ACC_0379,4329.13,2026-02-06 10:09:41.216584
TXN_004572,ACC_0098,ACC_0061,2370.76,2026-02-06 10:09:51.445478
TXN_009093,ACC_0008,ACC_0015,2472.13,2026-02-06 10:20:50.154271
TXN_002936,ACC_0392,ACC_0352,138.95,2026-02-06 10:35:48.170423
TXN_002077,ACC_0254,ACC_0143,3939.99,2026-02-06 10:36:04.669066
TXN_007364,ACC_0056,ACC_0264,4725.88,2026-02-06 10:43:27.663138
TXN_007483,ACC_0107,ACC_0175,2727.88,2026-02-06 10:52:42.435913
TXN_000465,ACC_0191,ACC_0168,2404.05,2026-02-06 10:55:56.503495
TXN_005871,ACC_0122,ACC_0093,3180.03,2026-02-06 11:04:25.749481
TXN_007301,ACC_0131,ACC_0243,3094.73,2026-02-06 11:09:37.479586
TXN_004185,ACC_0158,ACC_0181,2528.85,2026-02-06 11:17:34.719472
TXN_004784,ACC_0174,ACC_0294,2108.81,2026-02-06 11:17:44.345486
TXN_005440,ACC_0345,ACC_0127,949.0,2026-02-06 11:25:14.435250
TXN_009087,ACC_0158,ACC_0380,4733.48,2026-02-06 11:26:20.295534
TXN_007503,ACC_0189,ACC_0230,3929.33,2026-02-06 11:36:33.107736
TXN_007686,ACC_0232,ACC_0374,3278.49,2026-02-06 11:39:08.153291
TXN_002197,ACC_0027,ACC_0178,1049.85,2026-02-06 11:46:01.862995
TXN_008379,ACC_0154,ACC_0133,2122.99,2026-02-06 11:49:38.285152
TXN_000313,ACC_0154,ACC_0497,12562.32,2026-02-06 11:49:59.054279
TXN_004469,ACC_0179,ACC_0332,1918.07,2026-02-06 11:50:17.939427
TXN_005680,ACC_0302,ACC_0094,3584.56,2026-02-06 11:51:04.977242
TXN_007975,ACC_0210,ACC_0102,2842.11,2026-02-06 11:55:42.144515
TXN_003139,ACC_0126,ACC_0001,2051.3,2026-02-06 11:58:01.422326
TXN_000919,ACC_0120,ACC_0426,1527.94,2026-02-06 12:04:39.724466
TXN_008517,ACC_0455,ACC_0459,4896.91,2026-02-06 12:06:01.955811
TXN_005525,ACC_0054,ACC_0394,4831.81,2026-02-06 12:11:55.868499
TXN_005624,ACC_0089,ACC_0328,602.27,2026-02-06 12:17:26.902777
TXN_001536,ACC_0332,ACC_0223,718.96,2026-02-06 12:21:51.976229
TXN_009450,ACC_0042,ACC_0059,1531.18,2026-02-06 12:26:21.806828
TXN_005617,ACC_0454,ACC_0233,1970.53,2026-02-06 12:30:39.738465
TXN_004460,ACC_0369,ACC_0342,1653.26,2026-02-06 12:30:56.864240
TXN_004725,ACC_0253,ACC_0206,2277.45,2026-02-06 12:43:20.411542
TXN_000314,ACC_0497,ACC_0151,11934.2,2026-02-06 12:45:14.476862
TXN_000815,ACC_0301,ACC_0382,274.95,2026-02-06 12:45:42.663347
TXN_004412,ACC_0051,ACC_0390,4128.41,2026-02-06 12:46:36.601130
TXN_001561,ACC_0326,ACC_0164,4692.22,2026-02-06 12:49:56.188325
TXN_004513,ACC_0383,ACC_0115,586.06,2026-02-06 12:52:13.095539
TXN_003680,ACC_0170,ACC_0348,2165.03,2026-02-06 12:54:54.026783
TXN_005970,ACC_0025,ACC_0202,521.7,2026-02-06 12:55:26.302243
TXN_005499,ACC_0167,ACC_0141,4946.24,2026-02-06 13:02:01.888042
TXN_003420,ACC_0318,ACC_0053,4455.96,2026-02-06 13:13:59.112993
TXN_002874,ACC_0191,ACC_0344,2064.92,2026-02-06 13:19:33.361542
TXN_002737,ACC_0349,ACC_0227,3623.27,2026-02-06 13:23:06.737920
TXN_009813,ACC_0174,ACC_0303,2663.03,2026-02-06 13:24:24.713405
TXN_005287,ACC_0400,ACC_0433,1046.12,2026-02-06 13:24:27.697254
TXN_001048,ACC_0036,ACC_0326,4520.19,2026-02-06 13:31:50.392035
TXN_001907,ACC_0116,ACC_0217,1815.98,2026-02-06 13:38:16.588173
TXN_003946,ACC_0230,ACC_0346,2550.85,2026-02-06 13:38:29.312120
TXN_003089,ACC_0092,ACC_0392,4045.22,2026-02-06 13:39:20.669574
TXN_006904,ACC_0289,ACC_0143,4188.92,2026-02-06 13:44:53.318501
TXN_000771,ACC_0072,ACC_0337,1371.87,2026-02-06 13:50:40.134014
TXN_003781,ACC_0055,ACC_0339,2151.61,2026-02-06 13:58:15.430498
TXN_002952,ACC_0157,ACC_0017,164.55,2026-02-06 14:04:46.469367
TXN_007768,ACC_0250,ACC_0030,2678.37,2026-02-06 14:18:00.339389
TXN_000181,ACC_0409,ACC_0490,4865.35,2026-02-06 14:19:16.663434
TXN_001727,ACC_0442,ACC_0249,1586.2,2026-02-06 14:23:27.301489
TXN_008471,ACC_0124,ACC_0209,4252.05,2026-02-06 14:24:19.977392
TXN_009617,ACC_0052,ACC_0163,3420.98,2026-02-06 14:41:43.349397
TXN_000610,ACC_0370,ACC_0115,4667.97,2026-02-06 14:50:27.600550
TXN_003344,ACC_0398,ACC_0281,3254.77,2026-02-06 14:53:18.093165
TXN_007346,ACC_0285,ACC_0047,1296.83,2026-02-06 14:54:09.589074
TXN_006566,ACC_0150,ACC_0241,4106.45,2026-02-06 15:01:23.134623
TXN_007186,ACC_0406,ACC_0038,3645.4,2026-02-06 15:07:32.428583
TXN_004075,ACC_0024,ACC_0280,1114.33,2026-02-06 15:08:52.175199
TXN_005250,ACC_0200,ACC_0090,1462.26,2026-02-06 15:12:16.902478
TXN_009414,ACC_0275,ACC_0413,2849.05,2026-02-06 15:12:47.417732
TXN_000044,ACC_0478,ACC_0479,11164.84,2026-02-06 15:13:37.221153
TXN_004570,ACC_0029,ACC_0351,4494.9,2026-02-06 15:21:32.368395
TXN_009738,ACC_0299,ACC_0386,3627.02,2026-02-06 15:23:09.079981
TXN_002641,ACC_0011,ACC_0258,4242.55,2026-02-06 15:27:19.616600
TXN_003721,ACC_0068,ACC_0224,143.62,2026-02-06 15:38:02.269782
TXN_004020,ACC_0105,ACC_0269,2317.58,2026-02-06 15:40:11.526809
TXN_009563,ACC_0122,ACC_0047,4552.69,2026-02-06 15:41:15.678696
TXN_001357,ACC_0176,ACC_0385,1010.36,2026-02-06 15:43:45.715039
TXN_005668,ACC_0009,ACC_0124,1984.54,2026-02-06 15:50:47.255357
TXN_003533,ACC_0301,ACC_0009,2337.06,2026-02-06 15:53:33.026434
TXN_004849,ACC_0339,ACC_0131,1097.08,2026-02-06 15:55:06.780129
TXN_002868,ACC_0392,ACC_0042,174.0,2026-02-06 15:58:10.816579
TXN_007115,ACC_0299,ACC_0375,2903.19,2026-02-06 15:59:59.962747
TXN_007363,ACC_0292,ACC_0010,1837.6,2026-02-06 16:03:18.189328
TXN_009855,ACC_0324,ACC_0456,474.07,2026-02-06 16:08:18.139828
TXN_000182,ACC_0490,ACC_0185,4622.08,2026-02-06 16:09:47.524686
TXN_008280,ACC_0339,ACC_0048,1280.38,2026-02-06 16:14:45.971732
TXN_000365,ACC_0040,ACC_0499,8559.88,2026-02-06 16:17:52.970992
TXN_005249,ACC_0158,ACC_0313,3942.79,2026-02-06 16:24:54.136675
TXN_004404,ACC_0157,ACC_0340,4235.71,2026-02-06 16:42:30.133333
TXN_001970,ACC_0032,ACC_0172,4342.61,2026-02-06 16:44:59.612147
TXN_007149,ACC_0126,ACC_0254,518.77,2026-02-06 16:46:44.641486
TXN_000366,ACC_0499,ACC_0010,8131.89,2026-02-06 16:46:47.539994
TXN_005699,ACC_0097,ACC_0138,2730.56,2026-02-06 16:48:17.515712
TXN_004534,ACC_0083,ACC_0310,617.6,2026-02-06 16:58:03.288227
TXN_005727,ACC_0275,ACC_0069,3097.33,2026-02-06 17:02:34.683819
TXN_005854,ACC_0194,ACC_0028,147.68,2026-02-06 17:04:55.393831
TXN_000880,ACC_0427,ACC_0327,4462.09,2026-02-06 17:11:24.494658
TXN_009659,ACC_0266,ACC_0026,1621.11,2026-02-06 17:15:04.663297
TXN_001181,ACC_0233,ACC_0155,1878.92,2026-02-06 17:21:54.821738
TXN_007136,ACC_0070,ACC_0196,4542.8,2026-02-06 17:36:05.069629
TXN_001051,ACC_0158,ACC_0451,1220.83,2026-02-06 17:38:25.125410
TXN_009631,ACC_0338,ACC_0282,4869.86,2026-02-06 17:39:06.660963
TXN_009719,ACC_0015,ACC_0035,1880.78,2026-02-06 17:52:01.634259
TXN_003563,ACC_0288,ACC_0079,4252.53,2026-02-06 17:54:25.832673
TXN_008534,ACC_0196,ACC_0167,207.39,2026-02-06 18:00:47.607100
TXN_004187,ACC_0454,ACC_0313,1451.41,2026-02-06 18:01:37.836581
TXN_009039,ACC_0364,ACC_0099,1234.89,2026-02-06 18:12:13.235908
TXN_000543,ACC_0393,ACC_0095,2696.86,2026-02-06 18:15:14.314306
TXN_007505,ACC_0048,ACC_0335,3918.37,2026-02-06 18:19:14.364788
TXN_005259,ACC_0326,ACC_0087,1102.85,2026-02-06 18:21:04.606669
TXN_005681,ACC_0242,ACC_0411,3779.16,2026-02-06 18:22:08.940826
TXN_001832,ACC_0431,ACC_0038,587.75,2026-02-06 18:23:04.158080
TXN_001600,ACC_0389,ACC_0261,1178.09,2026-02-06 18:25:46.038213
TXN_009169,ACC_0356,ACC_0432,4776.73,2026-02-06 18:28:05.564382
TXN_008561,ACC_0124,ACC_0322,1913.57,2026-02-06 18:28:48.000492
TXN_002138,ACC_0005,ACC_0286,2545.11,2026-02-06 18:33:58.006039
TXN_000534,ACC_0124,ACC_0363,1861.9,2026-02-06 18:34:35.031457
TXN_004220,ACC_0193,ACC_0015,2229.35,2026-02-06 18:39:00.666711
TXN_004189,ACC_0208,ACC_0364,1951.41,2026-02-06 18:59:16.556723
TXN_007960,ACC_0089,ACC_0054,2812.54,2026-02-06 19:01:26.101904
TXN_003459,ACC_0308,ACC_0052,863.21,2026-02-06 19:03:15.352650
TXN_004902,ACC_0248,ACC_0066,2161.9,2026-02-06 19:05:52.139171
TXN_005262,ACC_0292,ACC_0222,3615.22,2026-02-06 19:07:36.697125
TXN_009177,ACC_0130,ACC_0352,2672.33,2026-02-06 19:07:42.313513
TXN_004365,ACC_0113,ACC_0383,3086.38,2026-02-06 19:13:23.048306
TXN_003861,ACC_0260,ACC_0139,3181.16,2026-02-06 19:13:49.993748
TXN_004178,ACC_0030,ACC_0058,3152.99,2026-02-06 19:17:47.751964
TXN_001993,ACC_0411,ACC_0470,2021.05,2026-02-06 19:18:12.525053
TXN_002476,ACC_0399,ACC_0270,821.86,2026-02-06 19:20:54.686932
TXN_005122,ACC_0297,ACC_0291,3283.34,2026-02-06 19:26:45.027762
TXN_006024,ACC_0171,ACC_0053,2374.26,2026-02-06 19:30:56.009656
TXN_008608,ACC_0051,ACC_0355,412.99,2026-02-06 19:34:16.513498
TXN_003998,ACC_0245,ACC_0438,1349.72,2026-02-06 19:40:57.594560
TXN_000385,ACC_0251,ACC_0500,14717.68,2026-02-06 20:17:44.345488
TXN_005598,ACC_0250,ACC_0275,4257.92,2026-02-06 20:17:48.123374
TXN_008266,ACC_0342,ACC_0457,2189.05,2026-02-06 20:23:14.960584
TXN_003404,ACC_0006,ACC_0399,4545.87,2026-02-06 20:23:47.323763
TXN_007852,ACC_0128,ACC_0251,865.22,2026-02-06 20:25:39.377372
TXN_002344,ACC_0413,ACC_0339,266.18,2026-02-06 20:26:31.256813
TXN_001486,ACC_0221,ACC_0076,2898.95,2026-02-06 20:27:44.051582
TXN_001303,ACC_0430,ACC_0053,3438.58,2026-02-06 20:29:55.690981
TXN_009190,ACC_0056,ACC_0155,2520.7,2026-02-06 20:32:12.111469
TXN_001058,ACC_0446,ACC_0242,3271.18,2026-02-06 20:35:16.521518
TXN_005284,ACC_0193,ACC_0458,2674.71,2026-02-06 20:44:58.916412
TXN_005977,ACC_0419,ACC_0096,3892.47,2026-02-06 20:45:35.469672
TXN_007952,ACC_0251,ACC_0030,3776.72,2026-02-06 20:57:59.550399
TXN_002901,ACC_0270,ACC_0339,4343.33,2026-02-06 21:01:15.374734
TXN_007604,ACC_0161,ACC_0197,2234.15,2026-02-06 21:09:21.927681
TXN_008853,ACC_0092,ACC_0457,4572.2,2026-02-06 21:18:17.512482
TXN_006948,ACC_0442,ACC_0024,668.18,2026-02-06 21:20:52.215091
TXN_006727,ACC_0097,ACC_0216,3372.52,2026-02-06 21:25:39.940703
TXN_000930,ACC_0389,ACC_0447,4323.75,2026-02-06 21:28:07.527806
TXN_007955,ACC_0335,ACC_0208,793.29,2026-02-06 21:39:15.058602
TXN_004733,ACC_0298,ACC_0301,2140.38,2026-02-06 21:41:21.384663
TXN_002747,ACC_0185,ACC_0104,2089.27,2026-02-06 21:44:54.150187
TXN_000386,ACC_0500,ACC_0077,13981.8,2026-02-06 21:47:47.496231
TXN_006836,ACC_0267,ACC_0384,1203.29,2026-02-06 21:48:43.433868
TXN_009045,ACC_0002,ACC_0168,4810.13,2026-02-06 21:48:55.809316
TXN_001988,ACC_0137,ACC_0095,2368.67,2026-02-06 21:53:29.673202
TXN_008370,ACC_0375,ACC_0118,4566.6,2026-02-06 21:53:58.014747
TXN_004590,ACC_0252,ACC_0220,3474.93,2026-02-06 22:13:06.691091
TXN_005551,ACC_0020,ACC_0243,1864.71,2026-02-06 22:15:44.678365
TXN_006718,ACC_0108,ACC_0104,1217.43,2026-02-06 22:19:49.838015
TXN_003297,ACC_0058,ACC_0383,2480.54,2026-02-06 22:22:23.006071
TXN_007948,ACC_0442,ACC_0014,3330.61,2026-02-06 22:28:03.284967
TXN_000777,ACC_0282,ACC_0251,3000.03,2026-02-06 22:33:06.724410
TXN_000229,ACC_0205,ACC_0492,13316.15,2026-02-06 22:36:04.934266
TXN_005780,ACC_0095,ACC_0323,4015.77,2026-02-06 22:36:11.115950
TXN_002691,ACC_0136,ACC_0409,4548.75,2026-02-06 22:36:41.081133
TXN_008928,ACC_0239,ACC_0072,2363.22,2026-02-06 22:48:05.120928
TXN_006560,ACC_0382,ACC_0467,3608.99,2026-02-06 22:56:30.556227
TXN_007220,ACC_0153,ACC_0301,3779.54,2026-02-06 22:56:51.206821
TXN_002457,ACC_0323,ACC_0134,2917.74,2026-02-06 23:00:09.513845
TXN_001380,ACC_0102,ACC_0412,4910.86,2026-02-06 23:03:06.018870
TXN_006811,ACC_0039,ACC_0232,2101.6,2026-02-06 23:03:11.319985
TXN_007816,ACC_0213,ACC_0036,4265.45,2026-02-06 23:04:02.430262
TXN_005660,ACC_0469,ACC_0208,145.46,2026-02-06 23:15:39.619564
TXN_001542,ACC_0055,ACC_0454,2325.41,2026-02-06 23:30:34.571655
TXN_004936,ACC_0254,ACC_0446,4052.63,2026-02-06 23:34:08.795497
TXN_000230,ACC_0492,ACC_0246,12650.35,2026-02-06 23:37:41.148130
TXN_006060,ACC_0400,ACC_0362,568.07,2026-02-06 23:40:15.587204
TXN_004672,ACC_0381,ACC_0043,3721.92,2026-02-06 23:41:24.393631
TXN_001320,ACC_0331,ACC_0161,557.99,2026-02-06 23:42:35.137513
TXN_001710,ACC_0216,ACC_0236,2133.72,2026-02-06 23:45:09.348771
TXN_004657,ACC_0346,ACC_0222,2965.81,2026-02-06 23:46:36.660551
TXN_008160,ACC_0164,ACC_0228,3532.48,2026-02-06 23:58:39.131228
TXN_001385,ACC_0451,ACC_0248,2724.34,2026-02-07 00:04:42.635902
TXN_003496,ACC_0312,ACC_0112,3520.2,2026-02-07 00:07:52.200684
TXN_001455,ACC_0267,ACC_0174,3203.23,2026-02-07 00:08:55.141009
TXN_003484,ACC_0114,ACC_0113,4804.32,2026-02-07 00:09:29.590951
TXN_002417,ACC_0118,ACC_0112,3830.57,2026-02-07 00:15:02.389369
TXN_005492,ACC_0209,ACC_0435,1573.56,2026-02-07 00:28:04.592195
TXN_001556,ACC_0274,ACC_0442,468.61,2026-02-07 00:28:13.706738
TXN_004190,ACC_0351,ACC_0036,4904.8,2026-02-07 00:30:14.481842
TXN_008939,ACC_0291,ACC_0234,169.31,2026-02-07 00:30:50.831102
TXN_001347,ACC_0215,ACC_0344,411.92,2026-02-07 00:39:17.851349
TXN_000976,ACC_0272,ACC_0162,697.65,2026-02-07 00:47:31.109752
TXN_000857,ACC_0025,ACC_0094,486.17,2026-02-07 00:49:31.230534
TXN_001684,ACC_0462,ACC_0351,4479.11,2026-02-07 00:50:08.495055
TXN_003923,ACC_0128,ACC_0166,3710.68,2026-02-07 00:50:30.490495
TXN_006323,ACC_0172,ACC_0282,1986.46,2026-02-07 00:53:06.117325
TXN_000429,ACC_0162,ACC_0184,4837.99,2026-02-07 00:57:51.199110
TXN_005298,ACC_0055,ACC_0428,1508.31,2026-02-07 01:01:19.720117
TXN_008880,ACC_0136,ACC_0319,1300.75,2026-02-07 01:02:23.095032
TXN_005434,ACC_0321,ACC_0266,1331.86,2026-02-07 01:17:50.343162
TXN_003507,ACC_0263,ACC_0270,4334.89,2026-02-07 01:20:57.081020
TXN_001116,ACC_0244,ACC_0088,896.04,2026-02-07 01:21:28.762115
TXN_005241,ACC_0380,ACC_0083,4889.52,2026-02-07 01:30:18.310058
TXN_001466,ACC_0268,ACC_0207,3957.67,2026-02-07 01:36:00.212550
TXN_005521,ACC_0073,ACC_0458,2465.68,2026-02-07 01:36:12.484964
TXN_000243,ACC_0086,ACC_0493,12711.13,2026-02-07 01:40:04.311805
TXN_002574,ACC_0311,ACC_0029,3262.26,2026-02-07 01:42:21.807811
TXN_003957,ACC_0106,ACC_0388,3070.66,2026-02-07 01:43:56.692533
TXN_004679,ACC_0058,ACC_0267,920.97,2026-02-07 01:44:00.532836
TXN_002229,ACC_0127,ACC_0460,2947.32,2026-02-07 01:47:07.317651
TXN_002338,ACC_0325,ACC_0333,967.3,2026-02-07 01:47:25.404902
TXN_000244,ACC_0493,ACC_0326,12075.57,2026-02-07 01:52:18.119467
TXN_007523,ACC_0105,ACC_0259,208.16,2026-02-07 01:57:00.616574
TXN_004008,ACC_0441,ACC_0137,1317.5,2026-02-07 02:12:06.689814
TXN_007963,ACC_0292,ACC_0204,3234.3,2026-02-07 02:12:33.913380
TXN_000516,ACC_0062,ACC_0156,3320.6,2026-02-07 02:15:22.976358
TXN_009750,ACC_0464,ACC_0307,3225.59,2026-02-07 02:16:23.234225
TXN_003157,ACC_0200,ACC_0123,1381.32,2026-02-07 02:21:15.256873
TXN_005544,ACC_0377,ACC_0145,373.94,2026-02-07 02:29:50.031628
TXN_008629,ACC_0315,ACC_0264,893.03,2026-02-07 02:39:05.451069
TXN_009460,ACC_0307,ACC_0274,1545.08,2026-02-07 02:41:25.613140
TXN_008683,ACC_0386,ACC_0213,214.61,2026-02-07 02:42:28.434256
TXN_001237,ACC_0082,ACC_0410,1028.2,2026-02-07 02:48:40.071601
TXN_005916,ACC_0037,ACC_0233,1374.62,2026-02-07 02:51:36.902485
TXN_009222,ACC_0314,ACC_0334,2470.25,2026-02-07 03:03:08.943013
TXN_001782,ACC_0005,ACC_0321,4754.37,2026-02-07 03:07:18.803137
TXN_001567,ACC_0369,ACC_0439,4130.35,2026-02-07 03:10:12.138273
TXN_001186,ACC_0067,ACC_0289,4316.52,2026-02-07 03:15:20.016205
TXN_007645,ACC_0374,ACC_0105,2845.24,2026-02-07 03:19:26.880789
TXN_007728,ACC_0189,ACC_0205,1891.77,2026-02-07 03:21:19.415762
TXN_007329,ACC_0157,ACC_0225,984.55,2026-02-07 03:21:48.268224
TXN_004863,ACC_0163,ACC_0370,1432.53,2026-02-07 03:21:52.733345
TXN_003452,ACC_0068,ACC_0336,3925.66,2026-02-07 03:26:21.501633
TXN_003593,ACC_0050,ACC_0288,4378.95,2026-02-07 03:31:02.434452
TXN_007570,ACC_0035,ACC_0152,3660.84,2026-02-07 03:31:08.876603
TXN_003754,ACC_0320,ACC_0104,4330.97,2026-02-07 03:31:52.579047
TXN_006376,ACC_0285,ACC_0442,4980.69,2026-02-07 03:32:40.098183
TXN_004756,ACC_0073,ACC_0200,2727.38,2026-02-07 03:34:58.894654
TXN_002710,ACC_0195,ACC_0033,172.0,2026-02-07 03:36:46.836311
TXN_001624,ACC_0158,ACC_0199,3605.43,2026-02-07 03:38:40.478004
TXN_004698,ACC_0083,ACC_0105,2357.82,2026-02-07 03:51:56.257588
TXN_004703,ACC_0083,ACC_0300,4313.58,2026-02-07 03:52:22.183596
TXN_001532,ACC_0452,ACC_0134,1208.74,2026-02-07 03:53:45.752406
TXN_000801,ACC_0018,ACC_0259,1357.08,2026-02-07 04:03:05.237846
TXN_004076,ACC_0390,ACC_0380,3725.65,2026-02-07 04:06:38.194525
TXN_004141,ACC_0211,ACC_0112,1991.3,2026-02-07 04:07:22.741131
TXN_008387,ACC_0049,ACC_0134,226.77,2026-02-07 04:08:37.746425
TXN_003475,ACC_0438,ACC_0123,2383.93,2026-02-07 04:10:54.704277
TXN_005031,ACC_0208,ACC_0060,4198.29,2026-02-07 04:16:58.215417
TXN_000762,ACC_0062,ACC_0158,1640.54,2026-02-07 04:20:31.766771
TXN_004567,ACC_0452,ACC_0304,2327.16,2026-02-07 04:22:27.304591
TXN_007881,ACC_0402,ACC_0090,3697.76,2026-02-07 04:34:26.796786
TXN_002271,ACC_0420,ACC_0069,3280.2,2026-02-07 04:35:16.117917
TXN_008959,ACC_0406,ACC_0237,2672.44,2026-02-07 04:37:07.065393
TXN_005368,ACC_0154,ACC_0406,4911.94,2026-02-07 04:45:19.220124
TXN_005894,ACC_0263,ACC_0336,3258.93,2026-02-07 04:47:03.134005
TXN_007117,ACC_0356,ACC_0276,3559.06,2026-02-07 04:47:06.410369
TXN_003078,ACC_0196,ACC_0302,4771.09,2026-02-07 04:48:55.425980
TXN_003693,ACC_0395,ACC_0174,2999.16,2026-02-07 04:53:16.707577
TXN_007640,ACC_0328,ACC_0370,3021.92,2026-02-07 05:16:59.595429
TXN_007959,ACC_0132,ACC_0123,1820.57,2026-02-07 05:19:54.500519
TXN_004927,ACC_0384,ACC_0398,1642.31,2026-02-07 05:29:16.789965
TXN_008843,ACC_0124,ACC_0436,4326.89,2026-02-07 05:41:06.366414
TXN_003989,ACC_0260,ACC_0280,2135.07,2026-02-07 05:47:50.483254
TXN_002142,ACC_0320,ACC_0140,4893.17,2026-02-07 05:49:50.570563
TXN_002607,ACC_0430,ACC_0401,2622.91,2026-02-07 05:53:31.461934
TXN_001527,ACC_0237,ACC_0273,986.09,2026-02-07 05:53:53.844411
TXN_004909,ACC_0114,ACC_0420,188.11,2026-02-07 05:58:01.292422
TXN_009783,ACC_0014,ACC_0007,1977.3,2026-02-07 06:02:32.997219
TXN_000253,ACC_0468,ACC_0494,3860.55,2026-02-07 06:08:16.076730
TXN_008657,ACC_0103,ACC_0116,1498.37,2026-02-07 06:15:58.444564
TXN_001210,ACC_0057,ACC_0268,1124.18,2026-02-07 06:20:08.148455
TXN_005452,ACC_0459,ACC_0201,380.02,2026-02-07 06:24:28.337054
TXN_003858,ACC_0419,ACC_0136,4323.05,2026-02-07 06:29:27.807984
TXN_001323,ACC_0260,ACC_0149,2394.79,2026-02-07 06:31:41.998397
TXN_000013,ACC_0484,ACC_0485,8919.79,2026-02-07 06:35:30.353253
TXN_005280,ACC_0157,ACC_0183,3101.56,2026-02-07 06:37:01.068980
TXN_003844,ACC_0286,ACC_0093,458.61,2026-02-07 06:41:22.526531
TXN_008303,ACC_0386,ACC_0075,226.69,2026-02-07 06:44:46.366748
TXN_003633,ACC_0040,ACC_0267,4662.75,2026-02-07 06:45:07.402786
TXN_008726,ACC_0246,ACC_0189,2174.28,2026-02-07 06:46:21.023038
TXN_009325,ACC_0245,ACC_0168,3622.62,2026-02-07 06:50:17.292931
TXN_006519,ACC_0149,ACC_0392,2817.7,2026-02-07 06:54:17.925355
TXN_004427,ACC_0287,ACC_0151,2715.3,2026-02-07 06:57:18.891367
TXN_004831,ACC_0369,ACC_0359,4889.7,2026-02-07 07:03:22.108156
TXN_001206,ACC_0035,ACC_0154,670.25,2026-02-07 07:06:44.200470
TXN_009444,ACC_0413,ACC_0089,1307.74,2026-02-07 07:08:45.617304
TXN_000895,ACC_0251,ACC_0422,3598.81,2026-02-07 07:16:58.610707
TXN_002547,ACC_0360,ACC_0024,1100.83,2026-02-07 07:22:23.741672
TXN_004829,ACC_0278,ACC_0272,759.91,2026-02-07 07:22:29.546437
TXN_000254,ACC_0494,ACC_0200,3667.53,2026-02-07 07:25:10.023549
TXN_002686,ACC_0234,ACC_0426,2603.08,2026-02-07 07:30:17.324155
TXN_005736,ACC_0349,ACC_0270,2053.53,2026-02-07 07:30:59.413214
TXN_002409,ACC_0341,ACC_0132,3337.24,2026-02-07 07:31:01.102149
TXN_002126,ACC_0218,ACC_0075,2738.67,2026-02-07 07:32:21.562238
TXN_009902,ACC_0044,ACC_0160,2906.13,2026-02-07 07:33:45.154553
TXN_005182,ACC_0265,ACC_0187,3286.09,2026-02-07 07:34:35.723138
TXN_002559,ACC_0041,ACC_0171,2886.19,2026-02-07 07:35:35.053005
TXN_007593,ACC_0206,ACC_0445,3125.49,2026-02-07 07:43:07.607823
TXN_006974,ACC_0441,ACC_0262,3041.55,2026-02-07 07:44:16.791900
TXN_008513,ACC_0020,ACC_0200,4749.75,2026-02-07 07:46:53.723181
TXN_000355,ACC_0127,ACC_0498,8285.88,2026-02-07 07:49:55.393029
TXN_005920,ACC_0315,ACC_0416,2277.79,2026-02-07 07:52:50.614963
TXN_000578,ACC_0399,ACC_0415,4701.96,2026-02-07 08:08:16.535625
TXN_006423,ACC_0319,ACC_0442,4892.24,2026-02-07 08:11:28.540191
TXN_008080,ACC_0216,ACC_0264,623.67,2026-02-07 08:17:10.341224
TXN_006025,ACC_0060,ACC_0312,2245.9,2026-02-07 08:19:10.116485
TXN_006724,ACC_0091,ACC_0415,3007.98,2026-02-07 08:21:05.828346
TXN_007195,ACC_0178,ACC_0118,487.16,2026-02-07 08:25:14.404329
TXN_003778,ACC_0385,ACC_0236,4725.4,2026-02-07 08:37:12.156527
TXN_008527,ACC_0035,ACC_0394,4562.74,2026-02-07 08:42:42.784504
TXN_008357,ACC_0154,ACC_0037,4211.19,2026-02-07 08:53:40.066190
TXN_006692,ACC_0190,ACC_0112,1379.41,2026-02-07 08:54:05.860756
TXN_007954,ACC_0171,ACC_0304,794.65,2026-02-07 08:57:11.823222
TXN_009066,ACC_0104,ACC_0287,4146.14,2026-02-07 08:57:28.187655
TXN_009296,ACC_0021,ACC_0024,1252.66,2026-02-07 09:00:56.026463
TXN_001254,ACC_0451,ACC_0045,2348.72,2026-02-07 09:04:01.954111
TXN_002462,ACC_0070,ACC_0293,2725.51,2026-02-07 09:05:18.323811
TXN_000601,ACC_0136,ACC_0104,2943.88,2026-02-07 09:11:08.644115
TXN_009467,ACC_0417,ACC_0455,2039.59,2026-02-07 09:16:42.402482
TXN_001743,ACC_0349,ACC_0355,4240.9,2026-02-07 09:17:25.507538
TXN_005276,ACC_0150,ACC_0065,3917.5,2026-02-07 09:18:46.452306
TXN_008054,ACC_0123,ACC_0379,4529.43,2026-02-07 09:20:52.703363
TXN_005762,ACC_0363,ACC_0421,3952.54,2026-02-07 09:24:14.776403
TXN_001182,ACC_0316,ACC_0448,2541.03,2026-02-07 09:30:08.866526
TXN_003489,ACC_0324,ACC_0230,2395.83,2026-02-07 09:33:26.506672
TXN_000356,ACC_0498,ACC_0332,7871.59,2026-02-07 09:36:09.765790
TXN_003847,ACC_0099,ACC_0239,3707.32,2026-02-07 09:37:49.832440
TXN_008821,ACC_0171,ACC_0415,1871.64,2026-02-07 09:47:39.813182
TXN_001922,ACC_0248,ACC_0308,1865.99,2026-02-07 09:59:45.999380
TXN_009173,ACC_0385,ACC_0173,332.72,2026-02-07 10:00:20.503698
TXN_002798,ACC_0263,ACC_0454,682.91,2026-02-07 10:02:10.091979
TXN_004409,ACC_0115,ACC_0336,2480.98,2026-02-07 10:02:13.223996
TXN_006576,ACC_0338,ACC_0373,2407.33,2026-02-07 10:09:23.521254
TXN_003324,ACC_0203,ACC_0364,2047.17,2026-02-07 10:09:29.190589
TXN_009236,ACC_0385,ACC_0059,3040.86,2026-02-07 10:20:41.365670
TXN_006180,ACC_0359,ACC_0038,4651.41,2026-02-07 10:26:23.669106
TXN_001092,ACC_0292,ACC_0003,2672.15,2026-02-07 10:27:59.829777
TXN_008507,ACC_0421,ACC_0289,3833.36,2026-02-07 10:30:49.196884
TXN_009587,ACC_0275,ACC_0235,1405.91,2026-02-07 10:37:48.129710
TXN_008667,ACC_0091,ACC_0249,1706.57,2026-02-07 10:40:08.950157
TXN_005688,ACC_0371,ACC_0307,917.17,2026-02-07 10:41:26.936919
TXN_007251,ACC_0149,ACC_0293,3953.81,2026-02-07 10:42:37.806184
TXN_003233,ACC_0256,ACC_0424,1702.3,2026-02-07 10:44:38.086198
TXN_004036,ACC_0442,ACC_0464,4653.65,2026-02-07 10:52:00.331905
TXN_004348,ACC_0036,ACC_0414,2137.97,2026-02-07 11:01:09.189789
TXN_002931,ACC_0276,ACC_0464,3046.54,2026-02-07 11:01:17.283594
TXN_009753,ACC_0273,ACC_0077,412.98,2026-02-07 11:02:54.797233
TXN_000081,ACC_0475,ACC_0471,23190.12,2026-02-07 11:04:41.455711
TXN_007029,ACC_0380,ACC_0043,2466.09,2026-02-07 11:04:52.839655
TXN_006738,ACC_0227,ACC_0373,2501.94,2026-02-07 11:05:28.690251
TXN_001059,ACC_0230,ACC_0357,1013.64,2026-02-07 11:12:31.118779
TXN_009493,ACC_0369,ACC_0030,2752.69,2026-02-07 11:22:24.378928
TXN_003614,ACC_0435,ACC_0040,2662.64,2026-02-07 11:27:56.268647
TXN_004188,ACC_0124,ACC_0313,3378.43,2026-02-07 11:34:19.814307
TXN_002657,ACC_0117,ACC_0204,2931.76,2026-02-07 11:44:23.899647
TXN_004339,ACC_0307,ACC_0354,399.21,2026-02-07 11:48:33.565966
TXN_000423,ACC_0122,ACC_0456,3474.48,2026-02-07 11:48:40.159210
TXN_001889,ACC_0027,ACC_0260,3137.01,2026-02-07 11:48:56.322100
TXN_007759,ACC_0286,ACC_0431,3979.15,2026-02-07 11:51:52.468422
TXN_002245,ACC_0228,ACC_0120,2754.74,2026-02-07 11:59:57.734287
TXN_004674,ACC_0049,ACC_0232,4564.97,2026-02-07 12:06:41.526840
TXN_008419,ACC_0360,ACC_0038,1513.5,2026-02-07 12:09:31.162613
TXN_003474,ACC_0291,ACC_0248,1751.59,2026-02-07 12:09:56.492143
TXN_001795,ACC_0151,ACC_0218,3385.95,2026-02-07 12:14:02.618677
TXN_001260,ACC_0063,ACC_0340,895.91,2026-02-07 12:27:19.281756
TXN_007380,ACC_0160,ACC_0003,2528.85,2026-02-07 12:27:21.878618
TXN_008207,ACC_0388,ACC_0381,1524.26,2026-02-07 12:43:02.131677
TXN_004251,ACC_0169,ACC_0397,3377.86,2026-02-07 12:51:57.646998
TXN_009526,ACC_0178,ACC_0220,2371.59,2026-02-07 13:06:09.601038
TXN_007929,ACC_0043,ACC_0373,2324.74,2026-02-07 13:36:18.239893
TXN_008535,ACC_0203,ACC_0453,4953.16,2026-02-07 13:40:52.402651
TXN_000941,ACC_0246,ACC_0425,2136.3,2026-02-07 13:47:17.712089
TXN_006736,ACC_0258,ACC_0151,2615.37,2026-02-07 13:49:57.769240
TXN_003092,ACC_0191,ACC_0172,2990.77,2026-02-07 13:50:03.780932
TXN_002062,ACC_0234,ACC_0465,3203.25,2026-02-07 14:08:10.663026
TXN_003239,ACC_0003,ACC_0340,1545.04,2026-02-07 14:13:15.402123
TXN_008003,ACC_0466,ACC_0142,4121.25,2026-02-07 14:18:08.399672
TXN_000702,ACC_0313,ACC_0015,346.06,2026-02-07 14:19:49.283822
TXN_000714,ACC_0076,ACC_0254,1922.46,2026-02-07 14:30:23.420158
TXN_008006,ACC_0227,ACC_0136,402.22,2026-02-07 14:30:57.148554
TXN_000167,ACC_0060,ACC_0489,6926.59,2026-02-07 14:31:47.217750
TXN_003521,ACC_0368,ACC_0052,3951.4,2026-02-07 14:41:55.736086
TXN_007001,ACC_0235,ACC_0161,1879.06,2026-02-07 14:42:15.682054
TXN_009180,ACC_0287,ACC_0321,2038.12,2026-02-07 14:48:59.849969
TXN_008567,ACC_0211,ACC_0047,4183.2,2026-02-07 14:54:54.161550
TXN_005960,ACC_0355,ACC_0338,640.19,2026-02-07 14:55:39.850303
TXN_004991,ACC_0258,ACC_0221,2173.71,2026-02-07 14:56:39.584512
TXN_005215,ACC_0173,ACC_0288,838.92,2026-02-07 14:58:17.005700
TXN_000168,ACC_0489,ACC_0083,6580.26,2026-02-07 14:58:34.238219
TXN_009795,ACC_0081,ACC_0124,3406.75,2026-02-07 15:00:48.237088
TXN_006785,ACC_0145,ACC_0022,4572.54,2026-02-07 15:02:28.694623
TXN_004388,ACC_0071,ACC_0380,3987.52,2026-02-07 15:06:36.467829
TXN_008613,ACC_0153,ACC_0266,4740.52,2026-02-07 15:08:19.602501
TXN_005026,ACC_0313,ACC_0186,2491.02,2026-02-07 15:16:53.620678
TXN_000006,ACC_0482,ACC_0483,8082.66,2026-02-07 15:19:05.824229
TXN_007921,ACC_0401,ACC_0173,333.29,2026-02-07 15:19:48.438299
TXN_000555,ACC_0425,ACC_0037,4309.67,2026-02-07 15:24:07.639110
TXN_004358,ACC_0133,ACC_0417,4892.05,2026-02-07 15:28:13.938907
TXN_009932,ACC_0221,ACC_0440,1275.55,2026-02-07 15:29:39.420214
TXN_008263,ACC_0144,ACC_0042,174.82,2026-02-07 15:37:39.529474
TXN_009366,ACC_0079,ACC_0414,2428.72,2026-02-07 15:41:24.157022
TXN_009056,ACC_0422,ACC_0436,1188.9,2026-02-07 15:42:39.141631
TXN_007399,ACC_0431,ACC_0361,3973.28,2026-02-07 15:48:13.659897
TXN_001276,ACC_0420,ACC_0040,3113.62,2026-02-07 15:50:26.056444
TXN_001480,ACC_0285,ACC_0171,2956.86,2026-02-07 16:00:15.829624
TXN_006835,ACC_0286,ACC_0344,698.45,2026-02-07 16:01:07.223543
TXN_003767,ACC_0426,ACC_0368,3714.38,2026-02-07 16:04:43.072670
TXN_007065,ACC_0416,ACC_0401,3328.97,2026-02-07 16:16:51.112615
TXN_007795,ACC_0462,ACC_0019,4750.85,2026-02-07 16:23:51.715236
TXN_005291,ACC_0092,ACC_0304,102.57,2026-02-07 16:27:09.117294
TXN_002674,ACC_0284,ACC_0019,2060.83,2026-02-07 16:27:59.110119
TXN_006782,ACC_0372,ACC_0462,1828.52,2026-02-07 16:35:02.011460
TXN_005293,ACC_0221,ACC_0136,2739.47,2026-02-07 16:37:35.066665
TXN_005995,ACC_0170,ACC_0216,528.96,2026-02-07 16:45:43.605961
TXN_004982,ACC_0114,ACC_0101,2898.34,2026-02-07 17:00:44.751452
TXN_007999,ACC_0306,ACC_0117,4944.9,2026-02-07 17:08:06.311123
TXN_000551,ACC_0315,ACC_0018,4223.56,2026-02-07 17:13:01.150944
TXN_002003,ACC_0392,ACC_0203,4740.81,2026-02-07 17:14:42.058927
TXN_004279,ACC_0231,ACC_0306,2278.21,2026-02-07 17:20:56.628357
TXN_007709,ACC_0452,ACC_0465,4337.82,2026-02-07 17:35:13.885232
TXN_007774,ACC_0071,ACC_0300,696.72,2026-02-07 17:35:39.027352
TXN_007316,ACC_0349,ACC_0066,3850.54,2026-02-07 17:43:37.104161
TXN_006386,ACC_0073,ACC_0029,4989.13,2026-02-07 17:46:12.979221
TXN_003736,ACC_0065,ACC_0213,2906.43,2026-02-07 18:00:08.268961
TXN_006866,ACC_0399,ACC_0182,4141.43,2026-02-07 18:04:04.821226
TXN_005524,ACC_0367,ACC_0076,2153.46,2026-02-07 18:10:39.040105
TXN_004201,ACC_0304,ACC_0428,235.88,2026-02-07 18:12:12.099693
TXN_002096,ACC_0195,ACC_0078,2858.01,2026-02-07 18:16:29.500882
TXN_004116,ACC_0143,ACC_0451,4555.56,2026-02-07 18:17:01.614743
TXN_007787,ACC_0341,ACC_0071,2110.84,2026-02-07 18:19:37.883926
TXN_000877,ACC_0333,ACC_0328,4623.51,2026-02-07 18:29:07.245297
TXN_006681,ACC_0048,ACC_0025,2989.86,2026-02-07 18:29:58.564631
TXN_001568,ACC_0377,ACC_0350,1440.86,2026-02-07 18:30:48.063043
TXN_000962,ACC_0305,ACC_0285,1968.9,2026-02-07 18:32:34.685857
TXN_000323,ACC_0465,ACC_0497,7948.14,2026-02-07 18:41:16.242448
TXN_007275,ACC_0230,ACC_0068,3529.64,2026-02-07 18:42:18.718139
TXN_005143,ACC_0079,ACC_0404,626.21,2026-02-07 18:43:19.401612
TXN_004954,ACC_0257,ACC_0084,3140.71,2026-02-07 18:45:10.245960
TXN_008699,ACC_0387,ACC_0007,4945.81,2026-02-07 18:57:56.069007
TXN_001501,ACC_0018,ACC_0208,672.84,2026-02-07 18:59:41.032358
TXN_003554,ACC_0357,ACC_0160,2597.99,2026-02-07 19:07:51.292617
TXN_009850,ACC_0214,ACC_0457,3791.93,2026-02-07 19:08:59.742967
TXN_002882,ACC_0093,ACC_0299,4349.75,2026-02-07 19:14:03.896788
TXN_001496,ACC_0175,ACC_0120,936.75,2026-02-07 19:20:58.901241
TXN_006647,ACC_0098,ACC_0021,4500.13,2026-02-07 19:25:12.396719
TXN_005731,ACC_0072,ACC_0140,509.18,2026-02-07 19:25:47.995503
TXN_007758,ACC_0226,ACC_0154,372.33,2026-02-07 19:33:54.329125
TXN_005416,ACC_0214,ACC_0464,831.27,2026-02-07 19:34:01.438333
TXN_009465,ACC_0337,ACC_0175,359.67,2026-02-07 19:38:38.047114
TXN_004783,ACC_0081,ACC_0214,1979.66,2026-02-07 19:38:50.337866
TXN_003275,ACC_0307,ACC_0339,1479.33,2026-02-07 19:50:11.234140
TXN_005223,ACC_0046,ACC_0127,4892.09,2026-02-07 19:54:35.534315
TXN_006343,ACC_0414,ACC_0335,854.46,2026-02-07 19:55:19.596192
TXN_005991,ACC_0244,ACC_0288,3649.96,2026-02-07 19:56:13.842755
TXN_008919,ACC_0344,ACC_0375,3898.89,2026-02-07 19:56:26.473351
TXN_009557,ACC_0074,ACC_0109,3969.01,2026-02-07 19:57:35.852240
TXN_001379,ACC_0303,ACC_0289,1200.27,2026-02-07 20:04:27.762225
TXN_003114,ACC_0295,ACC_0339,2136.33,2026-02-07 20:05:27.717942
TXN_008139,ACC_0007,ACC_0420,3567.82,2026-02-07 20:10:26.009851
TXN_008981,ACC_0315,ACC_0213,259.75,2026-02-07 20:12:09.089038
TXN_009152,ACC_0353,ACC_0159,4815.16,2026-02-07 20:13:17.152659
TXN_006076,ACC_0110,ACC_0391,1248.73,2026-02-07 20:26:17.252675
TXN_002275,ACC_0144,ACC_0430,3240.74,2026-02-07 20:27:06.003387
TXN_000324,ACC_0497,ACC_0172,7550.73,2026-02-07 20:33:08.244357
TXN_005888,ACC_0436,ACC_0428,841.68,2026-02-07 20:34:10.440808
TXN_009970,ACC_0376,ACC_0310,4248.97,2026-02-07 20:35:52.770277
TXN_001700,ACC_0062,ACC_0077,212.59,2026-02-07 20:36:54.216509
TXN_003064,ACC_0196,ACC_0404,331.19,2026-02-07 20:47:23.265137
TXN_009005,ACC_0193,ACC_0139,2872.55,2026-02-07 20:53:25.860618
TXN_005919,ACC_0044,ACC_0419,596.03,2026-02-07 20:58:55.820282
TXN_000506,ACC_0394,ACC_0219,4642.62,2026-02-07 21:05:40.962053
TXN_005763,ACC_0424,ACC_0075,1352.66,2026-02-07 21:08:08.150449
TXN_002962,ACC_0387,ACC_0081,4832.87,2026-02-07 21:10:17.978870
TXN_005936,ACC_0079,ACC_0388,4777.3,2026-02-07 21:18:18.163303
TXN_002340,ACC_0432,ACC_0133,4771.95,2026-02-07 21:20:23.899860
TXN_008218,ACC_0416,ACC_0053,245.85,2026-02-07 21:24:51.632940
TXN_005096,ACC_0407,ACC_0161,1733.21,2026-02-07 21:25:30.575349
TXN_008921,ACC_0359,ACC_0321,3716.8,2026-02-07 21:30:07.496196
TXN_002712,ACC_0072,ACC_0434,982.25,2026-02-07 21:30:46.317323
TXN_003940,ACC_0324,ACC_0088,1058.14,2026-02-07 21:33:21.065906
TXN_004145,ACC_0288,ACC_0041,4604.11,2026-02-07 21:34:10.167911
TXN_006796,ACC_0302,ACC_0109,4744.18,2026-02-07 21:36:30.170905
TXN_007150,ACC_0183,ACC_0151,557.88,2026-02-07 21:40:31.464365
TXN_006363,ACC_0205,ACC_0375,4257.94,2026-02-07 21:42:55.899377
TXN_009924,ACC_0423,ACC_0141,3192.12,2026-02-07 21:49:13.039106
TXN_008709,ACC_0034,ACC_0449,2278.27,2026-02-07 22:03:08.753975
TXN_009584,ACC_0300,ACC_0345,2768.57,2026-02-07 22:04:33.521191
TXN_005270,ACC_0124,ACC_0332,2213.9,2026-02-07 22:05:17.872324
TXN_009264,ACC_0105,ACC_0435,1499.68,2026-02-07 22:07:38.351688
TXN_004809,ACC_0313,ACC_0308,1719.67,2026-02-07 22:09:19.150652
TXN_005839,ACC_0420,ACC_0327,2134.9,2026-02-07 22:14:07.155773
TXN_008994,ACC_0244,ACC_0107,3315.59,2026-02-07 22:17:13.078380
TXN_009050,ACC_0436,ACC_0428,2934.14,2026-02-07 22:17:17.944609
TXN_002827,ACC_0160,ACC_0165,1737.83,2026-02-07 22:18:32.833313
TXN_003343,ACC_0424,ACC_0097,923.66,2026-02-07 22:24:12.907477
TXN_003561,ACC_0277,ACC_0156,3637.41,2026-02-07 22:34:42.454238
TXN_004050,ACC_0393,ACC_0231,3970.9,2026-02-07 22:36:28.409807
TXN_003480,ACC_0020,ACC_0437,1660.04,2026-02-07 22:38:21.165208
TXN_004085,ACC_0102,ACC_0368,3940.19,2026-02-07 22:43:58.638391
TXN_001122,ACC_0319,ACC_0344,3128.38,2026-02-07 22:51:55.602668
TXN_004717,ACC_0162,ACC_0442,4689.09,2026-02-07 22:55:09.123838
TXN_002477,ACC_0168,ACC_0323,4549.87,2026-02-07 22:55:29.374886
TXN_007495,ACC_0022,ACC_0002,2106.09,2026-02-07 22:56:27.088546
TXN_009894,ACC_0377,ACC_0242,4915.53,2026-02-07 22:58:48.750739
TXN_003220,ACC_0337,ACC_0036,610.06,2026-02-07 23:00:17.555487
TXN_008778,ACC_0458,ACC_0096,735.95,2026-02-07 23:09:08.549704
TXN_007069,ACC_0276,ACC_0428,1623.58,2026-02-07 23:16:15.802268
TXN_004627,ACC_0009,ACC_0468,1340.24,2026-02-07 23:16:40.408659
TXN_002194,ACC_0373,ACC_0168,4417.95,2026-02-07 23:18:29.228414
TXN_000030,ACC_0476,ACC_0477,14628.43,2026-02-07 23:20:18.711921
TXN_009589,ACC_0325,ACC_0326,3879.58,2026-02-07 23:24:30.691492
TXN_000842,ACC_0447,ACC_0389,4858.35,2026-02-07 23:41:39.183632
TXN_001967,ACC_0025,ACC_0140,3330.91,2026-02-07 23:43:18.228370
TXN_006199,ACC_0106,ACC_0310,1757.11,2026-02-07 23:44:49.044057
TXN_001220,ACC_0230,ACC_0266,4063.7,2026-02-07 23:45:39.364566
TXN_007410,ACC_0199,ACC_0290,2315.79,2026-02-07 23:46:35.019908
TXN_001366,ACC_0031,ACC_0137,2676.27,2026-02-07 23:47:37.273362
TXN_005986,ACC_0185,ACC_0388,3280.67,2026-02-07 23:47:50.691349
TXN_003370,ACC_0094,ACC_0232,4569.34,2026-02-07 23:53:19.869547
TXN_004608,ACC_0230,ACC_0186,3570.59,2026-02-07 23:58:49.836088
TXN_006300,ACC_0465,ACC_0247,3548.34,2026-02-08 00:07:32.552901
TXN_004772,ACC_0344,ACC_0085,4054.84,2026-02-08 00:08:01.811319
TXN_008940,ACC_0275,ACC_0140,4964.98,2026-02-08 00:18:01.533980
TXN_002662,ACC_0116,ACC_0317,2488.85,2026-02-08 00:21:45.506898
TXN_006976,ACC_0214,ACC_0450,4791.62,2026-02-08 00:24:08.890388
TXN_000863,ACC_0449,ACC_0025,2847.98,2026-02-08 00:35:21.097206
TXN_006980,ACC_0101,ACC_0422,2230.46,2026-02-08 00:43:02.402805
TXN_007260,ACC_0203,ACC_0172,2945.27,2026-02-08 00:56:55.240477
TXN_006008,ACC_0311,ACC_0074,1772.58,2026-02-08 01:00:00.877772
TXN_004864,ACC_0115,ACC_0090,4462.06,2026-02-08 01:01:17.669504
TXN_006659,ACC_0209,ACC_0282,4859.49,2026-02-08 01:02:07.387689
TXN_000490,ACC_0036,ACC_0179,4664.59,2026-02-08 01:04:21.290658
TXN_004298,ACC_0134,ACC_0302,4179.94,2026-02-08 01:04:25.143516
TXN_009610,ACC_0196,ACC_0233,3769.57,2026-02-08 01:09:05.330040
TXN_000765,ACC_0191,ACC_0321,3212.43,2026-02-08 01:14:54.474961
TXN_001775,ACC_0459,ACC_0277,4456.62,2026-02-08 01:22:01.599727
TXN_005776,ACC_0269,ACC_0108,4994.02,2026-02-08 01:28:15.534347
TXN_008199,ACC_0076,ACC_0175,358.16,2026-02-08 01:30:27.303324
TXN_005392,ACC_0343,ACC_0114,1258.41,2026-02-08 01:33:23.019784
TXN_007208,ACC_0100,ACC_0404,380.59,2026-02-08 01:36:35.535311
TXN_002168,ACC_0340,ACC_0464,3319.44,2026-02-08 01:37:51.740392
TXN_005398,ACC_0135,ACC_0343,1058.58,2026-02-08 01:40:08.439970
TXN_001199,ACC_0283,ACC_0059,4724.99,2026-02-08 01:40:30.935364
TXN_008521,ACC_0431,ACC_0251,386.28,2026-02-08 01:56:19.009183
TXN_002097,ACC_0469,ACC_0101,2614.94,2026-02-08 01:56:40.418447
TXN_008930,ACC_0092,ACC_0214,3969.5,2026-02-08 02:08:58.470709
TXN_002396,ACC_0225,ACC_0442,3404.54,2026-02-08 02:11:14.778300
TXN_008441,ACC_0320,ACC_0098,1525.54,2026-02-08 02:13:10.105140
TXN_004368,ACC_0257,ACC_0446,4154.34,2026-02-08 02:17:01.024898
TXN_000579,ACC_0409,ACC_0043,4205.26,2026-02-08 02:23:11.801832
TXN_007595,ACC_0077,ACC_0319,2864.61,2026-02-08 02:25:11.791223
TXN_008420,ACC_0432,ACC_0436,4690.46,2026-02-08 02:29:40.196250
TXN_003902,ACC_0238,ACC_0314,580.89,2026-02-08 02:30:01.720958
TXN_007685,ACC_0153,ACC_0319,4025.76,2026-02-08 02:37:15.149553
TXN_007551,ACC_0080,ACC_0064,2459.96,2026-02-08 02:57:53.712001
TXN_009487,ACC_0138,ACC_0052,2574.42,2026-02-08 03:14:39.468326
TXN_008124,ACC_0178,ACC_0386,4275.27,2026-02-08 03:18:06.455894
TXN_007744,ACC_0413,ACC_0223,1858.68,2026-02-08 03:18:45.391474
TXN_004807,ACC_0197,ACC_0135,941.06,2026-02-08 03:20:08.585315
TXN_008780,ACC_0354,ACC_0308,4101.16,2026-02-08 03:20:11.970400
TXN_006860,ACC_0432,ACC_0419,3654.25,2026-02-08 03:21:36.558897
TXN_004782,ACC_0323,ACC_0433,480.22,2026-02-08 03:28:31.068508
TXN_003630,ACC_0101,ACC_0167,3694.44,2026-02-08 03:47:25.595492
TXN_004064,ACC_0241,ACC_0438,2419.8,2026-02-08 03:47:34.508196
TXN_002921,ACC_0365,ACC_0469,3616.07,2026-02-08 03:53:35.990331
TXN_000441,ACC_0458,ACC_0175,4177.15,2026-02-08 03:54:54.820209
TXN_000806,ACC_0410,ACC_0394,675.81,2026-02-08 03:55:58.958574
TXN_005331,ACC_0281,ACC_0092,4683.01,2026-02-08 03:56:34.213338
TXN_009849,ACC_0401,ACC_0431,1235.36,2026-02-08 04:07:09.703641
TXN_001112,ACC_0255,ACC_0126,1583.9,2026-02-08 04:08:08.077775
TXN_003165,ACC_0343,ACC_0464,3642.5,2026-02-08 04:16:11.893036
TXN_003271,ACC_0009,ACC_0199,465.94,2026-02-08 04:16:20.790315
TXN_000307,ACC_0362,ACC_0496,3162.58,2026-02-08 04:20:58.199129
TXN_003463,ACC_0347,ACC_0467,1534.97,2026-02-08 04:21:02.946464
TXN_005473,ACC_0283,ACC_0332,199.98,2026-02-08 04:22:01.256422
TXN_006552,ACC_0338,ACC_0236,1390.81,2026-02-08 04:22:14.049876
TXN_007210,ACC_0066,ACC_0395,3963.06,2026-02-08 04:47:13.611587
TXN_001311,ACC_0248,ACC_0123,351.64,2026-02-08 04:52:01.680318
TXN_008526,ACC_0049,ACC_0026,3421.4,2026-02-08 04:53:01.685332
TXN_002109,ACC_0369,ACC_0378,3389.37,2026-02-08 04:59:31.891094
TXN_008796,ACC_0129,ACC_0051,2808.88,2026-02-08 05:10:02.936997
TXN_004963,ACC_0210,ACC_0102,4420.66,2026-02-08 05:13:16.287741
TXN_005566,ACC_0244,ACC_0175,4267.52,2026-02-08 05:14:07.426131
TXN_006733,ACC_0467,ACC_0298,3198.88,2026-02-08 05:17:30.069564
TXN_008243,ACC_0296,ACC_0337,1873.09,2026-02-08 05:30:25.792622
TXN_000917,ACC_0139,ACC_0243,3259.07,2026-02-08 05:33:41.920329
TXN_008066,ACC_0414,ACC_0338,1525.88,2026-02-08 05:33:48.340798
TXN_008424,ACC_0359,ACC_0303,4110.99,2026-02-08 05:35:00.302556
TXN_007869,ACC_0214,ACC_0449,4405.83,2026-02-08 05:43:59.649156
TXN_000550,ACC_0398,ACC_0055,4750.38,2026-02-08 05:44:35.146932
TXN_009301,ACC_0115,ACC_0082,3340.3,2026-02-08 05:46:58.871686
TXN_006266,ACC_0317,ACC_0431,529.86,2026-02-08 05:47:50.561897
TXN_002897,ACC_0063,ACC_0253,2061.83,2026-02-08 05:56:28.833055
TXN_001384,ACC_0432,ACC_0461,2834.89,2026-02-08 05:59:04.659590
TXN_003431,ACC_0201,ACC_0341,381.19,2026-02-08 06:03:36.181727
TXN_002048,ACC_0295,ACC_0424,1694.13,2026-02-08 06:04:38.359260
TXN_006177,ACC_0268,ACC_0447,467.07,2026-02-08 06:06:48.044365
TXN_000308,ACC_0496,ACC_0422,3004.45,2026-02-08 06:13:48.455580
TXN_000418,ACC_0019,ACC_0391,3913.1,2026-02-08 06:21:07.919198
TXN_003758,ACC_0225,ACC_0115,4791.14,2026-02-08 06:29:12.023351
TXN_009462,ACC_0366,ACC_0082,3616.33,2026-02-08 06:41:59.520097
TXN_003198,ACC_0346,ACC_0231,3241.36,2026-02-08 06:43:30.762287
TXN_006814,ACC_0328,ACC_0157,214.12,2026-02-08 06:52:16.331712
TXN_003050,ACC_0062,ACC_0029,2587.8,2026-02-08 07:16:46.392120
TXN_006646,ACC_0308,ACC_0462,2629.76,2026-02-08 07:22:34.044286
TXN_009748,ACC_0392,ACC_0212,1866.69,2026-02-08 07:28:40.452555
TXN_003586,ACC_0430,ACC_0249,114.09,2026-02-08 07:29:58.159190
TXN_004055,ACC_0188,ACC_0010,2616.05,2026-02-08 07:37:07.147437
TXN_001100,ACC_0211,ACC_0439,3400.3,2026-02-08 07:41:35.112992
TXN_004355,ACC_0130,ACC_0452,250.29,2026-02-08 07:46:31.543677
TXN_007793,ACC_0174,ACC_0050,2661.99,2026-02-08 07:49:22.101260
TXN_005779,ACC_0087,ACC_0089,629.3,2026-02-08 07:54:05.068902
TXN_007627,ACC_0300,ACC_0082,1607.98,2026-02-08 07:55:12.726234
TXN_007314,ACC_0230,ACC_0285,4082.02,2026-02-08 07:58:29.663451
TXN_005784,ACC_0361,ACC_0376,2117.75,2026-02-08 08:00:27.155735
TXN_004468,ACC_0316,ACC_0292,1643.06,2026-02-08 08:11:01.088156
TXN_007042,ACC_0022,ACC_0442,1044.06,2026-02-08 08:13:27.958515
TXN_002244,ACC_0241,ACC_0010,1923.08,2026-02-08 08:19:40.996494
TXN_002569,ACC_0282,ACC_0021,3045.58,2026-02-08 08:25:36.965802
TXN_009194,ACC_0233,ACC_0324,2335.98,2026-02-08 08:33:13.087193
TXN_002598,ACC_0036,ACC_0140,774.0,2026-02-08 08:34:35.067359
TXN_007725,ACC_0446,ACC_0283,1206.11,2026-02-08 08:39:20.432836
TXN_002413,ACC_0296,ACC_0418,4253.32,2026-02-08 08:40:49.376179
TXN_002422,ACC_0130,ACC_0259,579.81,2026-02-08 08:45:10.537726
TXN_006125,ACC_0128,ACC_0293,504.34,2026-02-08 08:46:10.141413
TXN_001753,ACC_0454,ACC_0100,4391.14,2026-02-08 08:47:16.969333
TXN_001488,ACC_0236,ACC_0175,4101.97,2026-02-08 09:00:38.984005
TXN_007510,ACC_0302,ACC_0335,4651.4,2026-02-08 09:02:04.817532
TXN_009204,ACC_0076,ACC_0406,1663.91,2026-02-08 09:08:06.339375
TXN_008007,ACC_0294,ACC_0039,1550.23,2026-02-08 09:08:41.466044
TXN_009040,ACC_0468,ACC_0082,4282.88,2026-02-08 09:16:59.513395
TXN_002730,ACC_0240,ACC_0425,2210.88,2026-02-08 09:22:55.708762
TXN_006557,ACC_0425,ACC_0069,614.89,2026-02-08 09:26:51.745064
TXN_006332,ACC_0002,ACC_0218,2799.37,2026-02-08 09:28:26.613726
TXN_001705,ACC_0215,ACC_0129,1783.66,2026-02-08 09:30:43.485145
TXN_001483,ACC_0190,ACC_0131,1921.91,2026-02-08 09:40:02.601076
TXN_007307,ACC_0193,ACC_0222,1639.01,2026-02-08 09:51:15.539882
TXN_003853,ACC_0220,ACC_0208,3456.61,2026-02-08 09:57:09.869173
TXN_002924,ACC_0067,ACC_0060,2631.31,2026-02-08 09:58:08.113741
TXN_008724,ACC_0332,ACC_0414,3955.83,2026-02-08 10:02:20.633967
TXN_000058,ACC_0471,ACC_0472,16736.41,2026-02-08 10:02:47.414169
TXN_002232,ACC_0385,ACC_0130,2177.89,2026-02-08 10:05:18.639981
TXN_008556,ACC_0186,ACC_0028,2027.54,2026-02-08 10:21:33.421916
TXN_002084,ACC_0394,ACC_0358,124.69,2026-02-08 10:31:13.085667
TXN_004453,ACC_0321,ACC_0038,4335.15,2026-02-08 10:32:52.763322
TXN_006856,ACC_0310,ACC_0418,4780.56,2026-02-08 10:57:12.434107
TXN_002821,ACC_0299,ACC_0259,4759.5,2026-02-08 10:59:22.619147
TXN_003375,ACC_0080,ACC_0200,482.66,2026-02-08 10:59:27.459441
TXN_006527,ACC_0398,ACC_0215,2179.9,2026-02-08 11:02:49.809689
TXN_009227,ACC_0114,ACC_0166,1493.82,2026-02-08 11:12:32.946455
TXN_000756,ACC_0014,ACC_0070,2581.56,2026-02-08 11:13:01.586289
TXN_007430,ACC_0039,ACC_0426,4202.88,2026-02-08 11:15:11.059438
TXN_007575,ACC_0414,ACC_0146,477.52,2026-02-08 11:17:18.354897
TXN_000371,ACC_0207,ACC_0499,5366.46,2026-02-08 11:18:30.272055
TXN_008399,ACC_0465,ACC_0280,3576.08,2026-02-08 11:26:58.256943
TXN_001976,ACC_0462,ACC_0091,3079.91,2026-02-08 11:27:27.282504
TXN_005040,ACC_0202,ACC_0134,4872.54,2026-02-08 11:28:18.203341
TXN_005455,ACC_0120,ACC_0462,3054.73,2026-02-08 11:33:30.270968
TXN_007351,ACC_0470,ACC_0280,1220.64,2026-02-08 11:34:02.693399
TXN_007594,ACC_0086,ACC_0432,3268.73,2026-02-08 11:42:17.485541
TXN_007118,ACC_0124,ACC_0411,4244.53,2026-02-08 11:42:57.148040
TXN_004647,ACC_0230,ACC_0063,191.27,2026-02-08 11:57:03.487527
TXN_007600,ACC_0303,ACC_0306,4328.97,2026-02-08 12:05:31.901050
TXN_008837,ACC_0210,ACC_0330,2190.68,2026-02-08 12:13:04.109508
TXN_002938,ACC_0456,ACC_0057,1429.56,2026-02-08 12:13:34.490420
TXN_008874,ACC_0353,ACC_0260,4726.7,2026-02-08 12:14:34.116796
TXN_007804,ACC_0220,ACC_0304,2652.75,2026-02-08 12:16:22.471029
TXN_001398,ACC_0068,ACC_0189,3069.29,2026-02-08 12:16:30.485716
TXN_007581,ACC_0329,ACC_0120,4302.7,2026-02-08 12:20:53.901234
TXN_005937,ACC_0279,ACC_0417,2864.05,2026-02-08 12:26:19.532929
TXN_001388,ACC_0064,ACC_0034,4974.79,2026-02-08 12:37:50.862204
TXN_000372,ACC_0499,ACC_0241,5098.14,2026-02-08 12:45:17.577833
TXN_003955,ACC_0268,ACC_0256,2479.19,2026-02-08 12:46:01.757558
TXN_009556,ACC_0414,ACC_0015,1070.92,2026-02-08 12:47:24.274844
TXN_003604,ACC_0017,ACC_0107,628.68,2026-02-08 12:49:21.827652
TXN_006901,ACC_0301,ACC_0377,791.15,2026-02-08 12:52:07.735502
TXN_005323,ACC_0343,ACC_0172,1710.13,2026-02-08 12:56:06.527638
TXN_001331,ACC_0181,ACC_0010,634.71,2026-02-08 13:01:11.121857
TXN_002158,ACC_0425,ACC_0432,1535.21,2026-02-08 13:01:19.712134
TXN_004179,ACC_0079,ACC_0208,924.29,2026-02-08 13:01:50.945470
TXN_002604,ACC_0405,ACC_0021,4551.19,2026-02-08 13:02:58.139023
TXN_006607,ACC_0310,ACC_0084,433.73,2026-02-08 13:03:10.337115
TXN_008500,ACC_0316,ACC_0084,2902.43,2026-02-08 13:11:02.428372
TXN_007151,ACC_0356,ACC_0258,494.12,2026-02-08 13:28:42.978722
TXN_000659,ACC_0332,ACC_0382,447.44,2026-02-08 13:36:38.928072
TXN_001070,ACC_0391,ACC_0434,3393.8,2026-02-08 13:50:29.799551
TXN_005556,ACC_0180,ACC_0089,870.08,2026-02-08 13:58:26.260176
TXN_004396,ACC_0129,ACC_0294,1283.44,2026-02-08 14:00:41.224058
TXN_002301,ACC_0228,ACC_0368,173.95,2026-02-08 14:01:27.540812
TXN_003954,ACC_0158,ACC_0297,409.5,2026-02-08 14:06:24.723888
TXN_005897,ACC_0277,ACC_0140,4947.17,2026-02-08 14:13:25.116939
TXN_005140,ACC_0165,ACC_0417,1303.71,2026-02-08 14:17:06.406050
TXN_009499,ACC_0036,ACC_0461,3682.05,2026-02-08 14:26:10.153895
TXN_009058,ACC_0361,ACC_0313,2547.73,2026-02-08 14:26:33.050127
TXN_006550,ACC_0019,ACC_0079,335.01,2026-02-08 14:28:48.948236
TXN_007227,ACC_0396,ACC_0067,1262.89,2026-02-08 14:29:41.725499
TXN_002345,ACC_0385,ACC_0212,2183.05,2026-02-08 14:33:01.117270
TXN_001316,ACC_0377,ACC_0010,2724.61,2026-02-08 14:41:57.858788
TXN_006558,ACC_0418,ACC_0052,3618.91,2026-02-08 14:44:02.422586
TXN_005267,ACC_0373,ACC_0262,118.11,2026-02-08 14:45:14.462236
TXN_002034,ACC_0396,ACC_0051,753.91,2026-02-08 14:47:05.161555
TXN_003179,ACC_0305,ACC_0374,3339.32,2026-02-08 14:49:31.898012
TXN_003141,ACC_0422,ACC_0151,4687.31,2026-02-08 14:50:33.480818
TXN_008467,ACC_0434,ACC_0301,4883.36,2026-02-08 14:50:45.866826
TXN_009057,ACC_0164,ACC_0278,3725.0,2026-02-08 14:58:33.405730
TXN_003252,ACC_0142,ACC_0066,1017.97,2026-02-08 15:01:37.653644
TXN_002836,ACC_0112,ACC_0207,137.64,2026-02-08 15:06:41.818971
TXN_009457,ACC_0333,ACC_0104,3436.19,2026-02-08 15:07:32.042005
TXN_003188,ACC_0144,ACC_0160,4723.42,2026-02-08 15:09:59.564575
TXN_009479,ACC_0453,ACC_0462,3453.56,2026-02-08 15:12:09.518862
TXN_002170,ACC_0138,ACC_0058,1784.14,2026-02-08 15:24:42.758376
TXN_000052,ACC_0480,ACC_0476,9892.46,2026-02-08 15:25:55.412986
TXN_007666,ACC_0456,ACC_0026,560.4,2026-02-08 15:29:52.273417
TXN_006477,ACC_0117,ACC_0187,271.43,2026-02-08 15:39:22.490137
TXN_004825,ACC_0442,ACC_0341,1640.05,2026-02-08 15:39:27.280476
TXN_000665,ACC_0005,ACC_0186,1945.57,2026-02-08 15:42:32.663377
TXN_002319,ACC_0149,ACC_0270,4468.12,2026-02-08 15:42:32.698425
TXN_007459,ACC_0080,ACC_0275,2422.55,2026-02-08 15:50:27.271627
TXN_009016,ACC_0259,ACC_0211,1284.13,2026-02-08 15:51:23.275147
TXN_003040,ACC_0266,ACC_0161,2826.44,2026-02-08 15:54:44.113037
TXN_005676,ACC_0201,ACC_0370,4896.56,2026-02-08 16:05:40.051994
TXN_007121,ACC_0208,ACC_0099,3021.4,2026-02-08 16:07:22.124295
TXN_004080,ACC_0387,ACC_0249,2108.5,2026-02-08 16:09:40.574146
TXN_000103,ACC_0472,ACC_0473,19367.67,2026-02-08 16:11:46.066886
TXN_001852,ACC_0327,ACC_0433,668.1,2026-02-08 16:13:26.407236
TXN_001460,ACC_0417,ACC_0028,4823.12,2026-02-08 16:28:02.690462
TXN_007497,ACC_0309,ACC_0365,4182.66,2026-02-08 16:30:33.562796
TXN_009664,ACC_0461,ACC_0038,3740.94,2026-02-08 16:36:20.956200
TXN_008649,ACC_0164,ACC_0076,3502.35,2026-02-08 16:41:08.715179
TXN_000700,ACC_0408,ACC_0340,4440.24,2026-02-08 16:41:50.687004
TXN_000651,ACC_0251,ACC_0125,2231.18,2026-02-08 16:42:34.517224
TXN_003878,ACC_0183,ACC_0270,155.98,2026-02-08 16:50:13.454766
TXN_001216,ACC_0206,ACC_0187,2454.81,2026-02-08 16:54:33.846355
TXN_001772,ACC_0125,ACC_0195,1541.92,2026-02-08 16:56:29.364625
TXN_006937,ACC_0393,ACC_0270,3251.01,2026-02-08 17:03:41.283639
TXN_009001,ACC_0119,ACC_0232,4909.04,2026-02-08 17:09:59.673482
TXN_006039,ACC_0076,ACC_0032,4413.54,2026-02-08 17:10:08.987833
TXN_001665,ACC_0096,ACC_0405,4897.1,2026-02-08 17:10:50.775794
TXN_007775,ACC_0221,ACC_0416,4444.87,2026-02-08 17:20:38.762398
TXN_003082,ACC_0193,ACC_0185,1053.53,2026-02-08 17:21:16.202672
TXN_003405,ACC_0246,ACC_0271,3015.67,2026-02-08 17:22:10.276899
TXN_006700,ACC_0216,ACC_0102,433.94,2026-02-08 17:25:51.239419
TXN_004670,ACC_0038,ACC_0077,2959.84,2026-02-08 17:30:06.630482
TXN_009628,ACC_0137,ACC_0280,116.27,2026-02-08 17:32:40.997907
TXN_002615,ACC_0450,ACC_0143,4549.4,2026-02-08 17:36:26.986876
TXN_003571,ACC_0160,ACC_0408,856.66,2026-02-08 17:39:30.053688
TXN_005817,ACC_0305,ACC_0330,3152.11,2026-02-08 17:43:06.379246
TXN_005188,ACC_0178,ACC_0043,656.74,2026-02-08 17:50:44.645302
TXN_008296,ACC_0195,ACC_0295,3632.11,2026-02-08 17:57:00.665042
TXN_000858,ACC_0357,ACC_0194,3262.69,2026-02-08 17:58:20.660412
TXN_000773,ACC_0373,ACC_0256,3262.81,2026-02-08 18:02:01.085347
TXN_000889,ACC_0146,ACC_0155,3193.71,2026-02-08 18:04:55.494217
TXN_008948,ACC_0235,ACC_0330,2171.23,2026-02-08 18:04:59.141130
TXN_000887,ACC_0024,ACC_0149,4913.26,2026-02-08 18:14:25.277097
TXN_006315,ACC_0394,ACC_0331,3348.17,2026-02-08 18:18:14.365776
TXN_003288,ACC_0045,ACC_0462,3127.16,2026-02-08 18:28:07.210383
TXN_002004,ACC_0061,ACC_0156,3275.48,2026-02-08 18:31:44.255756
TXN_003860,ACC_0373,ACC_0413,3549.36,2026-02-08 18:42:26.834868
TXN_006308,ACC_0262,ACC_0182,4312.23,2026-02-08 18:45:21.700410
TXN_002026,ACC_0148,ACC_0354,191.83,2026-02-08 18:52:30.108898
TXN_007798,ACC_0271,ACC_0462,4139.22,2026-02-08 18:53:50.140384
TXN_002079,ACC_0423,ACC_0294,1541.3,2026-02-08 18:54:15.275070
TXN_008089,ACC_0409,ACC_0375,2724.21,2026-02-08 18:56:21.715913
TXN_003468,ACC_0067,ACC_0176,2528.22,2026-02-08 19:04:39.175912
TXN_004177,ACC_0005,ACC_0027,1642.55,2026-02-08 19:05:42.382118
TXN_009847,ACC_0042,ACC_0450,1007.15,2026-02-08 19:08:04.908859
TXN_000125,ACC_0467,ACC_0486,14422.14,2026-02-08 19:08:16.558701
TXN_006085,ACC_0190,ACC_0456,2065.01,2026-02-08 19:16:42.244419
TXN_009936,ACC_0352,ACC_0003,4201.65,2026-02-08 19:16:57.987681
TXN_009715,ACC_0294,ACC_0303,1979.82,2026-02-08 19:18:07.024125
TXN_006872,ACC_0081,ACC_0073,386.96,2026-02-08 19:20:01.661804
TXN_000126,ACC_0486,ACC_0349,13701.03,2026-02-08 19:25:32.559338
TXN_008308,ACC_0031,ACC_0158,722.07,2026-02-08 19:27:37.890270
TXN_003749,ACC_0050,ACC_0171,4420.96,2026-02-08 19:29:41.995470
TXN_006715,ACC_0108,ACC_0244,4724.15,2026-02-08 19:32:00.450038
TXN_009674,ACC_0337,ACC_0342,1349.33,2026-02-08 19:35:38.434290
TXN_000681,ACC_0361,ACC_0113,2467.6,2026-02-08 19:42:22.576595
TXN_001349,ACC_0425,ACC_0113,1109.03,2026-02-08 19:43:19.777259
TXN_006969,ACC_0229,ACC_0373,4389.1,2026-02-08 19:54:40.508177
TXN_005444,ACC_0137,ACC_0293,2804.29,2026-02-08 19:59:59.995758
TXN_002114,ACC_0452,ACC_0110,3584.71,2026-02-08 20:01:07.640690
TXN_002406,ACC_0204,ACC_0233,3837.9,2026-02-08 20:05:48.669164
TXN_000389,ACC_0329,ACC_0500,9956.03,2026-02-08 20:10:07.529667
TXN_007625,ACC_0175,ACC_0032,2461.95,2026-02-08 20:16:18.557602
TXN_004601,ACC_0442,ACC_0245,464.96,2026-02-08 20:20:44.212784
TXN_001654,ACC_0010,ACC_0057,653.93,2026-02-08 20:21:21.727040
TXN_008807,ACC_0008,ACC_0365,353.82,2026-02-08 20:29:44.810002
TXN_008484,ACC_0340,ACC_0451,1509.28,2026-02-08 20:30:07.538415
TXN_008052,ACC_0079,ACC_0181,1295.93,2026-02-08 20:38:32.149545
TXN_001279,ACC_0033,ACC_0258,4125.7,2026-02-08 20:40:21.954271
TXN_001313,ACC_0102,ACC_0057,4178.3,2026-02-08 20:42:55.638661
TXN_003690,ACC_0100,ACC_0302,1696.85,2026-02-08 20:43:25.689786
TXN_009434,ACC_0011,ACC_0313,4962.91,2026-02-08 20:50:18.111827
TXN_006399,ACC_0443,ACC_0288,4046.41,2026-02-08 20:53:45.430855
TXN_001125,ACC_0187,ACC_0176,2461.63,2026-02-08 20:54:36.487427
TXN_006621,ACC_0371,ACC_0131,275.15,2026-02-08 20:55:39.235268
TXN_000390,ACC_0500,ACC_0072,9458.23,2026-02-08 21:05:30.903012
TXN_001202,ACC_0309,ACC_0246,714.36,2026-02-08 21:10:46.126781
TXN_009461,ACC_0303,ACC_0344,4415.43,2026-02-08 21:16:30.687122
TXN_003807,ACC_0072,ACC_0039,1160.62,2026-02-08 21:16:58.382983
TXN_008086,ACC_0374,ACC_0130,587.72,2026-02-08 21:19:32.566668
TXN_001525,ACC_0436,ACC_0444,1006.01,2026-02-08 21:45:46.655206
TXN_007863,ACC_0202,ACC_0274,3092.41,2026-02-08 21:51:10.685137
TXN_003482,ACC_0135,ACC_0190,2932.61,2026-02-08 21:54:58.511910
TXN_009818,ACC_0318,ACC_0292,2663.87,2026-02-08 22:00:55.250033
TXN_009531,ACC_0437,ACC_0237,2561.02,2026-02-08 22:05:24.459792
TXN_006267,ACC_0212,ACC_0248,4771.29,2026-02-08 22:05:51.070196
TXN_007823,ACC_0192,ACC_0422,2843.7,2026-02-08 22:14:37.636416
TXN_001952,ACC_0304,ACC_0082,1536.39,2026-02-08 22:15:42.796763
TXN_009964,ACC_0296,ACC_0208,4402.7,2026-02-08 22:19:33.176847
TXN_008881,ACC_0350,ACC_0417,1878.57,2026-02-08 22:22:03.989804
TXN_003790,ACC_0060,ACC_0290,4144.25,2026-02-08 22:27:47.025057
TXN_006781,ACC_0464,ACC_0170,3162.9,2026-02-08 22:32:07.977470
TXN_002811,ACC_0133,ACC_0384,936.87,2026-02-08 22:34:15.115351
TXN_003804,ACC_0352,ACC_0253,4356.53,2026-02-08 22:36:45.768687
TXN_007946,ACC_0281,ACC_0300,2713.97,2026-02-08 22:39:58.673380
TXN_007267,ACC_0263,ACC_0457,4520.43,2026-02-08 22:44:41.253770
TXN_001363,ACC_0361,ACC_0387,3253.34,2026-02-08 23:02:46.404907
TXN_000948,ACC_0267,ACC_0346,1062.94,2026-02-08 23:07:37.593457
TXN_007391,ACC_0460,ACC_0309,3544.45,2026-02-08 23:08:43.299346
TXN_000738,ACC_0394,ACC_0383,2325.51,2026-02-08 23:09:48.802456
TXN_001648,ACC_0240,ACC_0075,1687.32,2026-02-08 23:23:36.331009
TXN_008675,ACC_0469,ACC_0012,3750.41,2026-02-08 23:28:26.253481
TXN_002341,ACC_0271,ACC_0194,4589.34,2026-02-08 23:30:21.812840
TXN_005569,ACC_0451,ACC_0094,4042.75,2026-02-08 23:33:19.085312
TXN_002512,ACC_0431,ACC_0071,4212.77,2026-02-08 23:36:16.522175
TXN_006601,ACC_0342,ACC_0369,1784.61,2026-02-08 23:37:29.054268
TXN_003187,ACC_0194,ACC_0414,3099.33,2026-02-08 23:37:53.091472
TXN_008708,ACC_0432,ACC_0387,306.97,2026-02-08 23:48:35.849039
TXN_002989,ACC_0448,ACC_0329,1108.39,2026-02-09 00:10:47.261297
TXN_005348,ACC_0262,ACC_0359,4280.22,2026-02-09 00:12:04.902263
TXN_001413,ACC_0390,ACC_0063,394.42,2026-02-09 00:19:27.160710
TXN_004051,ACC_0035,ACC_0084,488.56,2026-02-09 00:21:18.908327
TXN_005070,ACC_0192,ACC_0011,3496.26,2026-02-09 00:24:54.143587
TXN_004309,ACC_0234,ACC_0407,290.04,2026-02-09 00:44:00.507439
TXN_009472,ACC_0117,ACC_0165,439.48,2026-02-09 00:51:09.699320
TXN_006333,ACC_0465,ACC_0099,2357.77,2026-02-09 00:51:48.346145
TXN_003842,ACC_0235,ACC_0410,1587.1,2026-02-09 00:52:06.124307
TXN_003317,ACC_0131,ACC_0064,3104.49,2026-02-09 00:52:45.567812
TXN_006941,ACC_0458,ACC_0083,3501.1,2026-02-09 00:56:36.644578
TXN_009030,ACC_0371,ACC_0127,2527.98,2026-02-09 00:57:00.761663
TXN_008819,ACC_0212,ACC_0395,2222.99,2026-02-09 01:06:19.990522
TXN_000978,ACC_0109,ACC_0097,3623.1,2026-02-09 01:17:05.638390
TXN_006011,ACC_0014,ACC_0448,794.98,2026-02-09 01:20:54.982464
TXN_007911,ACC_0033,ACC_0146,607.41,2026-02-09 01:30:17.849987
TXN_002455,ACC_0330,ACC_0063,2039.11,2026-02-09 01:37:19.000495
TXN_002715,ACC_0375,ACC_0071,2606.78,2026-02-09 01:41:31.649746
TXN_003499,ACC_0176,ACC_0012,763.36,2026-02-09 01:47:36.883022
TXN_008953,ACC_0040,ACC_0282,3655.21,2026-02-09 01:58:45.643899
TXN_002364,ACC_0119,ACC_0211,2926.89,2026-02-09 01:59:12.451847
TXN_001933,ACC_0196,ACC_0227,3757.4,2026-02-09 02:07:56.957507
TXN_007144,ACC_0019,ACC_0053,952.77,2026-02-09 02:11:36.399865
TXN_003276,ACC_0357,ACC_0007,2906.33,2026-02-09 02:13:37.126257
TXN_003643,ACC_0407,ACC_0341,3168.36,2026-02-09 02:32:55.442241
TXN_006852,ACC_0456,ACC_0234,2088.79,2026-02-09 02:37:16.273247
TXN_003952,ACC_0172,ACC_0240,4964.0,2026-02-09 02:38:38.050664
TXN_008707,ACC_0390,ACC_0394,522.09,2026-02-09 02:40:59.809532
TXN_001299,ACC_0100,ACC_0038,1569.24,2026-02-09 02:51:58.003411
TXN_009442,ACC_0020,ACC_0355,375.36,2026-02-09 02:54:05.714560
TXN_006758,ACC_0398,ACC_0173,4858.66,2026-02-09 02:55:49.899239
TXN_007990,ACC_0248,ACC_0333,1852.37,2026-02-09 02:57:22.190224
TXN_002993,ACC_0065,ACC_0077,1599.76,2026-02-09 03:09:54.164994
TXN_009421,ACC_0263,ACC_0333,3279.95,2026-02-09 03:12:49.053083
TXN_004915,ACC_0351,ACC_0369,3764.69,2026-02-09 03:28:35.543545
TXN_003694,ACC_0057,ACC_0367,2798.96,2026-02-09 03:32:14.602539
TXN_002980,ACC_0042,ACC_0314,4035.13,2026-02-09 03:34:07.667064
TXN_006456,ACC_0209,ACC_0162,1664.08,2026-02-09 03:45:13.236995
TXN_005715,ACC_0348,ACC_0153,2072.84,2026-02-09 03:45:36.558466
TXN_001418,ACC_0272,ACC_0312,4975.74,2026-02-09 03:46:15.629259
TXN_009110,ACC_0341,ACC_0342,4708.25,2026-02-09 03:52:44.340528
TXN_006711,ACC_0461,ACC_0397,2684.97,2026-02-09 03:54:52.895810
TXN_005372,ACC_0042,ACC_0371,4402.78,2026-02-09 04:02:33.586864
TXN_003510,ACC_0462,ACC_0373,2526.64,2026-02-09 04:03:39.629294
TXN_002977,ACC_0181,ACC_0293,3427.82,2026-02-09 04:03:47.082948
TXN_006109,ACC_0378,ACC_0064,2757.16,2026-02-09 04:06:18.366417
TXN_006156,ACC_0146,ACC_0107,3257.01,2026-02-09 04:10:01.818332
TXN_008573,ACC_0153,ACC_0161,2997.13,2026-02-09 04:10:51.270444
TXN_002783,ACC_0402,ACC_0418,2040.84,2026-02-09 04:21:12.848929
TXN_004031,ACC_0060,ACC_0326,4101.62,2026-02-09 04:21:51.862588
TXN_002950,ACC_0135,ACC_0256,4239.17,2026-02-09 04:28:42.184430
TXN_006800,ACC_0325,ACC_0193,1628.86,2026-02-09 04:33:04.611659
TXN_006371,ACC_0242,ACC_0445,4652.69,2026-02-09 04:41:01.815252
TXN_006418,ACC_0003,ACC_0312,1032.81,2026-02-09 04:42:25.351475
TXN_005051,ACC_0436,ACC_0336,2731.96,2026-02-09 04:42:58.569152
TXN_008326,ACC_0420,ACC_0419,3756.09,2026-02-09 04:43:52.005846
TXN_001203,ACC_0162,ACC_0024,2200.87,2026-02-09 04:44:05.400529
TXN_009591,ACC_0348,ACC_0349,907.12,2026-02-09 04:50:26.569460
TXN_004342,ACC_0452,ACC_0231,2511.92,2026-02-09 04:50:56.774811
TXN_003356,ACC_0032,ACC_0233,2210.42,2026-02-09 04:53:08.956265
TXN_005886,ACC_0010,ACC_0250,1783.18,2026-02-09 05:03:05.780961
TXN_007187,ACC_0461,ACC_0177,371.37,2026-02-09 05:04:29.347695
TXN_003161,ACC_0274,ACC_0391,3215.5,2026-02-09 05:05:35.521463
TXN_008143,ACC_0170,ACC_0160,148.27,2026-02-09 05:09:40.346663
TXN_009120,ACC_0011,ACC_0033,3529.41,2026-02-09 05:18:53.578596
TXN_005640,ACC_0330,ACC_0153,4231.28,2026-02-09 05:26:06.612181
TXN_005218,ACC_0080,ACC_0078,1290.56,2026-02-09 05:32:52.663948
TXN_007536,ACC_0101,ACC_0314,2202.5,2026-02-09 05:39:40.165810
TXN_000179,ACC_0064,ACC_0490,4342.33,2026-02-09 05:41:23.942149
TXN_007972,ACC_0303,ACC_0253,3189.1,2026-02-09 05:57:52.433152
TXN_003091,ACC_0103,ACC_0043,2150.19,2026-02-09 05:59:31.510401
TXN_004285,ACC_0133,ACC_0234,4612.65,2026-02-09 06:02:12.302606
TXN_001643,ACC_0443,ACC_0428,2895.08,2026-02-09 06:02:21.332163
TXN_000180,ACC_0490,ACC_0142,4125.22,2026-02-09 06:05:20.228316
TXN_008329,ACC_0462,ACC_0336,463.57,2026-02-09 06:06:06.327585
TXN_007700,ACC_0253,ACC_0177,1224.58,2026-02-09 06:08:13.981587
TXN_001999,ACC_0274,ACC_0023,2740.49,2026-02-09 06:12:37.652034
TXN_008278,ACC_0063,ACC_0272,2058.36,2026-02-09 06:16:12.647742
TXN_009064,ACC_0294,ACC_0295,2992.69,2026-02-09 06:20:38.504758
TXN_002647,ACC_0088,ACC_0164,3056.07,2026-02-09 06:20:46.726012
TXN_005834,ACC_0120,ACC_0190,4283.75,2026-02-09 06:23:49.419077
TXN_009626,ACC_0015,ACC_0126,3587.11,2026-02-09 06:29:27.034165
TXN_006623,ACC_0380,ACC_0178,2164.53,2026-02-09 06:38:10.661180
TXN_002654,ACC_0143,ACC_0393,1087.72,2026-02-09 06:41:50.190502
TXN_005320,ACC_0008,ACC_0354,2072.65,2026-02-09 06:46:12.588337
TXN_009060,ACC_0429,ACC_0172,4263.81,2026-02-09 06:47:47.736348
TXN_009620,ACC_0369,ACC_0027,1647.4,2026-02-09 06:48:20.945401
TXN_008718,ACC_0178,ACC_0366,3005.51,2026-02-09 06:52:52.987891
TXN_000477,ACC_0370,ACC_0168,2042.88,2026-02-09 06:58:52.650302
TXN_004113,ACC_0447,ACC_0465,4018.06,2026-02-09 07:05:46.328729
TXN_001266,ACC_0130,ACC_0099,173.79,2026-02-09 07:09:01.347013
TXN_000910,ACC_0198,ACC_0403,846.59,2026-02-09 07:09:24.567201
TXN_002728,ACC_0366,ACC_0338,4733.34,2026-02-09 07:12:51.934311
TXN_003156,ACC_0413,ACC_0420,1373.27,2026-02-09 07:13:37.112009
TXN_001667,ACC_0151,ACC_0352,2692.88,2026-02-09 07:20:01.877469
TXN_005497,ACC_0451,ACC_0417,2007.46,2026-02-09 07:23:43.433432
TXN_005722,ACC_0249,ACC_0282,2442.2,2026-02-09 07:29:14.917352
TXN_009099,ACC_0048,ACC_0389,4273.22,2026-02-09 07:32:51.000255
TXN_004586,ACC_0027,ACC_0249,1185.15,2026-02-09 07:33:52.242885
TXN_001906,ACC_0131,ACC_0112,4448.04,2026-02-09 07:34:24.230275
TXN_003877,ACC_0390,ACC_0292,3834.62,2026-02-09 07:34:38.400314
TXN_008626,ACC_0241,ACC_0130,4767.26,2026-02-09 07:34:54.671486
TXN_006881,ACC_0177,ACC_0146,1926.78,2026-02-09 07:42:05.992424
TXN_006569,ACC_0401,ACC_0084,3175.45,2026-02-09 07:49:28.449257
TXN_009179,ACC_0280,ACC_0313,2264.14,2026-02-09 07:52:17.409745
TXN_003291,ACC_0288,ACC_0074,491.64,2026-02-09 07:52:39.111151
TXN_001417,ACC_0001,ACC_0409,1662.22,2026-02-09 07:54:49.026261
TXN_007445,ACC_0069,ACC_0057,2288.63,2026-02-09 08:08:54.411463
TXN_008415,ACC_0348,ACC_0143,1171.38,2026-02-09 08:09:16.902924
TXN_001306,ACC_0391,ACC_0136,2051.54,2026-02-09 08:15:19.876368
TXN_000442,ACC_0467,ACC_0252,3928.26,2026-02-09 08:17:18.314621
TXN_000035,ACC_0477,ACC_0478,21482.42,2026-02-09 08:24:43.295096
TXN_000570,ACC_0226,ACC_0007,4446.45,2026-02-09 08:33:39.074615
TXN_009211,ACC_0152,ACC_0162,2893.11,2026-02-09 08:36:50.645952
TXN_006677,ACC_0292,ACC_0125,1596.99,2026-02-09 09:03:00.369928
TXN_001281,ACC_0108,ACC_0456,800.41,2026-02-09 09:05:27.083535
TXN_001905,ACC_0036,ACC_0024,4805.02,2026-02-09 09:13:23.131741
TXN_000761,ACC_0370,ACC_0192,4975.59,2026-02-09 09:14:15.635137
TXN_004889,ACC_0405,ACC_0410,3627.87,2026-02-09 09:16:50.566734
TXN_003158,ACC_0037,ACC_0431,2577.44,2026-02-09 09:22:18.252128
TXN_006522,ACC_0165,ACC_0329,3261.16,2026-02-09 09:25:30.680255
TXN_006424,ACC_0097,ACC_0197,4626.19,2026-02-09 09:26:54.806392
TXN_006851,ACC_0149,ACC_0113,180.16,2026-02-09 09:28:27.983840
TXN_007379,ACC_0080,ACC_0280,3160.0,2026-02-09 09:36:14.587561
TXN_003280,ACC_0196,ACC_0032,4373.31,2026-02-09 09:36:30.532092
TXN_003908,ACC_0437,ACC_0020,1089.27,2026-02-09 09:38:59.690681
TXN_000416,ACC_0184,ACC_0132,2295.09,2026-02-09 09:42:12.973709
TXN_001209,ACC_0448,ACC_0418,4608.0,2026-02-09 09:47:29.975791
TXN_006970,ACC_0444,ACC_0462,1534.55,2026-02-09 09:50:22.689470
TXN_005274,ACC_0039,ACC_0435,3370.97,2026-02-09 09:53:00.089748
TXN_003598,ACC_0282,ACC_0061,2627.16,2026-02-09 10:04:50.972728
TXN_009451,ACC_0396,ACC_0159,2724.83,2026-02-09 10:08:42.814922
TXN_004747,ACC_0440,ACC_0226,3870.72,2026-02-09 10:09:06.592041
TXN_001399,ACC_0217,ACC_0238,906.14,2026-02-09 10:12:15.521999
TXN_006783,ACC_0258,ACC_0040,2093.06,2026-02-09 10:13:07.573795
TXN_003018,ACC_0426,ACC_0136,4103.05,2026-02-09 10:15:01.928550
TXN_006353,ACC_0137,ACC_0361,2095.03,2026-02-09 10:15:04.341483
TXN_003347,ACC_0069,ACC_0433,2111.68,2026-02-09 10:20:48.169477
TXN_000975,ACC_0314,ACC_0226,4660.66,2026-02-09 10:22:04.303737
TXN_002586,ACC_0074,ACC_0241,952.77,2026-02-09 10:29:14.030711
TXN_003432,ACC_0128,ACC_0073,1571.26,2026-02-09 10:30:04.424206
TXN_002554,ACC_0331,ACC_0382,849.36,2026-02-09 10:36:15.037875
TXN_005744,ACC_0286,ACC_0174,1781.27,2026-02-09 10:37:55.400434
TXN_001900,ACC_0467,ACC_0339,411.58,2026-02-09 10:38:58.823511
TXN_000719,ACC_0431,ACC_0133,1219.83,2026-02-09 10:40:13.323551
TXN_004376,ACC_0373,ACC_0281,1181.43,2026-02-09 10:42:17.386203
TXN_002750,ACC_0271,ACC_0259,4696.17,2026-02-09 10:53:32.632070
TXN_004700,ACC_0368,ACC_0063,788.61,2026-02-09 10:54:46.686164
TXN_009172,ACC_0261,ACC_0056,3757.49,2026-02-09 10:59:27.291275
TXN_005493,ACC_0368,ACC_0156,720.46,2026-02-09 11:06:38.923210
TXN_008889,ACC_0308,ACC_0098,3594.77,2026-02-09 11:11:43.730315
TXN_001162,ACC_0112,ACC_0444,2209.91,2026-02-09 11:12:49.843882
TXN_006040,ACC_0137,ACC_0132,4899.84,2026-02-09 11:13:41.677921
TXN_007883,ACC_0171,ACC_0042,3986.6,2026-02-09 11:14:24.598727
TXN_007239,ACC_0147,ACC_0283,4240.5,2026-02-09 11:19:00.978140
TXN_008572,ACC_0264,ACC_0139,1801.53,2026-02-09 11:23:16.942367
TXN_008209,ACC_0452,ACC_0156,3957.28,2026-02-09 11:23:57.795965
TXN_000505,ACC_0247,ACC_0038,3828.35,2026-02-09 11:25:36.598015
TXN_007139,ACC_0334,ACC_0024,712.02,2026-02-09 11:25:37.982677
TXN_004389,ACC_0100,ACC_0386,719.9,2026-02-09 11:26:59.914143
TXN_005128,ACC_0121,ACC_0033,620.0,2026-02-09 11:29:37.166374
TXN_006716,ACC_0070,ACC_0021,245.69,2026-02-09 11:32:59.688270
TXN_001701,ACC_0299,ACC_0220,2972.98,2026-02-09 11:38:35.903281
TXN_006284,ACC_0072,ACC_0140,3056.58,2026-02-09 11:40:07.083362
TXN_003819,ACC_0095,ACC_0229,3299.11,2026-02-09 11:41:54.625213
TXN_005203,ACC_0297,ACC_0123,750.68,2026-02-09 11:42:01.621297
TXN_001642,ACC_0117,ACC_0147,4943.35,2026-02-09 11:43:24.702385
TXN_003225,ACC_0278,ACC_0097,2312.21,2026-02-09 11:53:51.458110
TXN_008285,ACC_0148,ACC_0391,3605.53,2026-02-09 12:02:20.409148
TXN_007886,ACC_0123,ACC_0131,470.31,2026-02-09 12:11:15.826501
TXN_007560,ACC_0390,ACC_0121,1199.0,2026-02-09 12:12:36.027703
TXN_009422,ACC_0200,ACC_0096,3328.17,2026-02-09 12:15:30.064325
TXN_004753,ACC_0074,ACC_0113,4463.93,2026-02-09 12:28:47.501702
TXN_008190,ACC_0426,ACC_0064,1282.96,2026-02-09 12:30:39.963231
TXN_004941,ACC_0177,ACC_0456,4942.75,2026-02-09 12:35:31.147079
TXN_002115,ACC_0375,ACC_0346,2583.53,2026-02-09 12:37:15.614565
TXN_008665,ACC_0173,ACC_0362,3552.14,2026-02-09 12:37:40.419120
TXN_007747,ACC_0289,ACC_0149,3953.37,2026-02-09 12:41:17.566504
TXN_001354,ACC_0325,ACC_0317,4595.63,2026-02-09 12:42:28.683284
TXN_006742,ACC_0129,ACC_0060,2477.8,2026-02-09 12:49:37.628361
TXN_001604,ACC_0314,ACC_0181,4470.85,2026-02-09 12:51:30.358120
TXN_009188,ACC_0060,ACC_0047,4905.15,2026-02-09 12:59:12.183639
TXN_004009,ACC_0075,ACC_0312,1622.18,2026-02-09 13:07:07.116886
TXN_003728,ACC_0065,ACC_0307,4273.76,2026-02-09 13:08:40.786843
TXN_005363,ACC_0366,ACC_0288,878.91,2026-02-09 13:11:33.130669
TXN_007731,ACC_0386,ACC_0466,2711.86,2026-02-09 13:12:02.073437
TXN_009865,ACC_0030,ACC_0353,4530.02,2026-02-09 13:13:35.439610
TXN_005618,ACC_0203,ACC_0422,844.52,2026-02-09 13:14:57.721784
TXN_008342,ACC_0258,ACC_0317,1668.17,2026-02-09 13:20:07.637595
TXN_004528,ACC_0293,ACC_0262,2412.78,2026-02-09 13:35:27.719309
TXN_002981,ACC_0460,ACC_0397,2782.9,2026-02-09 13:39:35.833714
TXN_001911,ACC_0190,ACC_0080,1438.86,2026-02-09 13:39:50.209844
TXN_003612,ACC_0088,ACC_0469,3428.23,2026-02-09 13:40:31.474074
TXN_001658,ACC_0100,ACC_0349,1013.77,2026-02-09 13:47:28.067783
TXN_006890,ACC_0408,ACC_0097,1271.21,2026-02-09 13:52:34.917119
TXN_009733,ACC_0241,ACC_0450,2988.54,2026-02-09 13:56:24.791240
TXN_000413,ACC_0282,ACC_0056,609.23,2026-02-09 14:00:34.138852
TXN_005518,ACC_0178,ACC_0451,2111.87,2026-02-09 14:01:59.503882
TXN_009678,ACC_0151,ACC_0418,4265.64,2026-02-09 14:03:03.429441
TXN_002539,ACC_0351,ACC_0191,3051.1,2026-02-09 14:06:15.461512
TXN_002423,ACC_0328,ACC_0186,2917.13,2026-02-09 14:08:36.269657
TXN_007355,ACC_0094,ACC_0208,1815.34,2026-02-09 14:16:36.176149
TXN_006415,ACC_0291,ACC_0235,1887.55,2026-02-09 14:18:42.250180
TXN_008240,ACC_0081,ACC_0449,2475.49,2026-02-09 14:20:05.230902
TXN_003128,ACC_0429,ACC_0347,1385.4,2026-02-09 14:20:38.274035
TXN_003509,ACC_0130,ACC_0071,656.54,2026-02-09 14:20:56.089087
TXN_005329,ACC_0039,ACC_0233,765.68,2026-02-09 14:23:07.085860
TXN_002687,ACC_0206,ACC_0130,4583.82,2026-02-09 14:23:14.033485
TXN_009881,ACC_0345,ACC_0102,1368.66,2026-02-09 14:25:18.875951
TXN_002375,ACC_0274,ACC_0417,2361.76,2026-02-09 14:30:46.017159
TXN_008601,ACC_0386,ACC_0049,4586.66,2026-02-09 14:32:01.878505
TXN_005938,ACC_0261,ACC_0002,3068.8,2026-02-09 14:34:14.506892
TXN_009137,ACC_0239,ACC_0195,4888.16,2026-02-09 14:35:04.023035
TXN_005787,ACC_0375,ACC_0374,3161.64,2026-02-09 14:42:47.023108
TXN_002316,ACC_0381,ACC_0022,3644.19,2026-02-09 14:47:58.327896
TXN_001297,ACC_0303,ACC_0325,1500.02,2026-02-09 14:49:26.942619
TXN_004444,ACC_0276,ACC_0228,4977.12,2026-02-09 14:55:29.076504
TXN_002954,ACC_0119,ACC_0149,2458.47,2026-02-09 15:00:06.792219
TXN_002702,ACC_0225,ACC_0132,1963.23,2026-02-09 15:06:08.668870
TXN_007296,ACC_0064,ACC_0361,1670.67,2026-02-09 15:12:52.275805
TXN_009652,ACC_0402,ACC_0184,2164.15,2026-02-09 15:30:27.745047
TXN_000175,ACC_0350,ACC_0489,3568.54,2026-02-09 15:31:45.234755
TXN_009199,ACC_0391,ACC_0056,2499.45,2026-02-09 15:39:24.286826
TXN_005242,ACC_0428,ACC_0232,2714.57,2026-02-09 15:43:06.386587
TXN_008833,ACC_0115,ACC_0187,174.12,2026-02-09 15:46:14.945963
TXN_009235,ACC_0278,ACC_0296,1653.24,2026-02-09 15:47:50.759947
TXN_003355,ACC_0196,ACC_0449,3706.61,2026-02-09 16:01:47.471774
TXN_005483,ACC_0195,ACC_0167,4240.09,2026-02-09 16:02:58.825972
TXN_008828,ACC_0295,ACC_0287,2403.7,2026-02-09 16:12:38.492883
TXN_004206,ACC_0207,ACC_0392,2265.88,2026-02-09 16:12:58.467795
TXN_000176,ACC_0489,ACC_0061,3390.12,2026-02-09 16:13:48.143740
TXN_001974,ACC_0073,ACC_0064,4682.26,2026-02-09 16:20:47.439150
TXN_009228,ACC_0110,ACC_0073,4975.61,2026-02-09 16:22:19.858637
TXN_005918,ACC_0038,ACC_0370,551.93,2026-02-09 16:23:38.296296
TXN_006862,ACC_0010,ACC_0401,4774.97,2026-02-09 16:25:44.537980
TXN_007270,ACC_0276,ACC_0052,4595.54,2026-02-09 16:29:01.212589
TXN_007679,ACC_0298,ACC_0311,2325.47,2026-02-09 16:35:15.360037
TXN_009734,ACC_0192,ACC_0107,4391.78,2026-02-09 16:37:28.284038
TXN_007101,ACC_0364,ACC_0420,1793.09,2026-02-09 16:38:51.035315
TXN_000225,ACC_0116,ACC_0492,10045.86,2026-02-09 16:38:59.701689
TXN_001560,ACC_0029,ACC_0437,351.85,2026-02-09 16:58:20.926189
TXN_002264,ACC_0451,ACC_0170,1987.4,2026-02-09 16:58:28.210311
TXN_006807,ACC_0420,ACC_0459,4760.64,2026-02-09 16:58:37.850196
TXN_007704,ACC_0110,ACC_0470,2195.93,2026-02-09 17:05:45.978641
TXN_006345,ACC_0267,ACC_0169,870.19,2026-02-09 17:09:32.867708
TXN_008557,ACC_0088,ACC_0385,1034.43,2026-02-09 17:26:39.002763
TXN_008957,ACC_0347,ACC_0314,3990.0,2026-02-09 17:27:08.464430
TXN_003068,ACC_0256,ACC_0155,922.64,2026-02-09 17:30:02.208216
TXN_000226,ACC_0492,ACC_0357,9543.57,2026-02-09 17:40:54.826805
TXN_004992,ACC_0306,ACC_0237,4445.43,2026-02-09 17:47:11.370067
TXN_007425,ACC_0136,ACC_0255,4128.67,2026-02-09 17:47:58.586133
TXN_008891,ACC_0338,ACC_0358,4031.72,2026-02-09 17:48:37.275159
TXN_000865,ACC_0007,ACC_0442,4133.06,2026-02-09 17:52:52.638917
TXN_000851,ACC_0430,ACC_0363,4459.6,2026-02-09 17:56:24.432991
TXN_006982,ACC_0170,ACC_0136,1510.18,2026-02-09 17:59:19.281888
TXN_000430,ACC_0186,ACC_0188,2858.88,2026-02-09 18:02:18.692784
TXN_003622,ACC_0356,ACC_0401,2888.71,2026-02-09 18:02:48.069330
TXN_004238,ACC_0005,ACC_0161,3498.02,2026-02-09 18:06:13.833527
TXN_001401,ACC_0288,ACC_0101,2267.92,2026-02-09 18:10:04.429441
TXN_000217,ACC_0410,ACC_0491,10117.72,2026-02-09 18:11:15.425653
TXN_007777,ACC_0031,ACC_0410,2860.25,2026-02-09 18:16:23.977090
TXN_004094,ACC_0034,ACC_0128,171.57,2026-02-09 18:16:35.949748
TXN_007428,ACC_0227,ACC_0009,4667.7,2026-02-09 18:27:18.009036
TXN_007882,ACC_0142,ACC_0425,116.77,2026-02-09 18:30:16.412759
TXN_003793,ACC_0345,ACC_0427,4198.31,2026-02-09 18:31:51.709875
TXN_006954,ACC_0445,ACC_0387,2627.95,2026-02-09 18:43:57.091018
TXN_008182,ACC_0411,ACC_0161,1822.82,2026-02-09 18:44:31.663952
TXN_003427,ACC_0380,ACC_0362,4923.61,2026-02-09 18:46:10.160112
TXN_005558,ACC_0435,ACC_0267,4460.3,2026-02-09 18:46:16.968042
TXN_002100,ACC_0110,ACC_0285,2055.81,2026-02-09 18:51:14.419737
TXN_004978,ACC_0190,ACC_0131,635.77,2026-02-09 18:51:53.349658
TXN_005288,ACC_0271,ACC_0452,4954.69,2026-02-09 18:52:16.084413
TXN_003380,ACC_0333,ACC_0413,244.64,2026-02-09 18:53:32.254473
TXN_008996,ACC_0008,ACC_0185,4638.04,2026-02-09 18:58:51.977506
TXN_005633,ACC_0192,ACC_0168,2572.72,2026-02-09 19:02:56.168329
TXN_006993,ACC_0135,ACC_0227,2554.21,2026-02-09 19:08:19.610553
TXN_009625,ACC_0327,ACC_0405,4781.88,2026-02-09 19:12:22.011845
TXN_009875,ACC_0056,ACC_0338,4503.94,2026-02-09 19:15:20.138119
TXN_007535,ACC_0427,ACC_0457,2698.35,2026-02-09 19:15:33.608913
TXN_004247,ACC_0343,ACC_0132,2116.21,2026-02-09 19:18:14.983374
TXN_004950,ACC_0206,ACC_0337,2352.49,2026-02-09 19:29:06.565691
TXN_000218,ACC_0491,ACC_0201,9611.83,2026-02-09 19:34:28.685393
TXN_001166,ACC_0032,ACC_0279,3830.63,2026-02-09 19:39:23.041450
TXN_001941,ACC_0417,ACC_0387,3376.71,2026-02-09 19:46:39.622862
TXN_001869,ACC_0327,ACC_0061,4961.46,2026-02-09 19:47:45.880808
TXN_007084,ACC_0100,ACC_0009,1578.59,2026-02-09 19:49:16.510657
TXN_001721,ACC_0138,ACC_0185,4207.54,2026-02-09 19:52:38.868310
TXN_004532,ACC_0435,ACC_0365,1256.0,2026-02-09 19:53:16.709711
TXN_000802,ACC_0072,ACC_0238,3831.38,2026-02-09 20:00:11.724683
TXN_005874,ACC_0340,ACC_0053,3374.62,2026-02-09 20:00:52.414271
TXN_009417,ACC_0458,ACC_0421,400.98,2026-02-09 20:10:31.371771
TXN_006875,ACC_0404,ACC_0305,1486.68,2026-02-09 20:16:21.729903
TXN_007308,ACC_0169,ACC_0318,4456.85,2026-02-09 20:20:17.726385
TXN_000451,ACC_0267,ACC_0182,1269.81,2026-02-09 20:23:57.322161
TXN_003260,ACC_0079,ACC_0007,3390.87,2026-02-09 20:27:02.136096
TXN_002961,ACC_0023,ACC_0160,1272.0,2026-02-09 20:33:17.143825
TXN_009231,ACC_0430,ACC_0200,2993.24,2026-02-09 20:34:35.756301
TXN_007357,ACC_0040,ACC_0187,245.76,2026-02-09 20:34:46.695172
TXN_003147,ACC_0181,ACC_0360,1533.34,2026-02-09 20:35:35.650453
TXN_005999,ACC_0320,ACC_0259,4791.39,2026-02-09 20:37:46.096911
TXN_004071,ACC_0303,ACC_0002,3487.35,2026-02-09 20:45:32.913933
TXN_009582,ACC_0293,ACC_0313,4613.62,2026-02-09 20:52:06.469306
TXN_001554,ACC_0191,ACC_0343,3074.06,2026-02-09 20:52:47.647246
TXN_001419,ACC_0248,ACC_0073,506.37,2026-02-09 20:55:35.930326
TXN_001457,ACC_0213,ACC_0018,2699.24,2026-02-09 20:56:36.981400
TXN_005118,ACC_0170,ACC_0194,1033.83,2026-02-09 20:59:39.076275
TXN_000137,ACC_0019,ACC_0487,11166.34,2026-02-09 21:03:08.835886
TXN_000740,ACC_0136,ACC_0262,4790.15,2026-02-09 21:05:39.503047
TXN_004344,ACC_0326,ACC_0003,4770.88,2026-02-09 21:06:48.901088
TXN_000953,ACC_0084,ACC_0025,4174.34,2026-02-09 21:09:16.441193
TXN_003002,ACC_0018,ACC_0007,1217.48,2026-02-09 21:10:30.599414
TXN_004788,ACC_0365,ACC_0037,4900.42,2026-02-09 21:15:34.966072
TXN_007171,ACC_0273,ACC_0090,3730.98,2026-02-09 21:18:05.523493
TXN_003060,ACC_0040,ACC_0107,1601.58,2026-02-09 21:21:40.990361
TXN_003175,ACC_0383,ACC_0099,3051.27,2026-02-09 21:21:58.436082
TXN_008848,ACC_0416,ACC_0182,3432.24,2026-02-09 21:29:19.818271
TXN_001015,ACC_0425,ACC_0159,3765.9,2026-02-09 21:36:14.524051
TXN_001056,ACC_0323,ACC_0296,732.51,2026-02-09 21:36:37.117476
TXN_008430,ACC_0084,ACC_0460,1749.39,2026-02-09 21:38:49.593655
TXN_005892,ACC_0217,ACC_0264,2400.7,2026-02-09 21:45:37.029873
TXN_004688,ACC_0377,ACC_0009,125.19,2026-02-09 21:47:43.693720
TXN_009338,ACC_0034,ACC_0368,1445.78,2026-02-09 21:51:21.515601
TXN_002624,ACC_0021,ACC_0244,2031.93,2026-02-09 22:01:09.401148
TXN_006627,ACC_0026,ACC_0311,3969.48,2026-02-09 22:10:07.751908
TXN_002460,ACC_0214,ACC_0208,2023.52,2026-02-09 22:20:47.347871
TXN_000138,ACC_0487,ACC_0382,10608.02,2026-02-09 22:21:35.228527
TXN_003826,ACC_0043,ACC_0340,4594.07,2026-02-09 22:22:07.423279
TXN_004488,ACC_0445,ACC_0458,124.06,2026-02-09 22:23:12.432800
TXN_005184,ACC_0093,ACC_0364,1345.11,2026-02-09 22:34:29.323925
TXN_007500,ACC_0154,ACC_0388,379.77,2026-02-09 22:35:47.755477
TXN_001022,ACC_0229,ACC_0411,3548.13,2026-02-09 22:37:06.453977
TXN_007572,ACC_0117,ACC_0449,4927.06,2026-02-09 22:37:29.366726
TXN_004594,ACC_0216,ACC_0052,2584.07,2026-02-09 22:45:24.630422
TXN_001060,ACC_0409,ACC_0469,3092.16,2026-02-09 22:46:05.520071
TXN_001507,ACC_0061,ACC_0194,2314.74,2026-02-09 22:53:23.608310
TXN_007849,ACC_0075,ACC_0424,338.58,2026-02-09 22:57:19.639010
TXN_009788,ACC_0314,ACC_0247,4295.27,2026-02-09 22:59:51.119149
TXN_005484,ACC_0197,ACC_0382,4152.48,2026-02-09 23:03:46.352615
TXN_005697,ACC_0092,ACC_0086,2882.8,2026-02-09 23:08:13.717851
TXN_002860,ACC_0185,ACC_0320,2722.66,2026-02-09 23:08:33.912871
TXN_008741,ACC_0076,ACC_0298,1702.2,2026-02-09 23:08:57.499859
TXN_003401,ACC_0362,ACC_0008,4956.58,2026-02-09 23:16:55.722069
TXN_008769,ACC_0177,ACC_0456,4717.02,2026-02-09 23:24:52.902026
TXN_002965,ACC_0055,ACC_0034,3944.23,2026-02-09 23:31:12.527276
TXN_008126,ACC_0089,ACC_0009,4854.25,2026-02-09 23:35:55.652082
TXN_009306,ACC_0355,ACC_0087,3425.91,2026-02-09 23:40:52.519910
TXN_000956,ACC_0299,ACC_0052,4492.9,2026-02-09 23:43:56.162811
TXN_004277,ACC_0195,ACC_0197,4849.15,2026-02-09 23:53:43.146046
TXN_008628,ACC_0190,ACC_0377,3658.01,2026-02-10 00:03:17.335670
TXN_009888,ACC_0414,ACC_0222,3394.64,2026-02-10 00:07:49.658042
TXN_009140,ACC_0395,ACC_0079,644.89,2026-02-10 00:10:15.667270
TXN_005044,ACC_0027,ACC_0001,1827.87,2026-02-10 00:15:06.950299
TXN_002210,ACC_0115,ACC_0302,576.98,2026-02-10 00:21:10.768304
TXN_006708,ACC_0114,ACC_0305,661.37,2026-02-10 00:21:52.676043
TXN_001899,ACC_0058,ACC_0219,1885.04,2026-02-10 00:22:11.834859
TXN_007769,ACC_0458,ACC_0128,816.95,2026-02-10 00:31:57.709545
TXN_003398,ACC_0128,ACC_0355,4389.49,2026-02-10 00:45:58.256493
TXN_001144,ACC_0255,ACC_0422,2256.61,2026-02-10 00:48:26.635195
TXN_005531,ACC_0273,ACC_0320,4202.87,2026-02-10 00:54:31.217438
TXN_008261,ACC_0225,ACC_0091,2230.96,2026-02-10 00:56:22.818497
TXN_005334,ACC_0411,ACC_0451,2350.17,2026-02-10 00:56:50.847937
TXN_000414,ACC_0454,ACC_0272,3933.29,2026-02-10 00:57:24.145844
TXN_007634,ACC_0092,ACC_0232,606.25,2026-02-10 01:09:15.542342
TXN_009484,ACC_0259,ACC_0030,2767.34,2026-02-10 01:11:43.769074
TXN_001073,ACC_0401,ACC_0109,1596.7,2026-02-10 01:14:40.219846
TXN_007541,ACC_0402,ACC_0466,1754.93,2026-02-10 01:15:11.589724
TXN_006143,ACC_0191,ACC_0453,810.06,2026-02-10 01:16:33.620491
TXN_008624,ACC_0300,ACC_0032,2414.69,2026-02-10 01:17:00.429496
TXN_000257,ACC_0130,ACC_0494,8837.24,2026-02-10 01:17:35.843556
TXN_003096,ACC_0162,ACC_0451,1116.28,2026-02-10 01:28:03.797005
TXN_003684,ACC_0077,ACC_0060,1247.61,2026-02-10 01:33:30.814500
TXN_003885,ACC_0028,ACC_0216,3040.98,2026-02-10 01:35:54.408992
TXN_001348,ACC_0085,ACC_0327,2169.84,2026-02-10 01:42:46.167156
TXN_005317,ACC_0427,ACC_0174,1657.0,2026-02-10 01:43:15.298409
TXN_004263,ACC_0331,ACC_0123,4431.85,2026-02-10 01:44:58.906192
TXN_000258,ACC_0494,ACC_0461,8395.37,2026-02-10 01:46:21.463849
TXN_002573,ACC_0241,ACC_0414,2754.29,2026-02-10 01:48:37.704064
TXN_003823,ACC_0133,ACC_0439,3479.84,2026-02-10 01:59:34.514866
TXN_002200,ACC_0173,ACC_0087,3047.59,2026-02-10 02:00:33.078832
TXN_004542,ACC_0039,ACC_0358,2819.57,2026-02-10 02:02:28.325164
TXN_001774,ACC_0092,ACC_0178,4474.06,2026-02-10 02:03:06.795989
TXN_004740,ACC_0334,ACC_0385,1090.67,2026-02-10 02:12:05.004231
TXN_004310,ACC_0064,ACC_0315,2053.7,2026-02-10 02:13:21.215567
TXN_006589,ACC_0011,ACC_0023,2064.94,2026-02-10 02:17:40.767949
TXN_006572,ACC_0326,ACC_0278,1916.78,2026-02-10 02:19:50.357095
TXN_004465,ACC_0389,ACC_0270,4209.79,2026-02-10 02:31:56.521729
TXN_005818,ACC_0310,ACC_0448,1019.36,2026-02-10 02:32:26.254150
TXN_008564,ACC_0419,ACC_0102,978.45,2026-02-10 02:44:39.469368
TXN_003866,ACC_0201,ACC_0061,4091.51,2026-02-10 02:46:17.121432
TXN_000021,ACC_0485,ACC_0481,10308.97,2026-02-10 02:50:58.695749
TXN_009761,ACC_0249,ACC_0248,1467.25,2026-02-10 02:51:08.948186
TXN_009400,ACC_0310,ACC_0313,515.05,2026-02-10 02:54:55.940520
TXN_005526,ACC_0388,ACC_0360,250.95,2026-02-10 02:59:11.977000
TXN_007577,ACC_0256,ACC_0162,2464.22,2026-02-10 03:01:24.686195
TXN_007737,ACC_0124,ACC_0297,4812.32,2026-02-10 03:05:17.819526
TXN_001177,ACC_0363,ACC_0294,3099.51,2026-02-10 03:05:31.106198
TXN_001045,ACC_0364,ACC_0050,946.56,2026-02-10 03:11:10.075812
TXN_002262,ACC_0006,ACC_0448,3131.86,2026-02-10 03:22:35.633819
TXN_006163,ACC_0304,ACC_0109,1940.67,2026-02-10 03:29:47.014315
TXN_003104,ACC_0307,ACC_0422,3600.49,2026-02-10 03:33:34.676693
TXN_001783,ACC_0017,ACC_0438,3694.31,2026-02-10 03:36:19.065642
TXN_002288,ACC_0097,ACC_0321,4353.18,2026-02-10 03:37:39.546436
TXN_001664,ACC_0193,ACC_0226,4607.53,2026-02-10 03:42:11.828595
TXN_000195,ACC_0135,ACC_0490,11133.72,2026-02-10 03:43:10.394607
TXN_006123,ACC_0349,ACC_0075,4040.76,2026-02-10 03:43:45.076332
TXN_003979,ACC_0141,ACC_0022,1896.99,2026-02-10 03:45:21.586180
TXN_005000,ACC_0244,ACC_0285,4412.16,2026-02-10 03:49:30.356821
TXN_009675,ACC_0178,ACC_0197,797.35,2026-02-10 03:50:12.587512
TXN_008610,ACC_0108,ACC_0449,3908.12,2026-02-10 04:00:05.115202
TXN_009798,ACC_0312,ACC_0244,4051.59,2026-02-10 04:03:35.162833
TXN_008715,ACC_0213,ACC_0048,1091.89,2026-02-10 04:06:10.807857
TXN_003025,ACC_0095,ACC_0432,3151.84,2026-02-10 04:06:38.812692
TXN_003492,ACC_0229,ACC_0251,2526.16,2026-02-10 04:09:08.262588
TXN_007571,ACC_0136,ACC_0162,4327.2,2026-02-10 04:09:47.219130
TXN_002469,ACC_0004,ACC_0076,4459.29,2026-02-10 04:13:48.635552
TXN_005136,ACC_0294,ACC_0180,4551.73,2026-02-10 04:15:51.969105
TXN_002410,ACC_0104,ACC_0137,3920.35,2026-02-10 04:16:02.572733
TXN_000529,ACC_0065,ACC_0246,345.17,2026-02-10 04:27:51.875297
TXN_009165,ACC_0356,ACC_0261,1899.97,2026-02-10 04:28:51.586475
TXN_001806,ACC_0394,ACC_0191,2315.04,2026-02-10 04:38:07.944138
TXN_009192,ACC_0371,ACC_0010,2079.81,2026-02-10 04:40:04.697754
TXN_000196,ACC_0490,ACC_0031,10577.04,2026-02-10 04:40:43.951870
TXN_000271,ACC_0241,ACC_0494,10867.99,2026-02-10 04:46:34.082656
TXN_006331,ACC_0202,ACC_0017,3029.38,2026-02-10 04:53:13.189911
TXN_002234,ACC_0264,ACC_0154,300.19,2026-02-10 04:53:57.863924
TXN_004890,ACC_0082,ACC_0266,3696.45,2026-02-10 04:55:31.612979
TXN_002065,ACC_0045,ACC_0168,1443.37,2026-02-10 04:58:27.226383
TXN_005385,ACC_0289,ACC_0223,556.75,2026-02-10 05:05:54.553555
TXN_002351,ACC_0187,ACC_0394,2817.28,2026-02-10 05:12:37.249140
TXN_003822,ACC_0348,ACC_0174,1388.34,2026-02-10 05:15:11.710009
TXN_000482,ACC_0158,ACC_0431,1593.44,2026-02-10 05:16:49.325809
TXN_008185,ACC_0428,ACC_0015,4104.32,2026-02-10 05:16:55.187545
TXN_000272,ACC_0494,ACC_0259,10324.59,2026-02-10 05:20:19.385453
TXN_005402,ACC_0327,ACC_0151,2309.24,2026-02-10 05:25:49.450439
TXN_007945,ACC_0346,ACC_0396,607.95,2026-02-10 05:26:19.147477
TXN_000908,ACC_0088,ACC_0330,1352.83,2026-02-10 05:33:47.155615
TXN_004354,ACC_0197,ACC_0142,4307.57,2026-02-10 05:39:18.015461
TXN_008058,ACC_0437,ACC_0404,1878.63,2026-02-10 05:42:19.626729
TXN_009512,ACC_0043,ACC_0165,4147.21,2026-02-10 05:44:50.345775
TXN_007773,ACC_0108,ACC_0029,1522.18,2026-02-10 05:44:53.735276
TXN_006223,ACC_0192,ACC_0288,4352.81,2026-02-10 05:59:34.751543
TXN_002184,ACC_0465,ACC_0449,4432.1,2026-02-10 06:01:01.831867
TXN_005883,ACC_0363,ACC_0131,3636.85,2026-02-10 06:03:03.814747
TXN_006384,ACC_0215,ACC_0156,4992.68,2026-02-10 06:09:30.795911
TXN_000950,ACC_0365,ACC_0240,3310.37,2026-02-10 06:20:24.692045
TXN_001434,ACC_0290,ACC_0324,3392.86,2026-02-10 06:20:26.609804
TXN_006749,ACC_0403,ACC_0039,1017.34,2026-02-10 06:23:17.275411
TXN_007340,ACC_0341,ACC_0442,3663.34,2026-02-10 06:23:20.599044
TXN_009178,ACC_0385,ACC_0296,2410.25,2026-02-10 06:25:48.908407
TXN_003362,ACC_0124,ACC_0320,3069.93,2026-02-10 06:33:46.996594
TXN_003328,ACC_0279,ACC_0387,362.69,2026-02-10 06:35:40.341203
TXN_000631,ACC_0037,ACC_0447,2834.36,2026-02-10 06:43:04.257398
TXN_004035,ACC_0381,ACC_0349,3915.44,2026-02-10 06:45:54.042708
TXN_005822,ACC_0235,ACC_0003,1230.58,2026-02-10 06:48:15.195518
TXN_008900,ACC_0184,ACC_0131,862.43,2026-02-10 06:48:47.355791
TXN_007767,ACC_0331,ACC_0319,2504.6,2026-02-10 06:50:44.896885
TXN_000818,ACC_0332,ACC_0021,4993.93,2026-02-10 06:51:58.018507
TXN_001559,ACC_0062,ACC_0136,4462.58,2026-02-10 06:59:35.157263
TXN_002159,ACC_0362,ACC_0432,3426.01,2026-02-10 07:14:49.617149
TXN_007153,ACC_0257,ACC_0161,726.36,2026-02-10 07:20:08.934943
TXN_007058,ACC_0249,ACC_0392,3753.82,2026-02-10 07:25:34.874948
TXN_007022,ACC_0050,ACC_0195,3027.76,2026-02-10 07:26:34.441532
TXN_009298,ACC_0429,ACC_0255,340.87,2026-02-10 07:36:23.215016
TXN_007532,ACC_0055,ACC_0043,4613.67,2026-02-10 07:41:35.443462
TXN_006675,ACC_0207,ACC_0073,4248.83,2026-02-10 07:43:01.828099
TXN_007802,ACC_0442,ACC_0087,1556.66,2026-02-10 07:50:49.883074
TXN_008749,ACC_0051,ACC_0089,3077.34,2026-02-10 08:02:26.322913
TXN_000913,ACC_0131,ACC_0322,1640.9,2026-02-10 08:05:37.605127
TXN_005166,ACC_0288,ACC_0384,3065.67,2026-02-10 08:10:02.453079
TXN_004776,ACC_0204,ACC_0164,3834.6,2026-02-10 08:12:49.117043
TXN_004832,ACC_0222,ACC_0031,3814.65,2026-02-10 08:13:18.020234
TXN_002656,ACC_0225,ACC_0325,3451.54,2026-02-10 08:21:18.221687
TXN_003015,ACC_0104,ACC_0077,389.92,2026-02-10 08:22:00.036864
TXN_005777,ACC_0282,ACC_0456,4987.17,2026-02-10 08:22:46.110896
TXN_004057,ACC_0222,ACC_0329,2188.12,2026-02-10 08:31:58.721621
TXN_007558,ACC_0146,ACC_0150,362.84,2026-02-10 08:33:55.651847
TXN_009280,ACC_0368,ACC_0218,4993.79,2026-02-10 08:45:21.764020
TXN_003245,ACC_0363,ACC_0203,1932.11,2026-02-10 08:49:00.213865
TXN_008309,ACC_0315,ACC_0267,1700.78,2026-02-10 08:59:28.612120
TXN_002670,ACC_0222,ACC_0112,1647.8,2026-02-10 09:01:06.477700
TXN_007439,ACC_0465,ACC_0036,4330.12,2026-02-10 09:01:14.865551
TXN_001372,ACC_0242,ACC_0145,2023.6,2026-02-10 09:02:36.607887
TXN_001326,ACC_0076,ACC_0465,2082.74,2026-02-10 09:04:51.377751
TXN_005289,ACC_0402,ACC_0069,2497.88,2026-02-10 09:09:23.114230
TXN_005277,ACC_0042,ACC_0028,3859.01,2026-02-10 09:17:54.265542
TXN_001491,ACC_0206,ACC_0313,186.22,2026-02-10 09:18:25.803995
TXN_008421,ACC_0171,ACC_0082,332.59,2026-02-10 09:20:15.982152
TXN_008493,ACC_0281,ACC_0025,4445.26,2026-02-10 09:33:58.875042
TXN_004767,ACC_0149,ACC_0422,2926.95,2026-02-10 09:40:08.697305
TXN_004907,ACC_0219,ACC_0283,4832.09,2026-02-10 09:42:27.448277
TXN_003219,ACC_0200,ACC_0030,1181.54,2026-02-10 09:46:24.176561
TXN_009878,ACC_0037,ACC_0061,755.22,2026-02-10 09:52:47.835921
TXN_007989,ACC_0403,ACC_0411,515.87,2026-02-10 09:55:04.469057
TXN_002134,ACC_0309,ACC_0156,3701.71,2026-02-10 10:02:54.828185
TXN_004635,ACC_0455,ACC_0350,1111.65,2026-02-10 10:06:58.115257
TXN_003528,ACC_0189,ACC_0404,3405.93,2026-02-10 10:09:31.307027
TXN_004933,ACC_0250,ACC_0191,1526.35,2026-02-10 10:10:43.962399
TXN_004235,ACC_0214,ACC_0281,3563.63,2026-02-10 10:11:30.888706
TXN_008313,ACC_0432,ACC_0031,579.26,2026-02-10 10:13:14.080202
TXN_004047,ACC_0190,ACC_0006,2242.88,2026-02-10 10:13:36.254864
TXN_008230,ACC_0289,ACC_0464,1352.67,2026-02-10 10:15:00.361861
TXN_005125,ACC_0139,ACC_0248,3799.52,2026-02-10 10:15:54.383873
TXN_003715,ACC_0127,ACC_0294,4431.99,2026-02-10 10:23:23.928392
TXN_003639,ACC_0206,ACC_0065,4617.58,2026-02-10 10:25:36.454935
TXN_005866,ACC_0162,ACC_0425,2690.46,2026-02-10 10:36:54.598577
TXN_009283,ACC_0172,ACC_0013,2751.05,2026-02-10 10:42:28.018445
TXN_007458,ACC_0042,ACC_0098,3058.59,2026-02-10 10:43:53.210568
TXN_005167,ACC_0375,ACC_0326,3017.02,2026-02-10 10:50:48.432124
TXN_009212,ACC_0273,ACC_0399,1506.37,2026-02-10 10:57:33.149683
TXN_008100,ACC_0416,ACC_0425,2314.11,2026-02-10 10:57:36.003112
TXN_007653,ACC_0180,ACC_0372,3137.18,2026-02-10 10:58:23.777753
TXN_002108,ACC_0264,ACC_0304,469.32,2026-02-10 11:03:38.805980
TXN_005300,ACC_0451,ACC_0104,1929.3,2026-02-10 11:04:37.642944
TXN_006563,ACC_0397,ACC_0272,2931.2,2026-02-10 11:08:43.638109
TXN_005563,ACC_0194,ACC_0362,2049.19,2026-02-10 11:09:04.637661
TXN_005881,ACC_0280,ACC_0231,2314.78,2026-02-10 11:11:21.280369
TXN_009383,ACC_0239,ACC_0169,2369.38,2026-02-10 11:14:55.786465
TXN_005258,ACC_0115,ACC_0465,3822.09,2026-02-10 11:19:12.896615
TXN_008877,ACC_0128,ACC_0448,1388.74,2026-02-10 11:19:35.046505
TXN_008273,ACC_0408,ACC_0347,3503.41,2026-02-10 11:20:24.100962
TXN_009800,ACC_0013,ACC_0423,955.13,2026-02-10 11:23:25.449553
TXN_005053,ACC_0238,ACC_0450,738.39,2026-02-10 11:23:46.155102
TXN_002236,ACC_0222,ACC_0116,3853.12,2026-02-10 11:25:15.753071
TXN_007873,ACC_0374,ACC_0426,3303.57,2026-02-10 11:30:43.480136
TXN_005142,ACC_0174,ACC_0302,1985.93,2026-02-10 11:40:32.459047
TXN_000526,ACC_0087,ACC_0003,2891.12,2026-02-10 11:43:37.687493
TXN_006722,ACC_0118,ACC_0447,2131.86,2026-02-10 11:44:12.369170
TXN_008148,ACC_0028,ACC_0362,620.08,2026-02-10 11:46:48.644257
TXN_006743,ACC_0469,ACC_0402,4134.83,2026-02-10 11:47:09.488944
TXN_007857,ACC_0217,ACC_0437,2033.18,2026-02-10 11:52:15.305054
TXN_007019,ACC_0189,ACC_0454,1032.49,2026-02-10 11:55:40.829889
TXN_004312,ACC_0176,ACC_0297,4518.86,2026-02-10 11:58:14.537010
TXN_005014,ACC_0104,ACC_0017,4649.38,2026-02-10 12:06:49.108165
TXN_009073,ACC_0218,ACC_0228,2435.22,2026-02-10 12:07:38.612752
TXN_001623,ACC_0409,ACC_0351,4017.36,2026-02-10 12:10:49.527886
TXN_001242,ACC_0342,ACC_0153,3020.8,2026-02-10 12:12:13.981389
TXN_001239,ACC_0137,ACC_0339,453.36,2026-02-10 12:22:56.302156
TXN_002985,ACC_0015,ACC_0312,3986.61,2026-02-10 12:24:36.914992
TXN_007930,ACC_0146,ACC_0326,3582.03,2026-02-10 12:24:59.944955
TXN_008896,ACC_0378,ACC_0350,3476.45,2026-02-10 12:27:33.675247
TXN_001143,ACC_0024,ACC_0203,2068.52,2026-02-10 12:41:59.348785
TXN_002407,ACC_0126,ACC_0251,4085.23,2026-02-10 12:53:51.800212
TXN_004454,ACC_0257,ACC_0122,2116.85,2026-02-10 13:02:10.151553
TXN_000433,ACC_0396,ACC_0410,4876.04,2026-02-10 13:04:09.032401
TXN_005390,ACC_0348,ACC_0052,287.99,2026-02-10 13:08:43.038671
TXN_007062,ACC_0106,ACC_0005,2994.6,2026-02-10 13:11:38.507881
TXN_001286,ACC_0463,ACC_0331,3769.93,2026-02-10 13:17:50.634332
TXN_008297,ACC_0200,ACC_0428,508.92,2026-02-10 13:28:41.037584
TXN_006467,ACC_0180,ACC_0165,3594.64,2026-02-10 13:28:55.044107
TXN_006283,ACC_0087,ACC_0254,3537.17,2026-02-10 13:38:40.045112
TXN_000289,ACC_0335,ACC_0495,12556.34,2026-02-10 13:42:38.206283
TXN_007473,ACC_0033,ACC_0024,3038.74,2026-02-10 13:52:56.263668
TXN_002028,ACC_0260,ACC_0436,3840.92,2026-02-10 13:53:10.473726
TXN_006770,ACC_0049,ACC_0208,4722.87,2026-02-10 13:54:46.208159
TXN_004802,ACC_0249,ACC_0064,272.01,2026-02-10 13:56:55.854880
TXN_001350,ACC_0169,ACC_0199,2099.91,2026-02-10 14:04:58.535244
TXN_003862,ACC_0197,ACC_0140,1732.38,2026-02-10 14:06:21.204287
TXN_008870,ACC_0019,ACC_0118,709.55,2026-02-10 14:07:25.599805
TXN_002361,ACC_0324,ACC_0134,1983.12,2026-02-10 14:31:28.771337
TXN_003963,ACC_0093,ACC_0300,2047.63,2026-02-10 14:34:51.084673
TXN_008310,ACC_0029,ACC_0107,4931.2,2026-02-10 14:43:33.332537
TXN_009349,ACC_0119,ACC_0434,4588.12,2026-02-10 14:57:38.235578
TXN_008551,ACC_0274,ACC_0346,1341.1,2026-02-10 15:01:52.966412
TXN_007257,ACC_0042,ACC_0300,2425.94,2026-02-10 15:02:56.276908
TXN_009266,ACC_0253,ACC_0387,1031.6,2026-02-10 15:05:04.159091
TXN_004560,ACC_0330,ACC_0323,306.65,2026-02-10 15:05:43.135070
TXN_006430,ACC_0131,ACC_0440,1589.35,2026-02-10 15:07:11.417159
TXN_000290,ACC_0495,ACC_0118,11928.52,2026-02-10 15:07:34.070431
TXN_008774,ACC_0342,ACC_0120,451.17,2026-02-10 15:12:38.263366
TXN_004477,ACC_0366,ACC_0087,1507.68,2026-02-10 15:14:00.170993
TXN_003349,ACC_0156,ACC_0335,1723.5,2026-02-10 15:16:22.382518
TXN_007076,ACC_0380,ACC_0153,1160.33,2026-02-10 15:17:22.373536
TXN_006383,ACC_0432,ACC_0179,2538.81,2026-02-10 15:20:18.922912
TXN_005783,ACC_0207,ACC_0202,1829.94,2026-02-10 15:22:57.385170
TXN_003821,ACC_0272,ACC_0157,3308.87,2026-02-10 15:25:57.102811
TXN_004119,ACC_0184,ACC_0447,1377.24,2026-02-10 15:26:27.249772
TXN_001808,ACC_0121,ACC_0398,1304.93,2026-02-10 15:29:03.252302
TXN_006787,ACC_0239,ACC_0106,1681.06,2026-02-10 15:31:00.870974
TXN_005237,ACC_0227,ACC_0223,3395.32,2026-02-10 15:33:36.945387
TXN_007934,ACC_0213,ACC_0223,3445.45,2026-02-10 15:34:31.154483
TXN_000826,ACC_0404,ACC_0375,371.35,2026-02-10 15:34:36.716687
TXN_001937,ACC_0028,ACC_0170,2738.81,2026-02-10 15:38:36.292297
TXN_003237,ACC_0352,ACC_0169,497.34,2026-02-10 15:39:43.420027
TXN_002914,ACC_0292,ACC_0409,2866.68,2026-02-10 15:40:16.557653
TXN_002311,ACC_0176,ACC_0431,280.17,2026-02-10 15:51:22.123517
TXN_002515,ACC_0430,ACC_0122,765.38,2026-02-10 15:52:18.924806
TXN_002683,ACC_0245,ACC_0418,1088.92,2026-02-10 15:59:42.486023
TXN_009106,ACC_0409,ACC_0213,330.81,2026-02-10 16:01:48.951157
TXN_006828,ACC_0407,ACC_0382,4118.69,2026-02-10 16:03:02.086621
TXN_004620,ACC_0151,ACC_0366,988.1,2026-02-10 16:10:22.503853
TXN_008495,ACC_0055,ACC_0259,2802.85,2026-02-10 16:14:40.680395
TXN_006352,ACC_0325,ACC_0247,1385.3,2026-02-10 16:27:06.323461
TXN_009515,ACC_0301,ACC_0269,1751.47,2026-02-10 16:27:17.679686
TXN_003773,ACC_0020,ACC_0430,1361.52,2026-02-10 16:31:49.041822
TXN_008140,ACC_0459,ACC_0336,3034.32,2026-02-10 16:34:33.701441
TXN_008783,ACC_0054,ACC_0344,1715.0,2026-02-10 16:42:49.950460
TXN_002020,ACC_0416,ACC_0060,3910.46,2026-02-10 16:47:59.960149
TXN_007090,ACC_0138,ACC_0056,3695.66,2026-02-10 16:48:15.002668
TXN_000779,ACC_0186,ACC_0099,4624.57,2026-02-10 16:55:50.826384
TXN_001215,ACC_0217,ACC_0054,2511.06,2026-02-10 16:57:48.997915
TXN_009322,ACC_0448,ACC_0357,560.7,2026-02-10 17:00:04.206330
TXN_004414,ACC_0009,ACC_0441,942.36,2026-02-10 17:01:31.944384
TXN_007994,ACC_0068,ACC_0420,2266.6,2026-02-10 17:07:41.098809
TXN_001576,ACC_0110,ACC_0342,989.6,2026-02-10 17:16:13.444887
TXN_007105,ACC_0179,ACC_0196,4762.29,2026-02-10 17:18:58.270656
TXN_000604,ACC_0453,ACC_0232,2232.17,2026-02-10 17:20:15.338267
TXN_002052,ACC_0421,ACC_0294,1627.82,2026-02-10 17:28:26.559649
TXN_002302,ACC_0389,ACC_0409,4130.19,2026-02-10 17:28:54.568630
TXN_004564,ACC_0049,ACC_0363,1744.71,2026-02-10 17:32:40.858810
TXN_000417,ACC_0466,ACC_0169,3125.21,2026-02-10 17:43:55.305313
TXN_005036,ACC_0050,ACC_0358,400.71,2026-02-10 17:46:19.956394
TXN_003611,ACC_0232,ACC_0090,3824.7,2026-02-10 17:52:22.706593
TXN_005637,ACC_0362,ACC_0438,3577.58,2026-02-10 18:04:43.079351
TXN_007683,ACC_0204,ACC_0196,569.03,2026-02-10 18:05:06.645313
TXN_003193,ACC_0065,ACC_0205,2168.71,2026-02-10 18:05:12.046065
TXN_004030,ACC_0256,ACC_0337,1194.88,2026-02-10 18:09:37.950017
TXN_005658,ACC_0056,ACC_0029,218.81,2026-02-10 18:12:06.328881
TXN_009805,ACC_0284,ACC_0299,480.07,2026-02-10 18:14:35.116010
TXN_009629,ACC_0223,ACC_0396,4552.1,2026-02-10 18:25:25.128117
TXN_001521,ACC_0190,ACC_0188,4318.43,2026-02-10 18:39:00.783850
TXN_008363,ACC_0281,ACC_0183,278.94,2026-02-10 18:45:30.430699
TXN_007933,ACC_0328,ACC_0353,1038.9,2026-02-10 18:48:31.570617
TXN_005174,ACC_0070,ACC_0417,1183.38,2026-02-10 18:56:34.324545
TXN_009336,ACC_0193,ACC_0376,2066.08,2026-02-10 18:58:43.591014
TXN_009080,ACC_0251,ACC_0232,2853.71,2026-02-10 19:03:49.702643
TXN_006292,ACC_0425,ACC_0101,4539.46,2026-02-10 19:07:35.067045
TXN_006753,ACC_0187,ACC_0456,3096.91,2026-02-10 19:08:00.530232
TXN_005952,ACC_0089,ACC_0439,4161.12,2026-02-10 19:09:49.207692
TXN_005552,ACC_0371,ACC_0066,2953.09,2026-02-10 19:10:19.571432
TXN_008710,ACC_0120,ACC_0195,3183.26,2026-02-10 19:17:34.113027
TXN_008462,ACC_0065,ACC_0007,1751.51,2026-02-10 19:25:01.220055
TXN_001164,ACC_0361,ACC_0096,1839.78,2026-02-10 19:28:15.848498
TXN_002738,ACC_0111,ACC_0189,718.26,2026-02-10 19:29:34.849626
TXN_005942,ACC_0386,ACC_0120,1932.48,2026-02-10 19:30:45.670661
TXN_009339,ACC_0378,ACC_0469,1773.79,2026-02-10 19:32:31.444806
TXN_009446,ACC_0460,ACC_0093,868.52,2026-02-10 19:33:04.923984
TXN_009922,ACC_0187,ACC_0118,2813.08,2026-02-10 19:39:29.752594
TXN_004737,ACC_0404,ACC_0142,2700.23,2026-02-10 19:49:48.028423
TXN_001403,ACC_0222,ACC_0057,1757.73,2026-02-10 19:50:47.474044
TXN_007826,ACC_0048,ACC_0144,3691.22,2026-02-10 19:50:48.479971
TXN_000814,ACC_0412,ACC_0104,3209.99,2026-02-10 20:11:03.008108
TXN_003450,ACC_0064,ACC_0427,674.82,2026-02-10 20:19:17.768363
TXN_002075,ACC_0109,ACC_0398,1107.03,2026-02-10 20:24:17.074168
TXN_005468,ACC_0344,ACC_0179,2522.95,2026-02-10 20:24:30.112478
TXN_002708,ACC_0068,ACC_0340,4639.05,2026-02-10 20:27:32.620821
TXN_003498,ACC_0095,ACC_0381,1624.48,2026-02-10 20:28:31.900236
TXN_005013,ACC_0121,ACC_0057,929.88,2026-02-10 20:34:00.026624
TXN_004655,ACC_0092,ACC_0219,2158.82,2026-02-10 20:40:10.732369
TXN_003329,ACC_0378,ACC_0425,2111.0,2026-02-10 20:48:27.478109
TXN_007237,ACC_0211,ACC_0239,2305.62,2026-02-10 21:03:15.264826
TXN_008999,ACC_0413,ACC_0043,2545.42,2026-02-10 21:09:04.384667
TXN_000646,ACC_0230,ACC_0114,3901.72,2026-02-10 21:13:16.745833
TXN_000439,ACC_0421,ACC_0101,1553.35,2026-02-10 21:25:16.232512
TXN_000010,ACC_0483,ACC_0484,6121.97,2026-02-10 21:25:20.029759
TXN_005144,ACC_0259,ACC_0325,1212.92,2026-02-10 21:29:43.701099
TXN_005114,ACC_0379,ACC_0064,1064.47,2026-02-10 21:30:36.963701
TXN_008692,ACC_0179,ACC_0246,4326.19,2026-02-10 21:39:28.756460
TXN_005261,ACC_0109,ACC_0084,168.8,2026-02-10 21:44:32.199451
TXN_002328,ACC_0301,ACC_0443,2012.29,2026-02-10 21:46:59.218624
TXN_005734,ACC_0401,ACC_0080,4358.14,2026-02-10 21:50:21.656953
TXN_000538,ACC_0072,ACC_0334,2728.55,2026-02-10 21:53:46.703174
TXN_009765,ACC_0041,ACC_0438,1965.05,2026-02-10 21:54:28.872427
TXN_004595,ACC_0432,ACC_0446,4924.69,2026-02-10 21:55:35.207697
TXN_008771,ACC_0249,ACC_0039,531.24,2026-02-10 22:00:10.160310
TXN_003133,ACC_0255,ACC_0312,3171.24,2026-02-10 22:02:09.688118
TXN_001035,ACC_0086,ACC_0028,4698.17,2026-02-10 22:08:11.268387
TXN_004666,ACC_0233,ACC_0029,2641.64,2026-02-10 22:09:11.099478
TXN_005679,ACC_0219,ACC_0355,1874.99,2026-02-10 22:20:33.644656
TXN_005244,ACC_0325,ACC_0070,1076.94,2026-02-10 22:23:52.400750
TXN_005838,ACC_0085,ACC_0209,3210.42,2026-02-10 22:26:57.441417
TXN_007233,ACC_0195,ACC_0120,2257.06,2026-02-10 22:31:45.550881
TXN_006425,ACC_0127,ACC_0444,511.89,2026-02-10 22:34:16.860244
TXN_002320,ACC_0079,ACC_0295,643.35,2026-02-10 22:38:45.240092
TXN_003556,ACC_0101,ACC_0457,3685.04,2026-02-10 22:39:46.418936
TXN_003270,ACC_0463,ACC_0156,2416.1,2026-02-10 22:40:51.853762
TXN_005602,ACC_0194,ACC_0333,519.39,2026-02-10 22:45:55.362027
TXN_001369,ACC_0419,ACC_0213,888.08,2026-02-10 23:03:50.408271
TXN_008991,ACC_0312,ACC_0071,3959.12,2026-02-10 23:06:16.881609
TXN_007259,ACC_0005,ACC_0175,1844.79,2026-02-10 23:15:53.194159
TXN_009785,ACC_0341,ACC_0385,2160.54,2026-02-10 23:18:01.016289
TXN_005388,ACC_0468,ACC_0254,1670.08,2026-02-10 23:18:24.805864
TXN_004038,ACC_0439,ACC_0282,2955.24,2026-02-10 23:19:22.176460
TXN_003531,ACC_0439,ACC_0273,1253.32,2026-02-10 23:27:09.843031
TXN_006680,ACC_0224,ACC_0413,4426.33,2026-02-10 23:27:44.679251
TXN_008343,ACC_0091,ACC_0231,811.85,2026-02-10 23:29:34.019391
TXN_000090,ACC_0474,ACC_0475,13457.67,2026-02-10 23:30:47.870954
TXN_003309,ACC_0318,ACC_0015,2253.78,2026-02-10 23:32:17.214064
TXN_003932,ACC_0156,ACC_0004,3778.46,2026-02-10 23:49:04.102917
TXN_002280,ACC_0024,ACC_0113,2026.3,2026-02-11 00:01:06.211311
TXN_007247,ACC_0372,ACC_0042,3980.99,2026-02-11 00:01:15.871194
TXN_009602,ACC_0382,ACC_0212,4148.12,2026-02-11 00:02:31.338299
TXN_006473,ACC_0015,ACC_0437,1883.58,2026-02-11 00:06:06.992545
TXN_007028,ACC_0302,ACC_0393,2436.77,2026-02-11 00:13:21.640922
TXN_004001,ACC_0175,ACC_0253,3566.31,2026-02-11 00:17:29.894230
TXN_000458,ACC_0211,ACC_0075,4139.91,2026-02-11 00:23:19.073061
TXN_008169,ACC_0132,ACC_0340,3101.5,2026-02-11 00:27:13.237528
TXN_003794,ACC_0242,ACC_0246,4888.24,2026-02-11 00:29:46.186328
TXN_006521,ACC_0180,ACC_0059,4533.66,2026-02-11 00:36:40.156608
TXN_006812,ACC_0071,ACC_0176,4785.04,2026-02-11 00:44:23.837043
TXN_002103,ACC_0030,ACC_0190,3448.72,2026-02-11 00:45:42.707715
TXN_007631,ACC_0012,ACC_0468,789.64,2026-02-11 00:50:16.479058
TXN_004284,ACC_0341,ACC_0335,3786.4,2026-02-11 00:54:47.497422
TXN_001546,ACC_0259,ACC_0326,3841.12,2026-02-11 01:02:18.557834
TXN_009299,ACC_0118,ACC_0122,2708.09,2026-02-11 01:04:07.054336
TXN_006293,ACC_0145,ACC_0075,3236.83,2026-02-11 01:07:10.866220
TXN_001870,ACC_0093,ACC_0238,3337.45,2026-02-11 01:12:42.331179
TXN_006534,ACC_0459,ACC_0132,422.88,2026-02-11 01:13:09.870943
TXN_004589,ACC_0167,ACC_0269,3234.68,2026-02-11 01:19:55.197978
TXN_007509,ACC_0041,ACC_0237,1743.75,2026-02-11 01:32:00.267145
TXN_007018,ACC_0172,ACC_0028,2207.64,2026-02-11 01:32:49.620041
TXN_003761,ACC_0240,ACC_0052,4802.13,2026-02-11 01:36:45.191731
TXN_006654,ACC_0170,ACC_0362,3951.19,2026-02-11 01:37:53.342467
TXN_004209,ACC_0305,ACC_0369,704.98,2026-02-11 01:41:11.616714
TXN_003939,ACC_0021,ACC_0317,733.07,2026-02-11 01:42:30.002019
TXN_002557,ACC_0293,ACC_0462,1911.59,2026-02-11 01:44:49.920703
TXN_005131,ACC_0169,ACC_0320,3619.65,2026-02-11 01:45:42.187957
TXN_006760,ACC_0063,ACC_0423,2018.65,2026-02-11 01:48:46.777633
TXN_001093,ACC_0466,ACC_0325,2146.21,2026-02-11 01:48:49.824981
TXN_003597,ACC_0156,ACC_0421,3682.99,2026-02-11 01:50:23.629770
TXN_001621,ACC_0292,ACC_0286,2726.55,2026-02-11 01:51:47.988614
TXN_006510,ACC_0146,ACC_0419,1064.52,2026-02-11 01:52:23.720526
TXN_004974,ACC_0251,ACC_0319,189.76,2026-02-11 01:53:29.769743
TXN_004217,ACC_0442,ACC_0363,3020.51,2026-02-11 02:03:49.696097
TXN_008773,ACC_0396,ACC_0196,1286.1,2026-02-11 02:12:58.667352
TXN_006488,ACC_0070,ACC_0008,691.7,2026-02-11 02:19:18.730417
TXN_001011,ACC_0193,ACC_0024,3069.95,2026-02-11 02:27:33.258201
TXN_000758,ACC_0255,ACC_0425,1634.67,2026-02-11 02:31:43.215528
TXN_001499,ACC_0225,ACC_0254,2057.94,2026-02-11 02:32:18.807950
TXN_003941,ACC_0394,ACC_0271,1202.16,2026-02-11 02:40:10.192681
TXN_002309,ACC_0399,ACC_0410,1658.19,2026-02-11 02:42:25.852597
TXN_008752,ACC_0101,ACC_0240,460.12,2026-02-11 02:45:11.811828
TXN_002211,ACC_0104,ACC_0002,418.71,2026-02-11 02:47:10.050346
TXN_006035,ACC_0267,ACC_0134,3350.48,2026-02-11 03:01:27.937178
TXN_007012,ACC_0295,ACC_0262,3276.73,2026-02-11 03:10:45.658028
TXN_008183,ACC_0167,ACC_0181,2888.09,2026-02-11 03:13:53.304134
TXN_000834,ACC_0176,ACC_0112,820.51,2026-02-11 03:17:17.454529
TXN_005801,ACC_0444,ACC_0072,4216.84,2026-02-11 03:20:08.345097
TXN_003650,ACC_0302,ACC_0020,1010.25,2026-02-11 03:21:49.687083
TXN_002549,ACC_0041,ACC_0404,605.74,2026-02-11 03:25:34.050327
TXN_003617,ACC_0384,ACC_0185,2379.97,2026-02-11 03:39:25.955377
TXN_008013,ACC_0177,ACC_0012,3113.74,2026-02-11 03:50:51.481131
TXN_009938,ACC_0175,ACC_0198,2126.63,2026-02-11 03:52:18.516950
TXN_005994,ACC_0055,ACC_0358,3410.21,2026-02-11 03:52:28.858241
TXN_006588,ACC_0132,ACC_0225,4091.56,2026-02-11 03:55:30.486626
TXN_000115,ACC_0243,ACC_0486,13672.55,2026-02-11 04:04:01.934541
TXN_000319,ACC_0040,ACC_0497,12385.15,2026-02-11 04:10:42.965745
TXN_000955,ACC_0114,ACC_0194,1312.66,2026-02-11 04:23:20.413074
TXN_006334,ACC_0445,ACC_0443,4628.58,2026-02-11 04:28:47.653534
TXN_009649,ACC_0469,ACC_0128,3578.04,2026-02-11 04:36:24.747322
TXN_003707,ACC_0436,ACC_0391,3577.73,2026-02-11 04:52:09.322013
TXN_008028,ACC_0131,ACC_0199,2253.23,2026-02-11 04:54:58.470138
TXN_008212,ACC_0434,ACC_0174,2289.7,2026-02-11 05:01:02.107975
TXN_004543,ACC_0274,ACC_0305,3674.8,2026-02-11 05:04:20.736752
TXN_008022,ACC_0417,ACC_0370,543.35,2026-02-11 05:08:07.797434
TXN_000116,ACC_0486,ACC_0107,12988.92,2026-02-11 05:13:40.912334
TXN_007302,ACC_0027,ACC_0249,1887.47,2026-02-11 05:15:01.922593
TXN_005702,ACC_0290,ACC_0105,4489.56,2026-02-11 05:16:18.136262
TXN_006230,ACC_0124,ACC_0327,3380.32,2026-02-11 05:20:35.341095
TXN_000503,ACC_0299,ACC_0455,1912.67,2026-02-11 05:26:50.396651
TXN_006689,ACC_0224,ACC_0208,4158.2,2026-02-11 05:51:23.361168
TXN_000320,ACC_0497,ACC_0267,11765.89,2026-02-11 05:53:02.135893
TXN_003659,ACC_0024,ACC_0058,2133.97,2026-02-11 05:54:57.647829
TXN_004970,ACC_0131,ACC_0059,4710.59,2026-02-11 05:56:40.103359
TXN_008946,ACC_0283,ACC_0131,3805.6,2026-02-11 05:59:26.068692
TXN_006221,ACC_0445,ACC_0442,1821.68,2026-02-11 06:11:31.940772
TXN_005336,ACC_0442,ACC_0087,2079.71,2026-02-11 06:12:29.589088
TXN_008253,ACC_0117,ACC_0165,2001.55,2026-02-11 06:16:18.753854
TXN_001732,ACC_0274,ACC_0286,147.1,2026-02-11 06:21:39.524970
TXN_006169,ACC_0061,ACC_0148,641.32,2026-02-11 06:33:03.037817
TXN_009335,ACC_0198,ACC_0255,4622.57,2026-02-11 06:35:28.817448
TXN_009767,ACC_0194,ACC_0245,898.8,2026-02-11 06:41:09.491064
TXN_006651,ACC_0140,ACC_0344,3334.31,2026-02-11 06:43:16.071221
TXN_008499,ACC_0400,ACC_0181,2764.15,2026-02-11 06:44:40.500107
TXN_007175,ACC_0208,ACC_0307,1484.96,2026-02-11 06:47:24.104323
TXN_000830,ACC_0349,ACC_0043,3794.02,2026-02-11 06:50:13.426932
TXN_001052,ACC_0389,ACC_0005,3075.79,2026-02-11 07:02:33.999633
TXN_002218,ACC_0324,ACC_0122,335.43,2026-02-11 07:09:05.659531
TXN_009553,ACC_0158,ACC_0195,2183.9,2026-02-11 07:14:33.594257
TXN_007884,ACC_0414,ACC_0275,2871.15,2026-02-11 07:17:09.016121
TXN_008799,ACC_0118,ACC_0225,3798.0,2026-02-11 07:17:56.236757
TXN_008010,ACC_0264,ACC_0364,615.91,2026-02-11 07:19:57.544972
TXN_000173,ACC_0028,ACC_0489,10046.38,2026-02-11 07:28:02.645573
TXN_007189,ACC_0055,ACC_0193,2782.92,2026-02-11 07:32:41.869796
TXN_005393,ACC_0418,ACC_0122,3622.96,2026-02-11 07:38:16.152934
TXN_001679,ACC_0375,ACC_0438,1166.32,2026-02-11 07:45:39.110289
TXN_008978,ACC_0470,ACC_0124,944.02,2026-02-11 08:01:53.255404
TXN_003261,ACC_0115,ACC_0179,3619.84,2026-02-11 08:03:15.824311
TXN_005449,ACC_0420,ACC_0259,1479.27,2026-02-11 08:03:20.304259
TXN_009048,ACC_0334,ACC_0342,1274.31,2026-02-11 08:03:49.899322
TXN_004505,ACC_0227,ACC_0404,2692.08,2026-02-11 08:03:53.700389
TXN_006709,ACC_0028,ACC_0103,3909.63,2026-02-11 08:06:57.768426
TXN_008231,ACC_0123,ACC_0035,4513.59,2026-02-11 08:08:28.606268
TXN_003266,ACC_0159,ACC_0446,4699.97,2026-02-11 08:27:12.367499
TXN_008580,ACC_0192,ACC_0235,3446.24,2026-02-11 08:33:46.917716
TXN_006883,ACC_0095,ACC_0422,2230.51,2026-02-11 08:34:19.925825
TXN_006010,ACC_0275,ACC_0024,2680.18,2026-02-11 08:45:24.152807
TXN_001924,ACC_0334,ACC_0195,2047.09,2026-02-11 08:47:59.687879
TXN_002439,ACC_0025,ACC_0335,1026.36,2026-02-11 08:53:27.145603
TXN_000174,ACC_0489,ACC_0237,9544.06,2026-02-11 09:00:28.551441
TXN_001577,ACC_0040,ACC_0122,3557.57,2026-02-11 09:01:12.875132
TXN_003202,ACC_0464,ACC_0330,1621.89,2026-02-11 09:05:37.002830
TXN_007589,ACC_0050,ACC_0453,2573.21,2026-02-11 09:11:37.271431
TXN_006182,ACC_0187,ACC_0420,1249.38,2026-02-11 09:12:57.601949
TXN_006598,ACC_0415,ACC_0435,3260.47,2026-02-11 09:20:41.877062
TXN_000524,ACC_0096,ACC_0241,3217.95,2026-02-11 09:23:00.340291
TXN_001553,ACC_0407,ACC_0397,4643.62,2026-02-11 09:23:07.732405
TXN_007311,ACC_0409,ACC_0078,1936.35,2026-02-11 09:28:07.829899
TXN_008803,ACC_0170,ACC_0094,4718.62,2026-02-11 09:28:19.504702
TXN_008544,ACC_0391,ACC_0126,1240.23,2026-02-11 09:43:30.395760
TXN_001796,ACC_0113,ACC_0137,1389.58,2026-02-11 09:48:47.632386
TXN_000639,ACC_0102,ACC_0345,3484.32,2026-02-11 09:55:27.703994
TXN_002076,ACC_0440,ACC_0251,872.14,2026-02-11 10:00:34.105596
TXN_004862,ACC_0084,ACC_0191,2466.04,2026-02-11 10:07:20.607375
TXN_002594,ACC_0258,ACC_0454,3700.27,2026-02-11 10:10:28.404085
TXN_006922,ACC_0408,ACC_0147,3814.58,2026-02-11 10:10:45.097097
TXN_003293,ACC_0459,ACC_0280,4443.03,2026-02-11 10:28:49.278845
TXN_002748,ACC_0070,ACC_0320,2735.67,2026-02-11 10:34:47.115737
TXN_007134,ACC_0376,ACC_0440,4756.32,2026-02-11 10:49:58.121134
TXN_006273,ACC_0427,ACC_0343,2595.3,2026-02-11 10:54:29.077383
TXN_008448,ACC_0387,ACC_0240,3818.12,2026-02-11 10:56:47.987567
TXN_001614,ACC_0305,ACC_0089,2320.06,2026-02-11 10:58:15.836297
TXN_005791,ACC_0290,ACC_0328,2026.27,2026-02-11 10:59:21.004621
TXN_007524,ACC_0016,ACC_0205,3931.25,2026-02-11 11:02:12.823434
TXN_004347,ACC_0200,ACC_0022,337.7,2026-02-11 11:04:23.820860
TXN_003517,ACC_0155,ACC_0055,866.33,2026-02-11 11:07:23.179662
TXN_001740,ACC_0212,ACC_0339,2269.36,2026-02-11 11:12:42.982066
TXN_007468,ACC_0177,ACC_0168,3782.79,2026-02-11 11:13:35.823256
TXN_001481,ACC_0307,ACC_0392,705.65,2026-02-11 11:25:32.658422
TXN_005364,ACC_0278,ACC_0033,928.12,2026-02-11 11:25:48.679446
TXN_005987,ACC_0302,ACC_0210,2914.15,2026-02-11 11:26:37.079967
TXN_005236,ACC_0142,ACC_0014,3521.17,2026-02-11 11:28:09.055344
TXN_001333,ACC_0188,ACC_0173,3796.33,2026-02-11 11:35:40.815600
TXN_005890,ACC_0308,ACC_0071,1785.97,2026-02-11 11:41:30.198222
TXN_001113,ACC_0389,ACC_0042,4669.52,2026-02-11 11:42:58.156279
TXN_000820,ACC_0007,ACC_0179,1572.67,2026-02-11 11:43:12.838726
TXN_002575,ACC_0219,ACC_0421,1700.95,2026-02-11 11:48:00.853395
TXN_001370,ACC_0088,ACC_0209,1333.89,2026-02-11 11:55:26.191680
TXN_000002,ACC_0481,ACC_0482,20694.42,2026-02-11 11:58:30.702634
TXN_008299,ACC_0316,ACC_0087,253.32,2026-02-11 12:07:45.219253
TXN_008142,ACC_0383,ACC_0205,1236.98,2026-02-11 12:18:52.923031
TXN_007471,ACC_0256,ACC_0193,1556.32,2026-02-11 12:21:44.636455
TXN_007434,ACC_0161,ACC_0212,4295.47,2026-02-11 12:31:58.102223
TXN_005420,ACC_0097,ACC_0467,1384.54,2026-02-11 12:32:39.989478
TXN_008491,ACC_0317,ACC_0062,3103.09,2026-02-11 12:34:57.938236
TXN_004581,ACC_0104,ACC_0323,4241.27,2026-02-11 12:36:10.476352
TXN_005138,ACC_0198,ACC_0213,2782.1,2026-02-11 12:38:34.849913
TXN_006525,ACC_0255,ACC_0466,4499.29,2026-02-11 12:39:51.816554
TXN_007449,ACC_0073,ACC_0226,4440.47,2026-02-11 12:44:49.059216
TXN_003105,ACC_0042,ACC_0102,4558.7,2026-02-11 12:52:14.445209
TXN_004665,ACC_0431,ACC_0233,1447.22,2026-02-11 12:52:46.584687
TXN_005641,ACC_0022,ACC_0242,1646.75,2026-02-11 12:53:22.725299
TXN_009094,ACC_0045,ACC_0011,870.59,2026-02-11 12:54:31.103549
TXN_002970,ACC_0430,ACC_0025,4096.67,2026-02-11 13:09:31.757013
TXN_009107,ACC_0200,ACC_0335,2461.41,2026-02-11 13:11:52.130313
TXN_006321,ACC_0207,ACC_0272,4189.12,2026-02-11 13:18:53.637638
TXN_003641,ACC_0363,ACC_0221,971.94,2026-02-11 13:21:05.941830
TXN_008425,ACC_0134,ACC_0353,3161.11,2026-02-11 13:28:41.213630
TXN_009307,ACC_0061,ACC_0192,100.06,2026-02-11 13:33:50.986149
TXN_004730,ACC_0269,ACC_0469,2081.82,2026-02-11 13:34:15.773603
TXN_008508,ACC_0039,ACC_0322,411.14,2026-02-11 13:35:01.483908
TXN_006730,ACC_0239,ACC_0050,2641.83,2026-02-11 13:44:02.296622
TXN_001146,ACC_0371,ACC_0040,3616.74,2026-02-11 13:46:18.416978
TXN_007919,ACC_0002,ACC_0087,3945.37,2026-02-11 13:50:19.261976
TXN_002906,ACC_0255,ACC_0146,4345.81,2026-02-11 14:01:39.486861
TXN_008186,ACC_0107,ACC_0176,101.88,2026-02-11 14:11:32.140797
TXN_007021,ACC_0349,ACC_0429,4479.5,2026-02-11 14:13:09.878578
TXN_006577,ACC_0270,ACC_0329,2389.52,2026-02-11 14:15:38.776729
TXN_004169,ACC_0381,ACC_0030,821.01,2026-02-11 14:35:32.101135
TXN_000563,ACC_0407,ACC_0037,2053.24,2026-02-11 14:44:38.856646
TXN_006408,ACC_0295,ACC_0048,1579.17,2026-02-11 14:50:10.151312
TXN_009518,ACC_0428,ACC_0226,3717.54,2026-02-11 15:02:10.642287
TXN_002844,ACC_0239,ACC_0389,4191.91,2026-02-11 15:05:58.548049
TXN_006486,ACC_0455,ACC_0268,3083.96,2026-02-11 15:09:23.237127
TXN_000373,ACC_0468,ACC_0499,3931.55,2026-02-11 15:13:23.090683
TXN_009962,ACC_0151,ACC_0362,2302.09,2026-02-11 15:14:04.517446
TXN_004520,ACC_0312,ACC_0095,311.51,2026-02-11 15:15:43.179677
TXN_007152,ACC_0140,ACC_0411,305.35,2026-02-11 15:21:56.176510
TXN_003425,ACC_0037,ACC_0213,2955.47,2026-02-11 15:27:04.810379
TXN_001513,ACC_0244,ACC_0301,3844.87,2026-02-11 15:34:11.321463
TXN_004111,ACC_0112,ACC_0241,4283.7,2026-02-11 15:39:11.967513
TXN_009032,ACC_0256,ACC_0130,3381.31,2026-02-11 15:47:42.520254
TXN_001275,ACC_0463,ACC_0271,4363.71,2026-02-11 15:48:06.480491
TXN_009209,ACC_0120,ACC_0205,2870.98,2026-02-11 16:04:49.073335
TXN_001102,ACC_0074,ACC_0129,4849.39,2026-02-11 16:06:18.073312
TXN_000374,ACC_0499,ACC_0214,3734.97,2026-02-11 16:09:03.697206
TXN_002192,ACC_0236,ACC_0343,3118.36,2026-02-11 16:22:15.046723
TXN_001820,ACC_0020,ACC_0437,1883.06,2026-02-11 16:28:24.185884
TXN_006307,ACC_0031,ACC_0067,556.42,2026-02-11 16:29:53.927220
TXN_006173,ACC_0403,ACC_0064,1635.75,2026-02-11 16:34:30.059490
TXN_005059,ACC_0026,ACC_0037,4182.19,2026-02-11 16:44:16.763215
TXN_009774,ACC_0378,ACC_0295,2498.48,2026-02-11 16:44:35.831799
TXN_008492,ACC_0306,ACC_0099,2235.76,2026-02-11 16:53:04.315400
TXN_001324,ACC_0448,ACC_0081,2847.33,2026-02-11 16:53:58.541467
TXN_008306,ACC_0047,ACC_0138,3878.2,2026-02-11 16:59:20.362170
TXN_009132,ACC_0130,ACC_0182,740.64,2026-02-11 17:03:21.113435
TXN_007198,ACC_0250,ACC_0428,2349.62,2026-02-11 17:15:55.109494
TXN_005344,ACC_0339,ACC_0003,2920.34,2026-02-11 17:19:59.408594
TXN_006816,ACC_0356,ACC_0292,4726.81,2026-02-11 17:21:43.181421
TXN_006237,ACC_0013,ACC_0251,333.14,2026-02-11 17:24:56.153245
TXN_007976,ACC_0283,ACC_0066,4197.52,2026-02-11 17:35:49.559119
TXN_003342,ACC_0055,ACC_0257,4232.14,2026-02-11 17:40:40.560527
TXN_008949,ACC_0362,ACC_0014,1663.3,2026-02-11 17:43:29.272880
TXN_007667,ACC_0114,ACC_0240,968.12,2026-02-11 17:57:01.365486
TXN_004382,ACC_0404,ACC_0291,4944.53,2026-02-11 18:02:08.762860
TXN_009125,ACC_0110,ACC_0127,460.6,2026-02-11 18:08:54.595872
TXN_003737,ACC_0001,ACC_0089,3883.04,2026-02-11 18:09:13.048570
TXN_002664,ACC_0203,ACC_0117,762.36,2026-02-11 18:11:31.647842
TXN_006187,ACC_0130,ACC_0392,1238.24,2026-02-11 18:14:00.380889
TXN_005177,ACC_0215,ACC_0096,1625.3,2026-02-11 18:18:51.199445
TXN_006706,ACC_0297,ACC_0303,4803.12,2026-02-11 18:26:25.862813
TXN_007406,ACC_0348,ACC_0035,1834.29,2026-02-11 18:28:23.298512
TXN_008571,ACC_0344,ACC_0155,3290.96,2026-02-11 18:28:45.569759
TXN_003223,ACC_0411,ACC_0115,3919.26,2026-02-11 18:32:31.048608
TXN_000325,ACC_0371,ACC_0497,10210.12,2026-02-11 18:35:29.771121
TXN_007287,ACC_0466,ACC_0275,1774.18,2026-02-11 18:45:57.740539
TXN_005554,ACC_0021,ACC_0321,427.18,2026-02-11 18:48:26.384253
TXN_004547,ACC_0017,ACC_0225,4476.69,2026-02-11 18:52:39.599241
TXN_004394,ACC_0020,ACC_0352,4502.56,2026-02-11 18:52:43.303084
TXN_009624,ACC_0108,ACC_0076,1655.83,2026-02-11 18:59:03.248791
TXN_008047,ACC_0441,ACC_0285,2194.51,2026-02-11 19:00:50.940171
TXN_005272,ACC_0463,ACC_0134,4332.43,2026-02-11 19:04:25.480234
TXN_000326,ACC_0497,ACC_0390,9699.62,2026-02-11 19:11:32.146733
TXN_007026,ACC_0244,ACC_0467,2965.21,2026-02-11 19:14:45.264242
TXN_009690,ACC_0131,ACC_0420,4042.12,2026-02-11 19:15:56.426614
TXN_003399,ACC_0248,ACC_0419,760.75,2026-02-11 19:17:49.351064
TXN_009830,ACC_0336,ACC_0049,3232.18,2026-02-11 19:24:49.539852
TXN_005703,ACC_0180,ACC_0365,4364.61,2026-02-11 19:36:38.327402
TXN_002118,ACC_0141,ACC_0403,253.01,2026-02-11 19:39:59.570147
TXN_004973,ACC_0225,ACC_0136,4669.44,2026-02-11 19:40:10.870280
TXN_009713,ACC_0067,ACC_0281,1969.76,2026-02-11 19:42:35.146808
TXN_002896,ACC_0441,ACC_0014,3785.37,2026-02-11 19:43:43.647800
TXN_008029,ACC_0206,ACC_0312,1520.23,2026-02-11 19:57:15.107390
TXN_006720,ACC_0361,ACC_0400,1458.41,2026-02-11 20:00:47.804246
TXN_005472,ACC_0220,ACC_0378,3656.99,2026-02-11 20:09:26.538735
TXN_009019,ACC_0073,ACC_0265,4346.21,2026-02-11 20:17:41.490656
TXN_009496,ACC_0021,ACC_0054,3842.96,2026-02-11 20:17:47.033914
TXN_004861,ACC_0422,ACC_0347,2313.35,2026-02-11 20:30:42.808140
TXN_001793,ACC_0101,ACC_0141,3899.15,2026-02-11 20:36:52.004425
TXN_004744,ACC_0047,ACC_0193,450.84,2026-02-11 20:37:23.680596
TXN_003185,ACC_0396,ACC_0204,1402.21,2026-02-11 20:38:37.169071
TXN_004775,ACC_0174,ACC_0384,2752.61,2026-02-11 20:46:30.458377
TXN_007569,ACC_0130,ACC_0405,3361.98,2026-02-11 20:47:07.641904
TXN_000440,ACC_0281,ACC_0236,435.59,2026-02-11 20:51:48.964710
TXN_004981,ACC_0160,ACC_0432,4645.18,2026-02-11 20:51:59.842509
TXN_002257,ACC_0314,ACC_0352,1722.46,2026-02-11 20:53:19.729884
TXN_003464,ACC_0006,ACC_0021,2690.33,2026-02-11 20:53:59.335750
TXN_009174,ACC_0456,ACC_0165,2004.57,2026-02-11 21:01:32.661458
TXN_005560,ACC_0157,ACC_0179,2088.5,2026-02-11 21:03:51.281214
TXN_001637,ACC_0406,ACC_0036,512.48,2026-02-11 21:06:30.308491
TXN_001076,ACC_0260,ACC_0285,3350.72,2026-02-11 21:08:54.632183
TXN_004609,ACC_0437,ACC_0259,4274.94,2026-02-11 21:14:59.622323
TXN_001908,ACC_0076,ACC_0172,2769.37,2026-02-11 21:24:28.746618
TXN_007895,ACC_0270,ACC_0237,319.24,2026-02-11 21:28:33.868769
TXN_003231,ACC_0046,ACC_0341,4194.48,2026-02-11 21:28:33.908418
TXN_007677,ACC_0246,ACC_0103,2511.23,2026-02-11 21:31:54.994115
TXN_002219,ACC_0043,ACC_0364,3512.09,2026-02-11 21:41:50.211080
TXN_001545,ACC_0204,ACC_0119,3924.54,2026-02-11 21:47:03.076825
TXN_009618,ACC_0299,ACC_0322,4594.82,2026-02-11 21:49:54.843889
TXN_002613,ACC_0334,ACC_0288,2724.42,2026-02-11 21:54:45.520872
TXN_000683,ACC_0393,ACC_0401,3445.61,2026-02-11 21:56:30.157493
TXN_001868,ACC_0215,ACC_0464,4056.14,2026-02-11 21:57:54.136387
TXN_005282,ACC_0169,ACC_0078,3201.32,2026-02-11 21:58:04.927084
TXN_001386,ACC_0143,ACC_0274,4201.83,2026-02-11 21:58:53.409465
TXN_003308,ACC_0256,ACC_0384,382.15,2026-02-11 22:00:52.175290
TXN_007200,ACC_0176,ACC_0349,1485.76,2026-02-11 22:10:41.657899
TXN_008074,ACC_0366,ACC_0176,4298.11,2026-02-11 22:15:53.157452
TXN_006661,ACC_0429,ACC_0261,2970.57,2026-02-11 22:20:05.111456
TXN_006271,ACC_0304,ACC_0214,834.38,2026-02-11 22:21:49.711220
TXN_008568,ACC_0462,ACC_0074,2737.23,2026-02-11 22:22:08.671611
TXN_006544,ACC_0466,ACC_0447,2140.04,2026-02-11 22:22:43.454855
TXN_003323,ACC_0219,ACC_0331,4425.56,2026-02-11 22:23:15.537862
TXN_001356,ACC_0345,ACC_0039,1718.47,2026-02-11 22:24:02.824215
TXN_005208,ACC_0422,ACC_0204,3463.07,2026-02-11 22:24:30.253087
TXN_006000,ACC_0468,ACC_0231,4085.72,2026-02-11 22:25:57.964398
TXN_006006,ACC_0040,ACC_0220,2195.16,2026-02-11 22:31:34.395508
TXN_008812,ACC_0196,ACC_0372,752.8,2026-02-11 22:56:57.908613
TXN_003619,ACC_0326,ACC_0150,3375.28,2026-02-11 22:57:38.047381
TXN_001692,ACC_0106,ACC_0219,4362.79,2026-02-11 23:07:59.512586
TXN_009149,ACC_0418,ACC_0019,4570.78,2026-02-11 23:11:35.327061
TXN_001382,ACC_0243,ACC_0008,2463.46,2026-02-11 23:12:05.581200
TXN_007138,ACC_0352,ACC_0468,4195.49,2026-02-11 23:30:36.630713
TXN_001479,ACC_0232,ACC_0285,2550.52,2026-02-11 23:31:15.529300
TXN_009197,ACC_0354,ACC_0322,4105.16,2026-02-11 23:36:52.221686
TXN_004317,ACC_0404,ACC_0105,3441.69,2026-02-11 23:43:49.337110
TXN_008777,ACC_0093,ACC_0384,782.2,2026-02-11 23:56:08.396572
TXN_007885,ACC_0274,ACC_0035,2933.46,2026-02-11 23:59:51.304864
TXN_003734,ACC_0067,ACC_0383,3619.63,2026-02-12 00:07:00.270586
TXN_007034,ACC_0463,ACC_0249,4230.75,2026-02-12 00:09:26.045027
TXN_002984,ACC_0058,ACC_0219,4962.67,2026-02-12 00:15:19.217906
TXN_003415,ACC_0034,ACC_0355,1866.01,2026-02-12 00:16:03.817750
TXN_003731,ACC_0024,ACC_0387,3670.13,2026-02-12 00:17:37.957746
TXN_007467,ACC_0226,ACC_0021,3678.35,2026-02-12 00:19:44.183167
TXN_004489,ACC_0052,ACC_0456,4892.18,2026-02-12 00:20:00.929727
TXN_009524,ACC_0128,ACC_0352,4903.11,2026-02-12 00:22:50.369332
TXN_002129,ACC_0270,ACC_0019,1367.99,2026-02-12 00:27:09.660962
TXN_004338,ACC_0464,ACC_0096,1297.63,2026-02-12 00:30:47.984168
TXN_007518,ACC_0199,ACC_0145,3836.44,2026-02-12 00:38:45.592274
TXN_002012,ACC_0026,ACC_0102,4271.51,2026-02-12 00:47:36.514749
TXN_007838,ACC_0022,ACC_0281,3279.29,2026-02-12 00:48:44.757546
TXN_003850,ACC_0403,ACC_0243,2175.96,2026-02-12 00:58:39.989450
TXN_009901,ACC_0222,ACC_0016,248.7,2026-02-12 01:02:01.703162
TXN_008304,ACC_0077,ACC_0283,1915.66,2026-02-12 01:14:24.886386
TXN_003305,ACC_0082,ACC_0351,3290.02,2026-02-12 01:27:34.327782
TXN_003995,ACC_0211,ACC_0222,4261.79,2026-02-12 01:36:07.729573
TXN_008887,ACC_0196,ACC_0434,4203.91,2026-02-12 01:39:54.729171
TXN_002133,ACC_0446,ACC_0038,3592.63,2026-02-12 01:45:12.241593
TXN_004844,ACC_0349,ACC_0380,1789.72,2026-02-12 01:49:41.296802
TXN_006603,ACC_0036,ACC_0165,1999.12,2026-02-12 01:55:14.782570
TXN_002431,ACC_0216,ACC_0237,1455.72,2026-02-12 01:57:10.027003
TXN_005737,ACC_0004,ACC_0097,4271.7,2026-02-12 01:58:39.926976
TXN_007416,ACC_0104,ACC_0298,4942.87,2026-02-12 01:58:56.302721
TXN_002998,ACC_0160,ACC_0224,2926.36,2026-02-12 01:59:17.446783
TXN_001295,ACC_0048,ACC_0298,1219.92,2026-02-12 02:16:45.402682
TXN_006626,ACC_0211,ACC_0060,2241.07,2026-02-12 02:17:29.454492
TXN_009833,ACC_0043,ACC_0069,291.55,2026-02-12 02:20:13.555436
TXN_004499,ACC_0302,ACC_0228,2358.56,2026-02-12 02:25:51.886422
TXN_002053,ACC_0050,ACC_0079,3815.54,2026-02-12 02:26:23.796207
TXN_005948,ACC_0009,ACC_0164,4042.86,2026-02-12 02:28:30.402067
TXN_004806,ACC_0166,ACC_0033,2575.33,2026-02-12 02:31:13.910720
TXN_004527,ACC_0273,ACC_0210,4183.6,2026-02-12 02:38:59.372740
TXN_001985,ACC_0285,ACC_0202,1258.82,2026-02-12 03:05:41.491846
TXN_005756,ACC_0370,ACC_0160,579.91,2026-02-12 03:11:24.174588
TXN_005751,ACC_0226,ACC_0095,3901.76,2026-02-12 03:14:10.259670
TXN_008281,ACC_0251,ACC_0427,4603.68,2026-02-12 03:20:47.477221
TXN_000928,ACC_0394,ACC_0032,256.78,2026-02-12 03:24:09.576457
TXN_002976,ACC_0171,ACC_0078,4286.8,2026-02-12 03:25:18.687465
TXN_004374,ACC_0053,ACC_0257,4542.06,2026-02-12 03:34:02.664029
TXN_006280,ACC_0176,ACC_0332,4953.46,2026-02-12 03:37:02.311574
TXN_006026,ACC_0334,ACC_0465,518.37,2026-02-12 03:46:32.501176
TXN_008136,ACC_0221,ACC_0231,3022.54,2026-02-12 03:49:22.039945
TXN_002155,ACC_0009,ACC_0264,347.58,2026-02-12 03:53:18.045899
TXN_002243,ACC_0374,ACC_0439,1958.76,2026-02-12 04:00:21.921060
TXN_000732,ACC_0415,ACC_0069,3484.49,2026-02-12 04:08:36.336081
TXN_008862,ACC_0211,ACC_0386,3957.2,2026-02-12 04:11:04.777798
TXN_004192,ACC_0208,ACC_0264,4666.03,2026-02-12 04:12:22.636257
TXN_006813,ACC_0366,ACC_0254,3298.07,2026-02-12 04:14:58.957732
TXN_004789,ACC_0290,ACC_0266,552.11,2026-02-12 04:23:32.737750
TXN_004360,ACC_0313,ACC_0199,577.48,2026-02-12 04:44:18.288533
TXN_000422,ACC_0077,ACC_0311,2477.55,2026-02-12 04:46:25.239808
TXN_001737,ACC_0383,ACC_0296,3993.71,2026-02-12 04:52:26.769091
TXN_009841,ACC_0161,ACC_0037,385.65,2026-02-12 04:55:45.845158
TXN_008704,ACC_0244,ACC_0291,1541.47,2026-02-12 04:57:13.251913
TXN_002268,ACC_0329,ACC_0373,3723.99,2026-02-12 04:59:00.798095
TXN_000169,ACC_0202,ACC_0489,13579.71,2026-02-12 04:59:06.257252
TXN_006469,ACC_0034,ACC_0230,2817.85,2026-02-12 05:01:30.486681
TXN_003905,ACC_0347,ACC_0330,3407.12,2026-02-12 05:03:12.673029
TXN_009420,ACC_0273,ACC_0180,4534.01,2026-02-12 05:08:20.047551
TXN_005155,ACC_0391,ACC_0401,4315.91,2026-02-12 05:13:17.041267
TXN_004421,ACC_0322,ACC_0120,3719.96,2026-02-12 05:13:32.125354
TXN_007055,ACC_0006,ACC_0101,4312.52,2026-02-12 05:16:30.465413
TXN_003689,ACC_0077,ACC_0224,2801.26,2026-02-12 05:16:36.999497
TXN_003566,ACC_0319,ACC_0269,4210.99,2026-02-12 05:17:42.616313
TXN_007871,ACC_0102,ACC_0059,3204.02,2026-02-12 05:24:34.263090
TXN_000431,ACC_0080,ACC_0232,544.71,2026-02-12 05:26:26.434228
TXN_006044,ACC_0141,ACC_0414,3045.23,2026-02-12 05:26:29.985978
TXN_006870,ACC_0435,ACC_0017,4965.24,2026-02-12 05:30:41.535493
TXN_004246,ACC_0068,ACC_0358,1528.77,2026-02-12 05:31:24.656444
TXN_009752,ACC_0091,ACC_0197,4580.18,2026-02-12 05:58:34.441631
TXN_005537,ACC_0081,ACC_0342,2839.08,2026-02-12 06:11:30.733932
TXN_000170,ACC_0489,ACC_0154,12900.72,2026-02-12 06:16:01.822547
TXN_002855,ACC_0452,ACC_0099,3141.05,2026-02-12 06:17:20.564537
TXN_005507,ACC_0278,ACC_0160,456.89,2026-02-12 06:17:49.762081
TXN_005227,ACC_0410,ACC_0250,2301.39,2026-02-12 06:27:56.253166
TXN_009616,ACC_0266,ACC_0023,3784.81,2026-02-12 06:28:04.893565
TXN_001461,ACC_0066,ACC_0146,4961.77,2026-02-12 06:28:22.374691
TXN_009640,ACC_0319,ACC_0144,2974.35,2026-02-12 06:29:56.587701
TXN_006219,ACC_0315,ACC_0273,1070.54,2026-02-12 06:35:59.874480
TXN_007047,ACC_0394,ACC_0229,552.56,2026-02-12 06:38:30.977685
TXN_004591,ACC_0116,ACC_0049,2227.24,2026-02-12 06:46:44.254089
TXN_003395,ACC_0450,ACC_0149,3426.09,2026-02-12 06:46:50.758509
TXN_002279,ACC_0040,ACC_0012,2985.3,2026-02-12 06:48:12.897334
TXN_002856,ACC_0390,ACC_0282,3579.27,2026-02-12 06:51:41.876048
TXN_006457,ACC_0382,ACC_0149,3357.2,2026-02-12 06:51:54.590605
TXN_000281,ACC_0277,ACC_0495,11682.38,2026-02-12 06:54:09.493179
TXN_005362,ACC_0327,ACC_0219,3295.46,2026-02-12 06:58:41.591075
TXN_000282,ACC_0495,ACC_0179,11098.27,2026-02-12 07:03:02.963823
TXN_008923,ACC_0405,ACC_0345,1360.88,2026-02-12 07:08:18.433069
TXN_000768,ACC_0381,ACC_0085,4111.95,2026-02-12 07:10:28.146679
TXN_009358,ACC_0294,ACC_0246,2993.47,2026-02-12 07:13:37.695485
TXN_009437,ACC_0022,ACC_0228,3540.24,2026-02-12 07:18:50.352830
TXN_009691,ACC_0447,ACC_0375,1989.23,2026-02-12 07:22:27.871736
TXN_005690,ACC_0187,ACC_0071,1262.21,2026-02-12 07:28:59.429017
TXN_003169,ACC_0075,ACC_0299,4332.38,2026-02-12 07:36:12.028536
TXN_005394,ACC_0113,ACC_0218,4106.65,2026-02-12 07:37:01.769688
TXN_008541,ACC_0201,ACC_0185,4081.75,2026-02-12 07:39:16.607282
TXN_009815,ACC_0053,ACC_0414,4717.26,2026-02-12 07:41:43.467342
TXN_009896,ACC_0326,ACC_0068,4207.71,2026-02-12 07:44:15.354654
TXN_003365,ACC_0036,ACC_0004,1773.91,2026-02-12 07:45:47.318281
TXN_004099,ACC_0053,ACC_0325,3152.57,2026-02-12 07:46:22.851960
TXN_007763,ACC_0374,ACC_0162,2410.61,2026-02-12 07:48:30.026047
TXN_005377,ACC_0206,ACC_0161,557.16,2026-02-12 07:51:53.985839
TXN_007897,ACC_0465,ACC_0338,3726.66,2026-02-12 07:54:23.954796
TXN_008531,ACC_0341,ACC_0440,4413.29,2026-02-12 07:58:09.662435
TXN_000443,ACC_0134,ACC_0238,3351.65,2026-02-12 07:59:29.708430
TXN_003836,ACC_0093,ACC_0443,1933.21,2026-02-12 08:02:11.466549
TXN_002753,ACC_0197,ACC_0016,1510.46,2026-02-12 08:14:36.596435
TXN_000620,ACC_0221,ACC_0412,3241.84,2026-02-12 08:35:36.858763
TXN_007654,ACC_0102,ACC_0392,1806.34,2026-02-12 08:35:53.747732
TXN_007596,ACC_0334,ACC_0155,2009.47,2026-02-12 08:43:14.435024
TXN_000419,ACC_0106,ACC_0306,2668.77,2026-02-12 08:52:57.836407
TXN_001595,ACC_0283,ACC_0079,2244.28,2026-02-12 08:57:05.969165
TXN_006893,ACC_0145,ACC_0108,968.91,2026-02-12 09:05:02.827261
TXN_002739,ACC_0011,ACC_0391,2234.09,2026-02-12 09:07:11.084460
TXN_000925,ACC_0420,ACC_0405,1716.67,2026-02-12 09:07:26.363067
TXN_009567,ACC_0088,ACC_0303,651.38,2026-02-12 09:12:27.082444
TXN_002671,ACC_0359,ACC_0455,784.96,2026-02-12 09:13:02.564807
TXN_006031,ACC_0019,ACC_0300,1369.01,2026-02-12 09:36:38.541513
TXN_005530,ACC_0025,ACC_0354,1799.9,2026-02-12 09:38:44.484837
TXN_003677,ACC_0318,ACC_0002,4779.82,2026-02-12 09:52:48.142778
TXN_008384,ACC_0160,ACC_0016,1283.99,2026-02-12 10:03:39.961565
TXN_002140,ACC_0197,ACC_0028,3513.72,2026-02-12 10:04:49.432550
TXN_003564,ACC_0399,ACC_0354,2603.82,2026-02-12 10:09:13.516318
TXN_007033,ACC_0332,ACC_0284,168.19,2026-02-12 10:14:52.476611
TXN_005009,ACC_0415,ACC_0315,4709.26,2026-02-12 10:19:14.493447
TXN_006497,ACC_0021,ACC_0283,2868.28,2026-02-12 10:21:14.919205
TXN_001547,ACC_0147,ACC_0246,1588.78,2026-02-12 10:25:33.373718
TXN_002480,ACC_0162,ACC_0257,2098.51,2026-02-12 10:26:41.131548
TXN_001440,ACC_0035,ACC_0215,3885.22,2026-02-12 10:29:05.795552
TXN_006262,ACC_0422,ACC_0199,2512.31,2026-02-12 10:30:28.219040
TXN_005069,ACC_0059,ACC_0257,4002.37,2026-02-12 10:31:53.104819
TXN_006077,ACC_0394,ACC_0146,3748.04,2026-02-12 10:38:35.526061
TXN_001425,ACC_0215,ACC_0062,1715.05,2026-02-12 10:57:20.781482
TXN_005397,ACC_0119,ACC_0074,2787.15,2026-02-12 10:58:02.452755
TXN_006493,ACC_0108,ACC_0177,1360.4,2026-02-12 11:00:09.062120
TXN_007542,ACC_0159,ACC_0208,2657.78,2026-02-12 11:00:19.045826
TXN_004630,ACC_0086,ACC_0396,2315.54,2026-02-12 11:09:17.092944
TXN_007130,ACC_0413,ACC_0129,4438.54,2026-02-12 11:14:37.840995
TXN_000510,ACC_0209,ACC_0123,1817.52,2026-02-12 11:21:14.840459
TXN_006494,ACC_0097,ACC_0161,2639.5,2026-02-12 11:27:09.719778
TXN_007668,ACC_0288,ACC_0022,333.62,2026-02-12 11:29:46.201194
TXN_000183,ACC_0406,ACC_0490,12414.05,2026-02-12 11:32:38.560375
TXN_009564,ACC_0374,ACC_0414,4589.65,2026-02-12 11:33:30.701765
TXN_006382,ACC_0442,ACC_0288,1845.15,2026-02-12 11:37:23.032707
TXN_006495,ACC_0452,ACC_0056,862.53,2026-02-12 11:44:24.542477
TXN_001861,ACC_0099,ACC_0074,1275.54,2026-02-12 11:46:30.379895
TXN_009218,ACC_0415,ACC_0236,4613.27,2026-02-12 11:46:54.265994
TXN_000005,ACC_0482,ACC_0483,23960.9,2026-02-12 11:48:49.526450
TXN_001904,ACC_0402,ACC_0330,2510.6,2026-02-12 11:50:06.295043
TXN_001121,ACC_0082,ACC_0262,3154.71,2026-02-12 11:50:16.583563
TXN_009702,ACC_0052,ACC_0376,853.67,2026-02-12 11:52:45.150221
TXN_001478,ACC_0412,ACC_0332,1954.83,2026-02-12 11:53:03.243691
TXN_003567,ACC_0210,ACC_0253,4843.07,2026-02-12 12:00:57.215477
TXN_000259,ACC_0091,ACC_0494,7839.87,2026-02-12 12:05:00.405053
TXN_006996,ACC_0095,ACC_0059,697.06,2026-02-12 12:11:20.115123
TXN_005581,ACC_0280,ACC_0234,3613.08,2026-02-12 12:12:57.386151
TXN_000184,ACC_0490,ACC_0438,11793.34,2026-02-12 12:13:52.572300
TXN_009777,ACC_0187,ACC_0150,639.92,2026-02-12 12:19:20.929299
TXN_008916,ACC_0162,ACC_0271,4492.45,2026-02-12 12:20:28.112442
TXN_003609,ACC_0251,ACC_0428,4821.15,2026-02-12 12:20:32.632094
TXN_007292,ACC_0079,ACC_0242,3573.06,2026-02-12 12:24:54.080106
TXN_000077,ACC_0475,ACC_0471,5966.74,2026-02-12 12:28:33.522009
TXN_005200,ACC_0148,ACC_0256,1675.32,2026-02-12 12:30:33.246555
TXN_002504,ACC_0400,ACC_0028,2452.82,2026-02-12 12:31:15.013140
TXN_002393,ACC_0148,ACC_0419,2332.49,2026-02-12 12:32:20.722034
TXN_000260,ACC_0494,ACC_0284,7447.88,2026-02-12 12:33:49.309999
TXN_006655,ACC_0074,ACC_0009,3372.39,2026-02-12 12:38:54.001265
TXN_007880,ACC_0366,ACC_0379,2558.17,2026-02-12 12:38:56.893454
TXN_009295,ACC_0397,ACC_0181,2195.23,2026-02-12 12:39:04.650065
TXN_002404,ACC_0296,ACC_0105,843.91,2026-02-12 12:48:00.030098
TXN_002714,ACC_0071,ACC_0208,4211.56,2026-02-12 12:48:09.784776
TXN_004828,ACC_0339,ACC_0002,4376.26,2026-02-12 12:50:11.392571
TXN_007450,ACC_0285,ACC_0081,1159.77,2026-02-12 12:53:41.340766
TXN_009074,ACC_0392,ACC_0189,1248.82,2026-02-12 13:06:53.409936
TXN_003166,ACC_0422,ACC_0148,3743.99,2026-02-12 13:08:45.322730
TXN_005224,ACC_0050,ACC_0425,2024.05,2026-02-12 13:17:31.731409
TXN_004680,ACC_0391,ACC_0455,319.7,2026-02-12 13:18:54.531837
TXN_003755,ACC_0033,ACC_0144,1610.63,2026-02-12 13:21:24.934941
TXN_004673,ACC_0390,ACC_0391,970.16,2026-02-12 13:24:39.300106
TXN_003462,ACC_0450,ACC_0183,117.6,2026-02-12 13:28:39.551334
TXN_003607,ACC_0413,ACC_0250,2105.67,2026-02-12 13:31:03.546111
TXN_000504,ACC_0071,ACC_0396,4765.27,2026-02-12 13:31:19.292693
TXN_003137,ACC_0211,ACC_0436,2548.99,2026-02-12 13:36:07.484793
TXN_002498,ACC_0346,ACC_0160,2327.06,2026-02-12 13:36:30.384362
TXN_007170,ACC_0401,ACC_0327,2899.09,2026-02-12 13:38:41.608745
TXN_000934,ACC_0441,ACC_0457,2491.93,2026-02-12 13:38:50.778582
TXN_002102,ACC_0242,ACC_0129,2742.3,2026-02-12 13:44:19.027713
TXN_000395,ACC_0203,ACC_0500,3024.13,2026-02-12 13:47:00.782831
TXN_003584,ACC_0259,ACC_0111,3193.6,2026-02-12 13:57:21.209401
TXN_006784,ACC_0131,ACC_0178,4535.74,2026-02-12 13:57:26.532555
TXN_004416,ACC_0151,ACC_0432,3737.21,2026-02-12 14:06:35.969632
TXN_007682,ACC_0083,ACC_0178,2927.86,2026-02-12 14:06:40.402193
TXN_005663,ACC_0205,ACC_0395,2136.06,2026-02-12 14:13:27.108608
TXN_007154,ACC_0395,ACC_0285,1180.54,2026-02-12 14:24:29.218325
TXN_006256,ACC_0427,ACC_0287,3798.05,2026-02-12 14:28:24.099867
TXN_003572,ACC_0226,ACC_0128,1093.77,2026-02-12 14:29:27.022450
TXN_004195,ACC_0005,ACC_0132,4706.07,2026-02-12 14:31:17.620410
TXN_002072,ACC_0381,ACC_0261,4650.74,2026-02-12 14:37:16.272554
TXN_009122,ACC_0328,ACC_0276,3111.41,2026-02-12 14:38:17.752382
TXN_002582,ACC_0153,ACC_0297,226.32,2026-02-12 14:38:18.171543
TXN_000396,ACC_0500,ACC_0302,2872.92,2026-02-12 14:41:25.370296
TXN_007659,ACC_0289,ACC_0322,1465.14,2026-02-12 14:42:26.894590
TXN_005816,ACC_0349,ACC_0055,4741.43,2026-02-12 14:50:15.320853
TXN_000111,ACC_0473,ACC_0471,14933.7,2026-02-12 14:52:34.319793
TXN_005939,ACC_0025,ACC_0043,4067.49,2026-02-12 14:52:59.133274
TXN_005508,ACC_0331,ACC_0224,647.12,2026-02-12 14:53:08.307714
TXN_005389,ACC_0270,ACC_0438,834.89,2026-02-12 14:59:36.897014
TXN_002125,ACC_0230,ACC_0325,628.16,2026-02-12 15:05:34.079427
TXN_000421,ACC_0079,ACC_0347,4765.95,2026-02-12 15:12:35.232876
TXN_003205,ACC_0401,ACC_0301,910.84,2026-02-12 15:16:40.464900
TXN_000840,ACC_0254,ACC_0031,4707.97,2026-02-12 15:23:17.427627
TXN_002011,ACC_0258,ACC_0352,2921.75,2026-02-12 15:24:35.756389
TXN_007722,ACC_0464,ACC_0297,4707.08,2026-02-12 15:25:07.143720
TXN_007123,ACC_0417,ACC_0215,4497.54,2026-02-12 15:25:37.128060
TXN_008328,ACC_0297,ACC_0062,300.96,2026-02-12 15:26:03.558808
TXN_005015,ACC_0331,ACC_0072,2003.07,2026-02-12 15:31:57.796157
TXN_008153,ACC_0396,ACC_0210,2142.06,2026-02-12 15:36:11.588171
TXN_008735,ACC_0207,ACC_0181,612.01,2026-02-12 15:47:04.052449
TXN_002651,ACC_0132,ACC_0027,4022.37,2026-02-12 15:50:51.006218
TXN_004605,ACC_0291,ACC_0161,4734.52,2026-02-12 16:06:35.064761
TXN_008174,ACC_0421,ACC_0384,2239.3,2026-02-12 16:13:12.680754
TXN_008239,ACC_0310,ACC_0401,669.9,2026-02-12 16:14:50.439695
TXN_004186,ACC_0344,ACC_0073,4514.6,2026-02-12 16:15:50.721206
TXN_002267,ACC_0119,ACC_0352,3316.49,2026-02-12 16:25:13.228948
TXN_001368,ACC_0358,ACC_0431,3861.33,2026-02-12 16:25:57.908485
TXN_005819,ACC_0282,ACC_0315,1924.96,2026-02-12 16:29:05.589866
TXN_002249,ACC_0199,ACC_0306,3008.17,2026-02-12 16:37:14.545386
TXN_005240,ACC_0061,ACC_0442,3130.62,2026-02-12 16:41:34.347435
TXN_007613,ACC_0369,ACC_0348,1498.69,2026-02-12 16:44:08.097892
TXN_009653,ACC_0135,ACC_0040,2019.89,2026-02-12 16:46:51.948571
TXN_004324,ACC_0372,ACC_0098,4543.46,2026-02-12 16:53:23.749723
TXN_000927,ACC_0317,ACC_0108,3988.54,2026-02-12 16:59:21.647653
TXN_009111,ACC_0128,ACC_0295,4671.31,2026-02-12 17:05:40.731054
TXN_006062,ACC_0263,ACC_0415,3062.75,2026-02-12 17:05:57.787862
TXN_006929,ACC_0089,ACC_0351,2164.01,2026-02-12 17:14:39.923769
TXN_005745,ACC_0284,ACC_0222,1307.72,2026-02-12 17:23:30.315458
TXN_006083,ACC_0069,ACC_0202,2504.15,2026-02-12 17:26:39.524967
TXN_002292,ACC_0054,ACC_0218,4544.43,2026-02-12 17:27:05.238611
TXN_004653,ACC_0006,ACC_0075,3130.32,2026-02-12 17:36:23.895018
TXN_008451,ACC_0244,ACC_0439,4635.98,2026-02-12 17:45:13.273226
TXN_006902,ACC_0084,ACC_0429,2013.22,2026-02-12 17:49:16.667042
TXN_001358,ACC_0235,ACC_0077,190.15,2026-02-12 17:49:17.892950
TXN_006072,ACC_0356,ACC_0288,4540.44,2026-02-12 17:50:48.322043
TXN_008319,ACC_0055,ACC_0180,3941.52,2026-02-12 17:52:50.954248
TXN_008787,ACC_0127,ACC_0290,1715.76,2026-02-12 18:00:34.571861
TXN_007587,ACC_0094,ACC_0057,3188.49,2026-02-12 18:07:09.863105
TXN_007098,ACC_0065,ACC_0112,2837.38,2026-02-12 18:19:27.402951
TXN_006105,ACC_0342,ACC_0333,2263.98,2026-02-12 18:22:57.387480
TXN_002298,ACC_0375,ACC_0438,3788.12,2026-02-12 18:23:23.997772
TXN_003653,ACC_0240,ACC_0466,3186.08,2026-02-12 18:29:00.965114
TXN_001009,ACC_0429,ACC_0360,3524.92,2026-02-12 18:29:29.111592
TXN_002321,ACC_0022,ACC_0006,1330.86,2026-02-12 18:35:46.779938
TXN_004685,ACC_0152,ACC_0441,2198.33,2026-02-12 18:41:13.408898
TXN_007142,ACC_0056,ACC_0119,1785.49,2026-02-12 18:48:21.028735
TXN_008779,ACC_0073,ACC_0410,601.11,2026-02-12 18:48:25.174976
TXN_003129,ACC_0226,ACC_0135,1405.42,2026-02-12 18:49:02.282775
TXN_000753,ACC_0344,ACC_0455,2486.02,2026-02-12 18:49:49.329805
TXN_009570,ACC_0214,ACC_0369,3730.34,2026-02-12 18:56:13.650500
TXN_009663,ACC_0028,ACC_0270,3895.86,2026-02-12 19:04:05.648689
TXN_004662,ACC_0125,ACC_0443,135.01,2026-02-12 19:05:34.321694
TXN_000992,ACC_0421,ACC_0318,3520.05,2026-02-12 19:07:43.730290
TXN_003125,ACC_0193,ACC_0285,1500.97,2026-02-12 19:10:32.806582
TXN_005370,ACC_0212,ACC_0240,4589.7,2026-02-12 19:11:43.713263
TXN_004023,ACC_0220,ACC_0285,296.08,2026-02-12 19:17:21.962220
TXN_007591,ACC_0227,ACC_0064,2524.03,2026-02-12 19:20:43.893218
TXN_004466,ACC_0107,ACC_0433,2731.82,2026-02-12 19:23:51.152836
TXN_003606,ACC_0097,ACC_0453,2447.48,2026-02-12 19:24:06.156628
TXN_009636,ACC_0289,ACC_0064,4373.01,2026-02-12 19:24:54.256292
TXN_007785,ACC_0148,ACC_0170,2384.45,2026-02-12 19:27:24.117334
TXN_005695,ACC_0421,ACC_0106,948.39,2026-02-12 19:28:36.018993
TXN_004980,ACC_0082,ACC_0319,3799.49,2026-02-12 19:32:37.972205
TXN_007328,ACC_0181,ACC_0239,4010.28,2026-02-12 19:38:47.637252
TXN_009332,ACC_0308,ACC_0070,4617.8,2026-02-12 19:41:09.431177
TXN_005137,ACC_0367,ACC_0262,3971.49,2026-02-12 19:47:47.905488
TXN_006484,ACC_0252,ACC_0006,1410.64,2026-02-12 19:51:08.162651
TXN_002278,ACC_0055,ACC_0018,3378.21,2026-02-12 19:58:51.930796
TXN_001472,ACC_0456,ACC_0084,3880.66,2026-02-12 20:02:34.425969
TXN_009141,ACC_0050,ACC_0346,2149.57,2026-02-12 20:08:16.110594
TXN_009369,ACC_0259,ACC_0172,3129.58,2026-02-12 20:08:25.713018
TXN_000461,ACC_0156,ACC_0380,1169.32,2026-02-12 20:10:19.154310
TXN_007870,ACC_0431,ACC_0173,3743.94,2026-02-12 20:14:17.146407
TXN_007078,ACC_0346,ACC_0268,3327.45,2026-02-12 20:16:23.942675
TXN_004196,ACC_0009,ACC_0378,3905.64,2026-02-12 20:22:35.940666
TXN_006443,ACC_0204,ACC_0282,2508.55,2026-02-12 20:27:38.591485
TXN_001343,ACC_0299,ACC_0411,563.3,2026-02-12 20:39:57.228173
TXN_006395,ACC_0148,ACC_0055,2842.5,2026-02-12 20:41:57.673390
TXN_008172,ACC_0090,ACC_0203,4390.25,2026-02-12 20:45:26.018213
TXN_004724,ACC_0203,ACC_0096,3596.67,2026-02-12 20:47:42.806582
TXN_000829,ACC_0393,ACC_0389,2619.47,2026-02-12 20:57:30.251768
TXN_000991,ACC_0107,ACC_0054,4027.89,2026-02-12 20:59:14.560573
TXN_000676,ACC_0171,ACC_0368,3005.01,2026-02-12 21:04:43.240632
TXN_003576,ACC_0327,ACC_0082,1227.36,2026-02-12 21:08:14.331765
TXN_006188,ACC_0033,ACC_0440,3207.0,2026-02-12 21:21:15.791891
TXN_008311,ACC_0155,ACC_0053,2155.5,2026-02-12 21:24:27.522052
TXN_002019,ACC_0040,ACC_0400,3596.18,2026-02-12 21:27:22.500391
TXN_000514,ACC_0374,ACC_0329,3680.52,2026-02-12 21:38:34.448633
TXN_002063,ACC_0325,ACC_0445,4410.46,2026-02-12 21:41:16.188855
TXN_003455,ACC_0126,ACC_0350,2792.57,2026-02-12 21:46:08.307067
TXN_007163,ACC_0357,ACC_0226,3350.64,2026-02-12 21:55:57.128393
TXN_001639,ACC_0279,ACC_0100,905.14,2026-02-12 21:56:24.276748
TXN_008166,ACC_0220,ACC_0155,427.09,2026-02-12 21:57:55.497376
TXN_008501,ACC_0095,ACC_0216,2830.29,2026-02-12 22:04:55.474199
TXN_009864,ACC_0386,ACC_0093,1041.65,2026-02-12 22:10:44.980552
TXN_004287,ACC_0083,ACC_0266,1272.57,2026-02-12 22:15:51.856176
TXN_005335,ACC_0045,ACC_0070,3541.15,2026-02-12 22:17:56.442162
TXN_006049,ACC_0219,ACC_0149,2502.78,2026-02-12 22:24:37.244807
TXN_002848,ACC_0366,ACC_0192,3502.53,2026-02-12 22:24:46.224175
TXN_009020,ACC_0238,ACC_0408,3370.04,2026-02-12 22:28:52.431305
TXN_004437,ACC_0161,ACC_0401,786.94,2026-02-12 22:30:24.666380
TXN_008030,ACC_0317,ACC_0156,3906.05,2026-02-12 22:46:08.271090
TXN_008353,ACC_0028,ACC_0383,2036.44,2026-02-12 22:54:18.861931
TXN_008809,ACC_0219,ACC_0329,664.53,2026-02-12 22:55:17.583690
TXN_007377,ACC_0214,ACC_0144,4973.92,2026-02-12 22:56:33.481077
TXN_002808,ACC_0434,ACC_0317,421.98,2026-02-12 22:58:03.719657
TXN_000721,ACC_0360,ACC_0072,1862.57,2026-02-12 22:58:24.722514
TXN_007397,ACC_0078,ACC_0309,1198.57,2026-02-12 23:01:02.768517
TXN_002852,ACC_0402,ACC_0140,2346.58,2026-02-12 23:01:53.448677
TXN_004893,ACC_0429,ACC_0021,562.81,2026-02-12 23:06:04.246023
TXN_005564,ACC_0165,ACC_0048,3781.98,2026-02-12 23:19:27.492709
TXN_002682,ACC_0255,ACC_0065,3364.7,2026-02-12 23:25:33.122789
TXN_005342,ACC_0136,ACC_0363,2670.66,2026-02-12 23:27:47.119899
TXN_009397,ACC_0255,ACC_0090,3100.75,2026-02-12 23:33:25.442814
TXN_003594,ACC_0068,ACC_0146,4604.73,2026-02-12 23:40:46.981378
TXN_006023,ACC_0167,ACC_0241,3607.94,2026-02-12 23:45:48.478311
TXN_000287,ACC_0054,ACC_0495,8589.41,2026-02-12 23:58:20.985475
TXN_005940,ACC_0122,ACC_0263,992.51,2026-02-12 23:58:31.002709
TXN_003039,ACC_0133,ACC_0303,2030.12,2026-02-13 00:02:58.981614
TXN_007236,ACC_0398,ACC_0179,4101.57,2026-02-13 00:03:25.388136
TXN_001524,ACC_0432,ACC_0100,3893.16,2026-02-13 00:06:09.272189
TXN_003608,ACC_0467,ACC_0185,590.75,2026-02-13 00:14:14.206557
TXN_002792,ACC_0130,ACC_0419,4851.71,2026-02-13 00:28:33.649839
TXN_001374,ACC_0417,ACC_0130,1486.84,2026-02-13 00:29:12.472542
TXN_001879,ACC_0109,ACC_0440,2974.0,2026-02-13 00:32:30.470801
TXN_000073,ACC_0474,ACC_0475,22588.67,2026-02-13 00:38:50.424293
TXN_003327,ACC_0084,ACC_0075,2205.35,2026-02-13 00:42:09.464086
TXN_006019,ACC_0334,ACC_0216,870.72,2026-02-13 00:44:42.901038
TXN_004509,ACC_0145,ACC_0011,3655.3,2026-02-13 00:44:49.236055
TXN_000288,ACC_0495,ACC_0467,8159.94,2026-02-13 00:48:14.603575
TXN_002779,ACC_0129,ACC_0403,2676.49,2026-02-13 00:49:24.393544
TXN_002669,ACC_0455,ACC_0233,1826.43,2026-02-13 00:52:44.264180
TXN_007407,ACC_0051,ACC_0066,1953.48,2026-02-13 00:56:14.932324
TXN_006317,ACC_0195,ACC_0103,1255.03,2026-02-13 00:58:52.060282
TXN_003350,ACC_0020,ACC_0343,3402.94,2026-02-13 01:01:37.731789
TXN_002073,ACC_0254,ACC_0340,4768.19,2026-02-13 01:06:39.513979
TXN_005626,ACC_0276,ACC_0079,3151.22,2026-02-13 01:24:40.942795
TXN_000855,ACC_0191,ACC_0038,1573.39,2026-02-13 01:30:57.151316
TXN_009157,ACC_0389,ACC_0332,4912.55,2026-02-13 01:35:05.917121
TXN_007764,ACC_0195,ACC_0349,3153.13,2026-02-13 01:42:26.145099
TXN_009538,ACC_0274,ACC_0090,2319.28,2026-02-13 01:43:54.109545
TXN_001273,ACC_0114,ACC_0164,1099.49,2026-02-13 01:44:55.682614
TXN_007738,ACC_0014,ACC_0239,1011.49,2026-02-13 01:45:36.714454
TXN_007358,ACC_0234,ACC_0413,1878.45,2026-02-13 01:50:34.149939
TXN_001165,ACC_0134,ACC_0102,4054.32,2026-02-13 01:50:43.168748
TXN_000866,ACC_0093,ACC_0111,3425.31,2026-02-13 01:54:34.690402
TXN_007781,ACC_0060,ACC_0352,3551.67,2026-02-13 01:55:03.895304
TXN_008283,ACC_0133,ACC_0276,2899.67,2026-02-13 02:00:32.673147
TXN_008938,ACC_0082,ACC_0384,934.93,2026-02-13 02:12:58.342146
TXN_006422,ACC_0252,ACC_0412,1917.85,2026-02-13 02:15:26.218880
TXN_003190,ACC_0218,ACC_0458,1668.04,2026-02-13 02:19:23.550100
TXN_001429,ACC_0442,ACC_0282,1295.38,2026-02-13 02:23:11.082747
TXN_003374,ACC_0100,ACC_0369,2981.88,2026-02-13 02:30:04.271823
TXN_008641,ACC_0139,ACC_0055,1049.07,2026-02-13 02:36:26.398908
TXN_004079,ACC_0355,ACC_0098,2449.36,2026-02-13 02:42:28.859990
TXN_004378,ACC_0156,ACC_0368,1627.31,2026-02-13 02:43:56.822750
TXN_008327,ACC_0249,ACC_0044,3534.31,2026-02-13 02:50:34.605553
TXN_009305,ACC_0347,ACC_0374,4460.2,2026-02-13 02:58:10.973783
TXN_002919,ACC_0086,ACC_0175,2682.03,2026-02-13 03:07:01.322529
TXN_002390,ACC_0324,ACC_0401,4951.51,2026-02-13 03:10:28.642094
TXN_002928,ACC_0309,ACC_0225,1368.44,2026-02-13 03:12:13.146777
TXN_008512,ACC_0109,ACC_0155,4997.73,2026-02-13 03:19:11.529172
TXN_004249,ACC_0023,ACC_0152,4639.65,2026-02-13 03:23:38.178912
TXN_009578,ACC_0160,ACC_0190,4015.51,2026-02-13 03:30:53.464448
TXN_002733,ACC_0033,ACC_0106,1019.39,2026-02-13 03:31:12.639462
TXN_004916,ACC_0466,ACC_0057,2896.12,2026-02-13 03:35:55.386405
TXN_004898,ACC_0405,ACC_0266,3135.84,2026-02-13 03:46:38.423755
TXN_000839,ACC_0133,ACC_0345,205.92,2026-02-13 03:50:24.068027
TXN_002376,ACC_0239,ACC_0146,2217.43,2026-02-13 03:50:55.841304
TXN_006100,ACC_0073,ACC_0094,657.69,2026-02-13 03:53:25.323997
TXN_007674,ACC_0054,ACC_0168,3730.79,2026-02-13 03:59:53.867778
TXN_001522,ACC_0295,ACC_0391,880.09,2026-02-13 04:01:47.322240
TXN_008494,ACC_0283,ACC_0027,1775.12,2026-02-13 04:01:47.928545
TXN_005064,ACC_0193,ACC_0037,1627.4,2026-02-13 04:04:32.429385
TXN_009248,ACC_0346,ACC_0241,2430.3,2026-02-13 04:10:07.070152
TXN_004066,ACC_0229,ACC_0181,3145.9,2026-02-13 04:15:39.069898
TXN_000472,ACC_0069,ACC_0194,714.68,2026-02-13 04:16:12.954187
TXN_005891,ACC_0183,ACC_0037,4860.48,2026-02-13 04:24:04.002421
TXN_001119,ACC_0027,ACC_0352,1807.36,2026-02-13 04:29:22.334318
TXN_001690,ACC_0340,ACC_0370,790.22,2026-02-13 04:35:06.453035
TXN_002255,ACC_0271,ACC_0312,1551.81,2026-02-13 04:46:52.338970
TXN_004885,ACC_0402,ACC_0411,957.94,2026-02-13 04:48:45.939237
TXN_002143,ACC_0374,ACC_0031,1257.27,2026-02-13 04:54:13.248632
TXN_005225,ACC_0422,ACC_0233,1122.35,2026-02-13 04:57:45.404392
TXN_009747,ACC_0248,ACC_0025,894.38,2026-02-13 05:03:12.766203
TXN_006268,ACC_0106,ACC_0392,630.76,2026-02-13 05:13:37.591550
TXN_002447,ACC_0394,ACC_0004,4410.81,2026-02-13 05:16:43.630723
TXN_000611,ACC_0211,ACC_0467,1584.41,2026-02-13 05:18:39.374794
TXN_005806,ACC_0080,ACC_0372,3199.8,2026-02-13 05:21:04.417139
TXN_002861,ACC_0289,ACC_0022,1323.22,2026-02-13 05:27:29.856841
TXN_005868,ACC_0186,ACC_0310,3984.38,2026-02-13 05:27:36.447363
TXN_000515,ACC_0386,ACC_0084,3992.61,2026-02-13 05:30:35.601204
TXN_007443,ACC_0457,ACC_0438,3667.66,2026-02-13 05:33:15.979438
TXN_005909,ACC_0153,ACC_0221,4249.16,2026-02-13 05:37:42.626632
TXN_004162,ACC_0252,ACC_0329,1107.12,2026-02-13 05:39:54.363717
TXN_004880,ACC_0251,ACC_0417,199.19,2026-02-13 05:40:27.668163
TXN_002528,ACC_0377,ACC_0189,3954.62,2026-02-13 05:46:33.931972
TXN_004497,ACC_0260,ACC_0329,2842.4,2026-02-13 05:49:38.070815
TXN_005316,ACC_0411,ACC_0465,1656.73,2026-02-13 05:59:20.842973
TXN_008586,ACC_0252,ACC_0358,4503.95,2026-02-13 06:01:35.244309
TXN_001407,ACC_0407,ACC_0127,1860.89,2026-02-13 06:03:09.505125
TXN_002231,ACC_0016,ACC_0226,1617.4,2026-02-13 06:04:19.540799
TXN_007180,ACC_0018,ACC_0298,4825.23,2026-02-13 06:04:24.984229
TXN_007169,ACC_0200,ACC_0001,3986.78,2026-02-13 06:07:43.710142
TXN_005808,ACC_0121,ACC_0093,484.98,2026-02-13 06:07:50.738451
TXN_001647,ACC_0324,ACC_0217,4026.18,2026-02-13 06:10:56.858264
TXN_005935,ACC_0319,ACC_0176,4089.39,2026-02-13 06:15:52.898849
TXN_001062,ACC_0372,ACC_0055,1530.37,2026-02-13 06:22:12.211600
TXN_007585,ACC_0226,ACC_0207,960.99,2026-02-13 06:24:41.805010
TXN_005412,ACC_0015,ACC_0185,537.41,2026-02-13 06:26:01.057709
TXN_006390,ACC_0345,ACC_0054,3342.18,2026-02-13 06:37:29.480084
TXN_008533,ACC_0278,ACC_0021,4258.87,2026-02-13 06:38:34.710402
TXN_001681,ACC_0226,ACC_0195,1681.79,2026-02-13 06:38:36.827770
TXN_007915,ACC_0125,ACC_0350,3219.09,2026-02-13 06:40:45.071585
TXN_009239,ACC_0411,ACC_0197,1268.35,2026-02-13 06:59:53.243622
TXN_007850,ACC_0400,ACC_0010,460.55,2026-02-13 07:00:51.246699
TXN_008443,ACC_0356,ACC_0313,4319.86,2026-02-13 07:07:14.909732
TXN_007496,ACC_0145,ACC_0104,3018.34,2026-02-13 07:16:42.415856
TXN_007396,ACC_0411,ACC_0175,4404.42,2026-02-13 07:20:06.130518
TXN_001726,ACC_0068,ACC_0013,1309.53,2026-02-13 07:21:26.469420
TXN_000859,ACC_0444,ACC_0166,4625.14,2026-02-13 07:23:41.076115
TXN_009889,ACC_0016,ACC_0072,4894.4,2026-02-13 07:26:33.279635
TXN_003243,ACC_0220,ACC_0132,2238.17,2026-02-13 07:28:14.994142
TXN_004546,ACC_0164,ACC_0215,2402.49,2026-02-13 07:30:25.751808
TXN_009473,ACC_0264,ACC_0315,4505.3,2026-02-13 07:30:35.456802
TXN_002781,ACC_0323,ACC_0106,4467.7,2026-02-13 07:32:37.743493
TXN_006206,ACC_0085,ACC_0066,872.34,2026-02-13 08:08:16.343156
TXN_002365,ACC_0165,ACC_0222,4186.42,2026-02-13 08:09:54.248758
TXN_001178,ACC_0148,ACC_0156,3167.94,2026-02-13 08:11:34.504890
TXN_008206,ACC_0373,ACC_0201,1781.15,2026-02-13 08:17:29.644285
TXN_008695,ACC_0110,ACC_0049,2809.96,2026-02-13 08:23:09.257513
TXN_007261,ACC_0106,ACC_0408,2960.08,2026-02-13 08:26:33.185915
TXN_000588,ACC_0147,ACC_0421,3950.04,2026-02-13 08:27:37.353432
TXN_005725,ACC_0246,ACC_0040,2781.36,2026-02-13 08:27:55.079088
TXN_009959,ACC_0231,ACC_0242,2362.73,2026-02-13 08:31:50.086388
TXN_004176,ACC_0126,ACC_0165,1510.89,2026-02-13 08:35:21.909418
TXN_005950,ACC_0031,ACC_0374,3410.28,2026-02-13 08:42:23.243266
TXN_000890,ACC_0150,ACC_0141,3991.22,2026-02-13 08:48:32.657828
TXN_008445,ACC_0268,ACC_0438,4840.3,2026-02-13 08:49:18.482839
TXN_002555,ACC_0068,ACC_0375,4379.26,2026-02-13 08:54:24.921079
TXN_009886,ACC_0431,ACC_0241,1178.11,2026-02-13 08:57:33.023338
TXN_001744,ACC_0455,ACC_0230,1986.23,2026-02-13 09:00:57.409275
TXN_000900,ACC_0381,ACC_0449,865.2,2026-02-13 09:05:47.684724
TXN_007293,ACC_0079,ACC_0300,1149.59,2026-02-13 09:16:51.992646
TXN_004482,ACC_0031,ACC_0025,397.12,2026-02-13 09:18:19.867132
TXN_003873,ACC_0061,ACC_0383,2634.42,2026-02-13 09:21:22.250279
TXN_009569,ACC_0254,ACC_0267,3183.86,2026-02-13 09:24:53.795722
TXN_002095,ACC_0308,ACC_0311,4816.96,2026-02-13 09:38:55.266748
TXN_002535,ACC_0262,ACC_0221,1002.11,2026-02-13 09:42:14.776139
TXN_005041,ACC_0402,ACC_0371,2449.49,2026-02-13 09:42:16.203231
TXN_006567,ACC_0371,ACC_0242,4809.34,2026-02-13 09:46:31.078526
TXN_009455,ACC_0043,ACC_0403,1185.91,2026-02-13 09:48:34.167743
TXN_008056,ACC_0075,ACC_0398,2489.12,2026-02-13 09:52:29.415357
TXN_000034,ACC_0477,ACC_0478,6854.5,2026-02-13 10:09:47.627914
TXN_008388,ACC_0091,ACC_0291,1840.31,2026-02-13 10:11:03.954481
TXN_004423,ACC_0202,ACC_0173,3008.09,2026-02-13 10:15:09.388088
TXN_008198,ACC_0142,ACC_0432,4623.8,2026-02-13 10:17:47.699421
TXN_001191,ACC_0377,ACC_0035,2489.54,2026-02-13 10:19:00.150594
TXN_007238,ACC_0120,ACC_0378,660.05,2026-02-13 10:19:59.746575
TXN_003366,ACC_0024,ACC_0380,338.78,2026-02-13 10:21:16.698697
TXN_002467,ACC_0243,ACC_0046,2403.13,2026-02-13 10:22:14.392498
TXN_003948,ACC_0301,ACC_0034,4016.48,2026-02-13 10:34:19.970352
TXN_005845,ACC_0017,ACC_0298,4705.59,2026-02-13 10:48:37.646474
TXN_006286,ACC_0225,ACC_0291,3846.18,2026-02-13 11:00:28.105276
TXN_007245,ACC_0421,ACC_0447,571.08,2026-02-13 11:07:47.370583
TXN_008318,ACC_0298,ACC_0039,3077.28,2026-02-13 11:08:18.658886
TXN_004790,ACC_0084,ACC_0174,4486.96,2026-02-13 11:19:11.390948
TXN_006131,ACC_0095,ACC_0013,2542.85,2026-02-13 11:30:49.466905
TXN_004275,ACC_0348,ACC_0367,4876.94,2026-02-13 11:36:34.745409
TXN_003226,ACC_0082,ACC_0411,1250.86,2026-02-13 11:40:02.096650
TXN_008496,ACC_0238,ACC_0194,3998.7,2026-02-13 11:57:59.715851
TXN_006079,ACC_0076,ACC_0435,3910.28,2026-02-13 11:58:05.816290
TXN_004876,ACC_0330,ACC_0194,2361.26,2026-02-13 11:58:57.059122
TXN_000050,ACC_0480,ACC_0476,7158.11,2026-02-13 12:00:46.497596
TXN_006009,ACC_0366,ACC_0420,2022.99,2026-02-13 12:06:40.870559
TXN_001308,ACC_0058,ACC_0170,3204.06,2026-02-13 12:07:41.946535
TXN_006535,ACC_0377,ACC_0307,4119.36,2026-02-13 12:09:02.810106
TXN_001691,ACC_0274,ACC_0415,1356.8,2026-02-13 12:14:20.604954
TXN_009635,ACC_0434,ACC_0012,4776.1,2026-02-13 12:14:31.723645
TXN_002111,ACC_0309,ACC_0129,2270.31,2026-02-13 12:17:27.181637
TXN_002191,ACC_0401,ACC_0044,4006.14,2026-02-13 12:30:04.748314
TXN_000749,ACC_0058,ACC_0285,4243.88,2026-02-13 12:31:24.754354
TXN_004808,ACC_0308,ACC_0002,197.37,2026-02-13 12:31:45.181954
TXN_008440,ACC_0035,ACC_0459,932.55,2026-02-13 12:32:16.982472
TXN_002536,ACC_0427,ACC_0043,1187.14,2026-02-13 12:39:38.895531
TXN_004684,ACC_0093,ACC_0352,1522.96,2026-02-13 12:42:39.136297
TXN_006989,ACC_0042,ACC_0146,1026.37,2026-02-13 12:51:17.879965
TXN_007931,ACC_0115,ACC_0317,3252.38,2026-02-13 12:55:59.744094
TXN_004707,ACC_0003,ACC_0176,1179.77,2026-02-13 12:56:35.616459
TXN_003568,ACC_0392,ACC_0284,1678.52,2026-02-13 13:00:39.542193
TXN_006441,ACC_0212,ACC_0389,1470.79,2026-02-13 13:03:11.333382
TXN_004799,ACC_0229,ACC_0345,136.95,2026-02-13 13:03:59.292284
TXN_007008,ACC_0252,ACC_0304,1045.49,2026-02-13 13:04:54.917366
TXN_001032,ACC_0293,ACC_0183,4007.39,2026-02-13 13:16:30.549540
TXN_003906,ACC_0105,ACC_0469,3437.55,2026-02-13 13:20:48.204946
TXN_004985,ACC_0317,ACC_0220,1240.37,2026-02-13 13:23:17.006400
TXN_002951,ACC_0431,ACC_0198,1609.52,2026-02-13 13:29:00.943077
TXN_009469,ACC_0122,ACC_0030,3870.96,2026-02-13 13:29:35.747233
TXN_001345,ACC_0323,ACC_0175,630.45,2026-02-13 13:31:22.206196
TXN_008068,ACC_0264,ACC_0083,368.72,2026-02-13 13:32:52.956100
TXN_000056,ACC_0480,ACC_0476,6809.46,2026-02-13 13:36:17.612076
TXN_003918,ACC_0311,ACC_0138,2889.8,2026-02-13 13:37:23.711421
TXN_003686,ACC_0036,ACC_0432,3891.11,2026-02-13 13:39:04.798526
TXN_001777,ACC_0216,ACC_0407,1187.21,2026-02-13 13:41:48.387215
TXN_003887,ACC_0124,ACC_0213,3057.57,2026-02-13 13:43:37.039241
TXN_000548,ACC_0209,ACC_0307,911.22,2026-02-13 13:44:53.401498
TXN_003785,ACC_0369,ACC_0138,4933.69,2026-02-13 13:59:05.909215
TXN_000790,ACC_0306,ACC_0299,2968.22,2026-02-13 14:03:07.373545
TXN_002193,ACC_0250,ACC_0138,4564.71,2026-02-13 14:14:40.227814
TXN_002518,ACC_0315,ACC_0192,4114.73,2026-02-13 14:16:03.688329
TXN_005431,ACC_0159,ACC_0281,958.86,2026-02-13 14:25:03.953498
TXN_002139,ACC_0035,ACC_0375,668.67,2026-02-13 14:26:11.743094
TXN_003043,ACC_0272,ACC_0030,3357.84,2026-02-13 14:33:00.901182
TXN_004821,ACC_0148,ACC_0392,4937.48,2026-02-13 14:39:34.927115
TXN_000712,ACC_0351,ACC_0441,197.4,2026-02-13 14:44:49.892669
TXN_005042,ACC_0104,ACC_0448,3206.33,2026-02-13 14:46:31.320661
TXN_003204,ACC_0303,ACC_0029,2022.62,2026-02-13 14:47:43.886620
TXN_004439,ACC_0027,ACC_0332,2734.35,2026-02-13 14:47:46.360151
TXN_006478,ACC_0408,ACC_0330,4406.04,2026-02-13 14:48:10.054585
TXN_001829,ACC_0199,ACC_0054,2470.03,2026-02-13 14:52:21.552567
TXN_003645,ACC_0004,ACC_0062,3026.09,2026-02-13 15:00:17.143534
TXN_008364,ACC_0200,ACC_0384,712.41,2026-02-13 15:06:53.376472
TXN_002456,ACC_0091,ACC_0257,4108.84,2026-02-13 15:08:36.645365
TXN_005150,ACC_0195,ACC_0419,2018.63,2026-02-13 15:22:25.056155
TXN_005545,ACC_0015,ACC_0108,3320.98,2026-02-13 15:29:39.144007
TXN_001610,ACC_0227,ACC_0340,1924.93,2026-02-13 15:30:30.457901
TXN_004713,ACC_0050,ACC_0237,2038.15,2026-02-13 15:35:06.744402
TXN_006777,ACC_0237,ACC_0428,961.99,2026-02-13 15:35:43.008627
TXN_004349,ACC_0064,ACC_0414,1208.06,2026-02-13 15:40:41.445580
TXN_008875,ACC_0110,ACC_0145,2864.34,2026-02-13 15:44:04.088703
TXN_004006,ACC_0360,ACC_0191,1839.81,2026-02-13 15:47:44.852146
TXN_006714,ACC_0145,ACC_0456,3413.23,2026-02-13 15:48:05.162402
TXN_003319,ACC_0363,ACC_0016,3776.02,2026-02-13 15:56:28.483320
TXN_008846,ACC_0322,ACC_0040,1508.2,2026-02-13 16:01:26.716142
TXN_007070,ACC_0137,ACC_0180,3911.86,2026-02-13 16:02:56.573010
TXN_006667,ACC_0014,ACC_0123,278.31,2026-02-13 16:04:36.987093
TXN_005741,ACC_0226,ACC_0427,3460.88,2026-02-13 16:15:15.475238
TXN_004754,ACC_0149,ACC_0216,1547.03,2026-02-13 16:15:33.447568
TXN_005034,ACC_0251,ACC_0114,4762.06,2026-02-13 16:18:52.985348
TXN_000871,ACC_0434,ACC_0290,2827.86,2026-02-13 16:19:16.039701
TXN_005436,ACC_0013,ACC_0179,4580.43,2026-02-13 16:23:22.134715
TXN_005266,ACC_0138,ACC_0227,2470.06,2026-02-13 16:24:55.499230
TXN_007095,ACC_0351,ACC_0065,1294.85,2026-02-13 16:24:55.670374
TXN_006197,ACC_0212,ACC_0007,210.07,2026-02-13 16:32:43.110711
TXN_004037,ACC_0196,ACC_0132,351.84,2026-02-13 16:34:42.692179
TXN_008038,ACC_0051,ACC_0399,3644.05,2026-02-13 16:34:57.231121
TXN_006696,ACC_0343,ACC_0203,1807.84,2026-02-13 16:35:13.158621
TXN_004758,ACC_0268,ACC_0433,1632.6,2026-02-13 16:38:17.097769
TXN_001533,ACC_0346,ACC_0084,4147.16,2026-02-13 16:40:33.194844
TXN_000511,ACC_0116,ACC_0344,1248.07,2026-02-13 16:43:19.474356
TXN_009395,ACC_0227,ACC_0103,4087.65,2026-02-13 16:44:25.482466
TXN_000961,ACC_0081,ACC_0354,2312.53,2026-02-13 16:44:46.718709
TXN_007582,ACC_0194,ACC_0163,1630.65,2026-02-13 16:45:15.070194
TXN_006804,ACC_0385,ACC_0407,4910.06,2026-02-13 16:47:47.857797
TXN_009254,ACC_0436,ACC_0433,402.69,2026-02-13 16:49:10.611069
TXN_007272,ACC_0305,ACC_0189,1437.58,2026-02-13 16:49:13.042633
TXN_008834,ACC_0071,ACC_0103,1932.48,2026-02-13 16:55:55.504740
TXN_008677,ACC_0467,ACC_0239,3277.04,2026-02-13 17:06:52.210210
TXN_005957,ACC_0068,ACC_0222,244.43,2026-02-13 17:09:40.753202
TXN_007633,ACC_0243,ACC_0099,2897.81,2026-02-13 17:10:37.576728
TXN_001818,ACC_0238,ACC_0301,2401.13,2026-02-13 17:15:07.929236
TXN_009198,ACC_0353,ACC_0011,4267.54,2026-02-13 17:22:09.845570
TXN_002487,ACC_0018,ACC_0074,203.15,2026-02-13 17:24:22.782233
TXN_009229,ACC_0202,ACC_0200,949.59,2026-02-13 17:30:20.663247
TXN_001652,ACC_0158,ACC_0248,4506.27,2026-02-13 17:32:50.657208
TXN_005422,ACC_0336,ACC_0200,1854.02,2026-02-13 17:36:28.827977
TXN_002312,ACC_0293,ACC_0225,3636.54,2026-02-13 17:48:25.406685
TXN_000080,ACC_0475,ACC_0471,10635.42,2026-02-13 17:51:21.129911
TXN_001780,ACC_0221,ACC_0357,1272.88,2026-02-13 17:55:17.611535
TXN_008867,ACC_0059,ACC_0266,280.42,2026-02-13 17:55:47.094976
TXN_009362,ACC_0186,ACC_0448,318.02,2026-02-13 17:56:51.336094
TXN_007004,ACC_0126,ACC_0139,3274.96,2026-02-13 17:59:41.952191
TXN_003901,ACC_0036,ACC_0322,4411.42,2026-02-13 18:10:09.133672
TXN_002777,ACC_0002,ACC_0381,1251.27,2026-02-13 18:17:49.147707
TXN_007068,ACC_0203,ACC_0432,1958.46,2026-02-13 18:18:25.615259
TXN_001951,ACC_0100,ACC_0218,145.44,2026-02-13 18:21:06.758590
TXN_001565,ACC_0444,ACC_0280,3017.32,2026-02-13 18:42:41.505482
TXN_005243,ACC_0311,ACC_0467,290.29,2026-02-13 18:46:39.565300
TXN_003950,ACC_0052,ACC_0064,1119.76,2026-02-13 18:51:38.802046
TXN_009351,ACC_0344,ACC_0433,1581.88,2026-02-13 18:53:23.958450
TXN_006662,ACC_0349,ACC_0358,2779.51,2026-02-13 18:56:53.504156
TXN_000327,ACC_0084,ACC_0497,13809.6,2026-02-13 19:04:42.509617
TXN_001302,ACC_0257,ACC_0097,3556.07,2026-02-13 19:04:48.587116
TXN_006330,ACC_0424,ACC_0444,3068.89,2026-02-13 19:13:58.747808
TXN_006972,ACC_0440,ACC_0224,1578.05,2026-02-13 19:14:33.989064
TXN_008637,ACC_0191,ACC_0468,3097.09,2026-02-13 19:15:23.330119
TXN_004137,ACC_0005,ACC_0327,3030.1,2026-02-13 19:18:05.202603
TXN_009353,ACC_0034,ACC_0203,3189.21,2026-02-13 19:20:05.446762
TXN_007854,ACC_0318,ACC_0168,2929.36,2026-02-13 19:21:06.288466
TXN_002766,ACC_0177,ACC_0145,4738.11,2026-02-13 19:26:30.184152
TXN_002353,ACC_0027,ACC_0380,3189.45,2026-02-13 19:27:17.023759
TXN_005157,ACC_0343,ACC_0308,2555.75,2026-02-13 19:29:48.483760
TXN_007315,ACC_0350,ACC_0327,141.56,2026-02-13 19:33:19.401184
TXN_004904,ACC_0100,ACC_0350,2769.46,2026-02-13 19:33:45.902827
TXN_000850,ACC_0298,ACC_0279,4792.41,2026-02-13 19:39:28.175307
TXN_003021,ACC_0185,ACC_0289,242.0,2026-02-13 19:48:49.872928
TXN_002759,ACC_0276,ACC_0115,1189.0,2026-02-13 20:12:10.242454
TXN_008156,ACC_0222,ACC_0449,2328.95,2026-02-13 20:13:41.931093
TXN_000328,ACC_0497,ACC_0302,13119.12,2026-02-13 20:14:28.675602
TXN_007811,ACC_0141,ACC_0235,907.24,2026-02-13 20:51:36.694215
TXN_008856,ACC_0195,ACC_0435,4180.34,2026-02-13 21:01:59.716863
TXN_002517,ACC_0259,ACC_0248,2319.26,2026-02-13 21:14:58.755553
TXN_004632,ACC_0257,ACC_0177,4871.24,2026-02-13 21:18:29.429252
TXN_004548,ACC_0170,ACC_0121,928.76,2026-02-13 21:21:53.479585
TXN_000580,ACC_0028,ACC_0319,1381.43,2026-02-13 21:45:09.335032
TXN_009201,ACC_0221,ACC_0153,1959.23,2026-02-13 21:46:15.982339
TXN_000907,ACC_0135,ACC_0232,4483.4,2026-02-13 21:47:37.762029
TXN_005175,ACC_0392,ACC_0112,4759.07,2026-02-13 21:50:54.963210
TXN_009645,ACC_0366,ACC_0021,599.8,2026-02-13 21:53:56.873614
TXN_008197,ACC_0375,ACC_0403,2974.75,2026-02-13 22:00:09.345771
TXN_007516,ACC_0312,ACC_0461,4682.55,2026-02-13 22:02:43.509186
TXN_009935,ACC_0135,ACC_0022,3994.65,2026-02-13 22:04:23.992364
TXN_008802,ACC_0030,ACC_0405,489.59,2026-02-13 22:10:01.682692
TXN_000055,ACC_0480,ACC_0476,22203.0,2026-02-13 22:12:17.005173
TXN_005154,ACC_0443,ACC_0331,2763.73,2026-02-13 22:19:17.505738
TXN_009608,ACC_0419,ACC_0340,322.78,2026-02-13 22:23:10.809025
TXN_000692,ACC_0385,ACC_0289,2256.35,2026-02-13 22:31:15.838926
TXN_001800,ACC_0395,ACC_0120,4804.96,2026-02-13 22:31:21.165477
TXN_008337,ACC_0447,ACC_0137,518.01,2026-02-13 22:31:55.053590
TXN_009871,ACC_0072,ACC_0169,1556.56,2026-02-13 22:32:18.703502
TXN_000211,ACC_0204,ACC_0491,5164.57,2026-02-13 22:45:43.306926
TXN_001981,ACC_0386,ACC_0163,774.18,2026-02-13 22:49:27.279290
TXN_000343,ACC_0296,ACC_0498,11128.3,2026-02-13 22:54:32.199303
TXN_002638,ACC_0455,ACC_0080,1829.81,2026-02-13 22:56:43.008505
TXN_003712,ACC_0372,ACC_0449,4562.31,2026-02-13 22:58:46.184825
TXN_002040,ACC_0117,ACC_0161,962.51,2026-02-13 22:59:56.022686
TXN_003875,ACC_0263,ACC_0193,4047.12,2026-02-13 23:01:56.596175
TXN_009156,ACC_0438,ACC_0272,1397.07,2026-02-13 23:06:20.531807
TXN_008504,ACC_0371,ACC_0283,1794.73,2026-02-13 23:14:08.054350
TXN_001983,ACC_0290,ACC_0339,191.38,2026-02-13 23:18:41.813865
TXN_007124,ACC_0316,ACC_0388,3285.75,2026-02-13 23:30:23.493600
TXN_006611,ACC_0392,ACC_0336,506.12,2026-02-13 23:42:11.161126
TXN_006128,ACC_0242,ACC_0363,3951.0,2026-02-13 23:43:12.631612
TXN_000344,ACC_0498,ACC_0385,10571.89,2026-02-13 23:44:33.893424
TXN_003762,ACC_0299,ACC_0339,1779.29,2026-02-13 23:46:53.685253
TXN_008829,ACC_0440,ACC_0104,1198.57,2026-02-13 23:47:53.722573
TXN_007312,ACC_0245,ACC_0030,1382.13,2026-02-13 23:49:03.494007
TXN_008740,ACC_0391,ACC_0470,984.8,2026-02-13 23:53:55.130719
TXN_007209,ACC_0014,ACC_0057,3852.59,2026-02-13 23:59:40.266585
TXN_001801,ACC_0358,ACC_0236,3114.47,2026-02-14 00:06:00.800687
TXN_007887,ACC_0411,ACC_0441,1213.56,2026-02-14 00:07:23.625740
TXN_008102,ACC_0089,ACC_0295,2731.6,2026-02-14 00:09:46.526303
TXN_002552,ACC_0389,ACC_0412,4698.08,2026-02-14 00:15:59.677635
TXN_003574,ACC_0049,ACC_0401,4730.36,2026-02-14 00:17:48.789839
TXN_006772,ACC_0371,ACC_0089,2900.48,2026-02-14 00:24:48.075342
TXN_004965,ACC_0003,ACC_0180,164.13,2026-02-14 00:25:14.769477
TXN_002381,ACC_0079,ACC_0414,4799.83,2026-02-14 00:27:29.679313
TXN_008201,ACC_0420,ACC_0331,4568.71,2026-02-14 00:29:08.146931
TXN_000667,ACC_0007,ACC_0312,1838.01,2026-02-14 00:31:46.671223
TXN_006802,ACC_0056,ACC_0269,3423.59,2026-02-14 00:32:43.998237
TXN_004387,ACC_0081,ACC_0324,373.11,2026-02-14 00:33:09.805645
TXN_000212,ACC_0491,ACC_0346,4906.34,2026-02-14 00:37:24.289975
TXN_005673,ACC_0441,ACC_0315,3115.4,2026-02-14 00:38:23.028447
TXN_005859,ACC_0197,ACC_0319,2062.34,2026-02-14 00:40:58.737105
TXN_009811,ACC_0251,ACC_0285,1646.01,2026-02-14 00:43:23.014393
TXN_005021,ACC_0153,ACC_0109,4235.02,2026-02-14 00:46:12.189615
TXN_008167,ACC_0421,ACC_0208,4194.07,2026-02-14 00:53:17.454665
TXN_006990,ACC_0032,ACC_0222,3967.1,2026-02-14 01:01:07.585303
TXN_003741,ACC_0455,ACC_0181,3134.33,2026-02-14 01:01:30.802963
TXN_003565,ACC_0128,ACC_0275,4060.5,2026-02-14 01:02:08.828795
TXN_000357,ACC_0143,ACC_0498,7904.44,2026-02-14 01:12:26.426457
TXN_001441,ACC_0442,ACC_0156,3295.49,2026-02-14 01:13:26.568119
TXN_003478,ACC_0089,ACC_0324,1289.48,2026-02-14 01:15:57.581313
TXN_002468,ACC_0287,ACC_0106,1564.55,2026-02-14 01:19:54.554884
TXN_005512,ACC_0214,ACC_0360,3501.4,2026-02-14 01:22:31.784089
TXN_008515,ACC_0046,ACC_0053,649.34,2026-02-14 01:41:35.599810
TXN_000358,ACC_0498,ACC_0278,7509.22,2026-02-14 01:50:01.591301
TXN_003547,ACC_0088,ACC_0136,3771.04,2026-02-14 01:59:43.613136
TXN_002720,ACC_0099,ACC_0300,1048.2,2026-02-14 02:01:52.589913
TXN_007285,ACC_0260,ACC_0325,2158.22,2026-02-14 02:05:33.673075
TXN_002367,ACC_0250,ACC_0362,2394.42,2026-02-14 02:19:10.058302
TXN_001605,ACC_0030,ACC_0190,769.09,2026-02-14 02:19:39.295156
TXN_003553,ACC_0271,ACC_0279,344.0,2026-02-14 02:20:01.874981
TXN_008474,ACC_0323,ACC_0007,2543.33,2026-02-14 02:21:41.546554
TXN_001061,ACC_0390,ACC_0274,1147.39,2026-02-14 02:25:11.445687
TXN_009130,ACC_0086,ACC_0316,4869.65,2026-02-14 02:29:20.217285
TXN_003546,ACC_0010,ACC_0342,3266.52,2026-02-14 02:34:46.284278
TXN_003217,ACC_0418,ACC_0454,4637.12,2026-02-14 02:38:05.216924
TXN_005105,ACC_0322,ACC_0056,3456.65,2026-02-14 02:44:22.496603
TXN_005162,ACC_0191,ACC_0261,1992.96,2026-02-14 02:47:08.216855
TXN_005119,ACC_0237,ACC_0333,301.72,2026-02-14 02:50:42.428374
TXN_002035,ACC_0059,ACC_0214,629.04,2026-02-14 03:06:51.111983
TXN_004796,ACC_0006,ACC_0112,4698.94,2026-02-14 03:12:00.346046
TXN_006114,ACC_0430,ACC_0460,4584.04,2026-02-14 03:16:04.391259
TXN_009463,ACC_0271,ACC_0353,1230.77,2026-02-14 03:27:45.621240
TXN_000484,ACC_0441,ACC_0086,2012.12,2026-02-14 03:30:12.598467
TXN_009698,ACC_0408,ACC_0201,826.63,2026-02-14 03:42:05.421161
TXN_002198,ACC_0388,ACC_0017,3705.76,2026-02-14 03:43:24.729944
TXN_008033,ACC_0452,ACC_0026,1944.21,2026-02-14 03:47:03.155592
TXN_004345,ACC_0432,ACC_0462,1228.28,2026-02-14 03:52:32.171892
TXN_007847,ACC_0365,ACC_0002,1245.93,2026-02-14 03:57:58.793824
TXN_003771,ACC_0434,ACC_0113,3239.97,2026-02-14 04:07:08.925549
TXN_004250,ACC_0279,ACC_0444,1165.77,2026-02-14 04:10:44.263609
TXN_007370,ACC_0466,ACC_0120,4783.07,2026-02-14 04:12:27.659149
TXN_002825,ACC_0051,ACC_0108,2770.11,2026-02-14 04:14:28.082457
TXN_003910,ACC_0378,ACC_0379,3809.62,2026-02-14 04:21:38.010038
TXN_004969,ACC_0425,ACC_0400,2325.93,2026-02-14 04:30:21.461662
TXN_006665,ACC_0066,ACC_0402,626.77,2026-02-14 04:40:50.681843
TXN_007350,ACC_0081,ACC_0222,3492.38,2026-02-14 04:41:38.006290
TXN_009255,ACC_0380,ACC_0086,2137.11,2026-02-14 04:42:00.540668
TXN_006455,ACC_0266,ACC_0195,284.48,2026-02-14 04:47:34.395663
TXN_001511,ACC_0283,ACC_0149,2143.33,2026-02-14 04:50:19.282274
TXN_004867,ACC_0058,ACC_0301,1071.69,2026-02-14 04:53:16.125267
TXN_002639,ACC_0325,ACC_0164,918.59,2026-02-14 04:53:45.452643
TXN_005339,ACC_0462,ACC_0461,817.0,2026-02-14 04:55:12.960365
TXN_005730,ACC_0455,ACC_0388,881.9,2026-02-14 04:58:58.229366
TXN_005748,ACC_0390,ACC_0381,2900.73,2026-02-14 04:58:59.435391
TXN_009412,ACC_0006,ACC_0357,1083.12,2026-02-14 05:00:09.885337
TXN_005579,ACC_0202,ACC_0013,4874.19,2026-02-14 05:05:20.788927
TXN_008354,ACC_0433,ACC_0105,573.32,2026-02-14 05:10:07.677062
TXN_009921,ACC_0358,ACC_0116,1944.01,2026-02-14 05:23:26.330949
TXN_005941,ACC_0325,ACC_0367,2722.18,2026-02-14 05:30:10.812731
TXN_003069,ACC_0123,ACC_0373,877.12,2026-02-14 05:30:31.436174
TXN_002814,ACC_0094,ACC_0388,3438.21,2026-02-14 05:30:36.716130
TXN_003929,ACC_0066,ACC_0309,885.7,2026-02-14 05:37:19.046012
TXN_004843,ACC_0167,ACC_0338,4055.93,2026-02-14 05:39:11.070949
TXN_003733,ACC_0189,ACC_0260,4325.77,2026-02-14 05:39:32.418136
TXN_009928,ACC_0422,ACC_0440,1927.37,2026-02-14 05:41:32.100633
TXN_006885,ACC_0197,ACC_0405,1820.21,2026-02-14 05:41:49.176419
TXN_008062,ACC_0263,ACC_0093,3955.19,2026-02-14 05:46:41.569272
TXN_001305,ACC_0009,ACC_0290,3730.97,2026-02-14 05:47:12.900291
TXN_009679,ACC_0174,ACC_0197,991.49,2026-02-14 05:55:13.414099
TXN_006824,ACC_0453,ACC_0463,155.66,2026-02-14 05:57:09.818554
TXN_002085,ACC_0095,ACC_0266,1527.33,2026-02-14 05:58:09.230122
TXN_008767,ACC_0053,ACC_0382,1983.81,2026-02-14 06:07:42.856080
TXN_006436,ACC_0144,ACC_0334,803.95,2026-02-14 06:07:53.961634
TXN_004379,ACC_0394,ACC_0405,1014.12,2026-02-14 06:17:37.302341
TXN_000849,ACC_0165,ACC_0444,173.27,2026-02-14 06:21:06.797824
TXN_001475,ACC_0134,ACC_0022,785.29,2026-02-14 06:22:19.236825
TXN_009186,ACC_0340,ACC_0042,766.87,2026-02-14 06:23:28.677743
TXN_000369,ACC_0051,ACC_0499,6944.9,2026-02-14 06:23:31.500653
TXN_000885,ACC_0468,ACC_0156,3445.77,2026-02-14 06:28:42.991748
TXN_007937,ACC_0083,ACC_0230,2403.3,2026-02-14 06:29:32.931048
TXN_008180,ACC_0025,ACC_0290,249.41,2026-02-14 06:30:53.798318
TXN_008050,ACC_0427,ACC_0215,1378.4,2026-02-14 06:38:33.417593
TXN_004694,ACC_0299,ACC_0203,2684.0,2026-02-14 06:43:18.500419
TXN_002800,ACC_0143,ACC_0291,1041.34,2026-02-14 07:02:22.347150
TXN_008965,ACC_0028,ACC_0171,4787.94,2026-02-14 07:02:43.882218
TXN_003791,ACC_0180,ACC_0469,4132.17,2026-02-14 07:15:44.996540
TXN_003782,ACC_0135,ACC_0175,3254.71,2026-02-14 07:17:43.520964
TXN_006926,ACC_0161,ACC_0384,4087.69,2026-02-14 07:17:54.251576
TXN_006189,ACC_0159,ACC_0202,621.76,2026-02-14 07:20:40.174467
TXN_004558,ACC_0297,ACC_0111,2697.67,2026-02-14 07:29:52.737740
TXN_002578,ACC_0313,ACC_0092,467.51,2026-02-14 07:35:16.014144
TXN_003935,ACC_0281,ACC_0317,1451.64,2026-02-14 07:38:29.163348
TXN_007675,ACC_0266,ACC_0085,3688.14,2026-02-14 07:43:09.919685
TXN_004923,ACC_0123,ACC_0188,3998.51,2026-02-14 07:47:11.968559
TXN_008869,ACC_0206,ACC_0212,2982.94,2026-02-14 07:47:59.448839
TXN_006799,ACC_0440,ACC_0059,4465.42,2026-02-14 07:48:02.895211
TXN_003086,ACC_0372,ACC_0255,752.31,2026-02-14 07:50:52.277899
TXN_004681,ACC_0123,ACC_0437,246.15,2026-02-14 07:53:13.958791
TXN_000205,ACC_0026,ACC_0491,7877.67,2026-02-14 07:54:45.780839
TXN_007906,ACC_0389,ACC_0189,2973.22,2026-02-14 07:56:05.207069
TXN_007352,ACC_0018,ACC_0094,3985.79,2026-02-14 07:56:56.994468
TXN_002964,ACC_0468,ACC_0264,2061.2,2026-02-14 07:59:51.014414
TXN_009378,ACC_0262,ACC_0253,1958.81,2026-02-14 08:00:55.360748
TXN_000370,ACC_0499,ACC_0295,6597.66,2026-02-14 08:07:32.668097
TXN_003703,ACC_0167,ACC_0323,1469.13,2026-02-14 08:20:14.290133
TXN_004297,ACC_0120,ACC_0464,2047.63,2026-02-14 08:20:59.596984
TXN_000964,ACC_0011,ACC_0095,4844.67,2026-02-14 08:22:02.266229
TXN_005739,ACC_0071,ACC_0316,686.05,2026-02-14 08:29:26.639957
TXN_004408,ACC_0291,ACC_0329,1933.82,2026-02-14 08:29:27.540044
TXN_003845,ACC_0005,ACC_0189,4484.51,2026-02-14 08:31:44.746607
TXN_007719,ACC_0238,ACC_0356,2153.14,2026-02-14 08:34:58.147956
TXN_008612,ACC_0248,ACC_0225,2092.08,2026-02-14 08:51:39.472773
TXN_007451,ACC_0037,ACC_0416,540.26,2026-02-14 08:59:55.450605
TXN_004115,ACC_0317,ACC_0082,1467.39,2026-02-14 09:07:54.883976
TXN_006204,ACC_0340,ACC_0331,3237.57,2026-02-14 09:22:46.223367
TXN_005804,ACC_0056,ACC_0208,2697.36,2026-02-14 09:31:52.933127
TXN_006638,ACC_0283,ACC_0174,968.78,2026-02-14 09:46:40.108007
TXN_003938,ACC_0328,ACC_0149,425.12,2026-02-14 09:48:29.684055
TXN_000727,ACC_0277,ACC_0018,4296.99,2026-02-14 09:49:37.959831
TXN_000206,ACC_0491,ACC_0144,7483.79,2026-02-14 09:50:16.856331
TXN_009129,ACC_0413,ACC_0298,1731.77,2026-02-14 09:50:25.081683
TXN_004931,ACC_0422,ACC_0225,3204.75,2026-02-14 09:50:43.365935
TXN_006037,ACC_0345,ACC_0286,3491.48,2026-02-14 10:10:22.487197
TXN_003516,ACC_0217,ACC_0205,3477.24,2026-02-14 10:11:43.356690
TXN_008179,ACC_0059,ACC_0370,1654.89,2026-02-14 10:13:14.717903
TXN_005621,ACC_0315,ACC_0440,100.31,2026-02-14 10:17:57.398203
TXN_002366,ACC_0261,ACC_0245,886.44,2026-02-14 10:18:32.243542
TXN_005061,ACC_0384,ACC_0240,2124.12,2026-02-14 10:25:49.477370
TXN_005603,ACC_0441,ACC_0006,4054.7,2026-02-14 10:27:19.665602
TXN_004259,ACC_0105,ACC_0136,2816.7,2026-02-14 10:34:33.930053
TXN_004768,ACC_0411,ACC_0038,4142.35,2026-02-14 10:38:42.875371
TXN_007452,ACC_0134,ACC_0447,1071.54,2026-02-14 10:39:10.258378
TXN_003894,ACC_0247,ACC_0134,1847.26,2026-02-14 10:40:42.984398
TXN_006767,ACC_0241,ACC_0317,2768.11,2026-02-14 10:58:05.538379
TXN_008876,ACC_0073,ACC_0388,2780.04,2026-02-14 11:05:29.818363
TXN_007745,ACC_0200,ACC_0349,1627.99,2026-02-14 11:14:11.776005
TXN_004944,ACC_0367,ACC_0264,4673.37,2026-02-14 11:22:00.992421
TXN_001730,ACC_0304,ACC_0170,3711.16,2026-02-14 11:28:57.164936
TXN_006765,ACC_0140,ACC_0408,2930.84,2026-02-14 11:32:04.037056
TXN_006446,ACC_0122,ACC_0333,2732.37,2026-02-14 11:37:28.312029
TXN_007779,ACC_0439,ACC_0057,2868.4,2026-02-14 11:40:24.868626
TXN_005352,ACC_0423,ACC_0326,3835.86,2026-02-14 11:55:19.282393
TXN_005194,ACC_0296,ACC_0316,4155.96,2026-02-14 11:57:00.792023
TXN_006178,ACC_0197,ACC_0090,4214.13,2026-02-14 11:57:15.620306
TXN_006751,ACC_0138,ACC_0359,2591.83,2026-02-14 11:58:46.301627
TXN_004702,ACC_0174,ACC_0152,273.41,2026-02-14 12:00:25.936836
TXN_002644,ACC_0269,ACC_0230,561.05,2026-02-14 12:06:20.171199
TXN_008361,ACC_0001,ACC_0388,3269.68,2026-02-14 12:07:44.981656
TXN_002305,ACC_0097,ACC_0193,4312.37,2026-02-14 12:09:25.178205
TXN_001919,ACC_0342,ACC_0331,1858.65,2026-02-14 12:09:46.352189
TXN_006356,ACC_0213,ACC_0360,2306.5,2026-02-14 12:14:24.435413
TXN_005033,ACC_0130,ACC_0116,337.18,2026-02-14 12:21:31.876643
TXN_008600,ACC_0091,ACC_0054,3310.89,2026-02-14 12:23:54.274947
TXN_002217,ACC_0090,ACC_0241,2477.91,2026-02-14 12:31:23.607315
TXN_007962,ACC_0033,ACC_0060,1492.01,2026-02-14 12:40:00.875826
TXN_004596,ACC_0164,ACC_0016,3524.46,2026-02-14 12:41:34.140362
TXN_006148,ACC_0293,ACC_0198,2133.71,2026-02-14 12:41:37.510879
TXN_002817,ACC_0253,ACC_0030,1920.65,2026-02-14 12:46:04.032982
TXN_008446,ACC_0357,ACC_0437,2817.9,2026-02-14 12:50:53.783641
TXN_001072,ACC_0368,ACC_0152,1075.98,2026-02-14 12:54:27.577969
TXN_000014,ACC_0484,ACC_0485,10540.9,2026-02-14 12:56:21.810782
TXN_009572,ACC_0083,ACC_0435,4590.79,2026-02-14 12:56:49.128788
TXN_008268,ACC_0234,ACC_0409,1092.1,2026-02-14 12:58:24.335551
TXN_001140,ACC_0124,ACC_0398,2862.03,2026-02-14 13:01:36.457488
TXN_005465,ACC_0188,ACC_0386,4992.08,2026-02-14 13:05:09.965154
TXN_002831,ACC_0197,ACC_0417,4122.37,2026-02-14 13:06:13.301189
TXN_003470,ACC_0109,ACC_0335,3674.96,2026-02-14 13:08:48.806886
TXN_004759,ACC_0041,ACC_0220,3339.81,2026-02-14 13:09:55.608808
TXN_002854,ACC_0010,ACC_0032,3610.63,2026-02-14 13:13:05.275988
TXN_008362,ACC_0440,ACC_0249,1931.75,2026-02-14 13:28:51.618613
TXN_001635,ACC_0070,ACC_0016,4192.22,2026-02-14 13:30:14.218763
TXN_003777,ACC_0442,ACC_0196,1606.36,2026-02-14 13:34:23.378273
TXN_004722,ACC_0296,ACC_0357,1267.78,2026-02-14 13:34:27.318306
TXN_000405,ACC_0247,ACC_0005,472.94,2026-02-14 13:43:42.227882
TXN_004718,ACC_0299,ACC_0296,3818.94,2026-02-14 13:46:29.024221
TXN_008700,ACC_0071,ACC_0088,1098.44,2026-02-14 13:49:01.370710
TXN_009644,ACC_0165,ACC_0296,2976.35,2026-02-14 13:50:23.258325
TXN_006830,ACC_0456,ACC_0177,4934.67,2026-02-14 13:51:33.338371
TXN_004222,ACC_0334,ACC_0409,4853.73,2026-02-14 13:52:05.010977
TXN_008429,ACC_0099,ACC_0391,4297.84,2026-02-14 13:53:18.641725
TXN_008409,ACC_0319,ACC_0026,3876.02,2026-02-14 13:55:03.941018
TXN_003208,ACC_0250,ACC_0344,145.44,2026-02-14 13:56:27.850852
TXN_002503,ACC_0415,ACC_0371,1937.74,2026-02-14 14:06:33.269721
TXN_004484,ACC_0009,ACC_0010,1150.03,2026-02-14 14:21:19.674192
TXN_008042,ACC_0448,ACC_0090,1038.81,2026-02-14 14:22:37.236661
TXN_001864,ACC_0255,ACC_0406,2577.34,2026-02-14 14:23:36.556423
TXN_005115,ACC_0320,ACC_0231,4549.9,2026-02-14 14:28:42.025696
TXN_002339,ACC_0315,ACC_0257,1255.62,2026-02-14 14:28:49.643427
TXN_006449,ACC_0283,ACC_0134,1502.64,2026-02-14 14:33:33.594140
TXN_006003,ACC_0167,ACC_0161,1086.05,2026-02-14 14:41:52.205847
TXN_009891,ACC_0350,ACC_0289,2553.51,2026-02-14 14:45:39.970785
TXN_003389,ACC_0058,ACC_0027,2196.21,2026-02-14 14:51:16.554837
TXN_001564,ACC_0283,ACC_0340,4146.36,2026-02-14 14:51:47.243315
TXN_000574,ACC_0300,ACC_0172,3081.16,2026-02-14 15:02:20.270118
TXN_008096,ACC_0166,ACC_0128,1683.5,2026-02-14 15:03:33.378943
TXN_000098,ACC_0476,ACC_0474,23206.15,2026-02-14 15:04:29.030360
TXN_005887,ACC_0127,ACC_0401,2021.26,2026-02-14 15:11:09.591471
TXN_008757,ACC_0439,ACC_0080,812.31,2026-02-14 15:11:49.590023
TXN_000426,ACC_0343,ACC_0332,272.38,2026-02-14 15:16:49.405000
TXN_006961,ACC_0425,ACC_0231,185.15,2026-02-14 15:20:01.813200
TXN_002572,ACC_0133,ACC_0084,3052.26,2026-02-14 15:22:52.585278
TXN_007147,ACC_0239,ACC_0350,4323.91,2026-02-14 15:28:15.239151
TXN_000923,ACC_0182,ACC_0460,2745.72,2026-02-14 15:34:39.195775
TXN_005257,ACC_0308,ACC_0406,2455.06,2026-02-14 15:37:05.421488
TXN_002655,ACC_0436,ACC_0414,2172.09,2026-02-14 15:50:47.202660
TXN_003717,ACC_0261,ACC_0226,4722.46,2026-02-14 16:00:52.578909
TXN_003783,ACC_0090,ACC_0311,3820.11,2026-02-14 16:09:27.145533
TXN_007056,ACC_0434,ACC_0303,3102.26,2026-02-14 16:18:54.668088
TXN_007606,ACC_0186,ACC_0313,3906.36,2026-02-14 16:19:10.187208
TXN_002007,ACC_0322,ACC_0060,2590.38,2026-02-14 16:20:21.897543
TXN_007082,ACC_0105,ACC_0392,277.23,2026-02-14 16:26:48.603173
TXN_000279,ACC_0289,ACC_0495,3720.57,2026-02-14 16:29:27.671073
TXN_001134,ACC_0429,ACC_0013,1593.45,2026-02-14 16:29:37.292621
TXN_009481,ACC_0456,ACC_0087,3945.23,2026-02-14 16:37:26.474917
TXN_008427,ACC_0162,ACC_0294,1708.8,2026-02-14 16:38:23.004904
TXN_001613,ACC_0151,ACC_0144,2635.87,2026-02-14 16:38:44.545579
TXN_002294,ACC_0294,ACC_0169,442.15,2026-02-14 16:41:28.784075
TXN_004410,ACC_0084,ACC_0167,269.25,2026-02-14 16:43:51.363369
TXN_003764,ACC_0120,ACC_0215,4076.85,2026-02-14 16:44:24.044844
TXN_003090,ACC_0221,ACC_0326,2031.46,2026-02-14 16:44:58.701265
TXN_007641,ACC_0075,ACC_0266,4368.75,2026-02-14 16:52:38.643197
TXN_003471,ACC_0288,ACC_0311,2865.08,2026-02-14 16:59:03.349942
TXN_003413,ACC_0350,ACC_0115,3645.68,2026-02-14 17:08:46.721950
TXN_005153,ACC_0171,ACC_0440,958.83,2026-02-14 17:11:46.770443
TXN_008168,ACC_0144,ACC_0112,344.17,2026-02-14 17:12:12.659598
TXN_008468,ACC_0163,ACC_0088,1491.54,2026-02-14 17:15:31.774051
TXN_002036,ACC_0244,ACC_0059,1269.28,2026-02-14 17:15:38.754084
TXN_002426,ACC_0252,ACC_0011,1089.2,2026-02-14 17:19:20.622354
TXN_008250,ACC_0165,ACC_0315,2733.15,2026-02-14 17:24:43.951243
TXN_005778,ACC_0442,ACC_0075,4105.54,2026-02-14 17:26:43.500752
TXN_009101,ACC_0416,ACC_0080,4318.14,2026-02-14 17:27:35.875790
TXN_000280,ACC_0495,ACC_0254,3534.54,2026-02-14 17:30:00.726294
TXN_003708,ACC_0338,ACC_0269,3751.31,2026-02-14 17:33:07.992199
TXN_003802,ACC_0251,ACC_0220,4884.73,2026-02-14 17:34:41.599819
TXN_006417,ACC_0134,ACC_0224,3132.59,2026-02-14 17:34:50.022051
TXN_005608,ACC_0149,ACC_0128,2389.73,2026-02-14 17:39:39.380712
TXN_005653,ACC_0414,ACC_0011,2741.7,2026-02-14 17:43:07.270998
TXN_003965,ACC_0136,ACC_0401,2569.33,2026-02-14 17:55:29.622566
TXN_007309,ACC_0136,ACC_0313,617.92,2026-02-14 18:06:12.142281
TXN_004616,ACC_0151,ACC_0284,3987.05,2026-02-14 18:09:46.572719
TXN_005022,ACC_0352,ACC_0071,4966.55,2026-02-14 18:09:47.445921
TXN_006475,ACC_0279,ACC_0386,2490.58,2026-02-14 18:11:41.554489
TXN_009787,ACC_0280,ACC_0084,396.32,2026-02-14 18:14:29.517499
TXN_001023,ACC_0454,ACC_0446,981.2,2026-02-14 18:17:14.784693
TXN_009666,ACC_0128,ACC_0301,4764.26,2026-02-14 18:19:47.921817
TXN_006857,ACC_0368,ACC_0097,3602.39,2026-02-14 18:22:02.034342
TXN_007339,ACC_0265,ACC_0354,3273.33,2026-02-14 18:24:38.796627
TXN_007421,ACC_0415,ACC_0223,3391.54,2026-02-14 18:35:31.357010
TXN_002226,ACC_0332,ACC_0048,1853.06,2026-02-14 18:40:51.609550
TXN_006805,ACC_0378,ACC_0380,1303.31,2026-02-14 18:48:19.184848
TXN_006364,ACC_0395,ACC_0298,2175.73,2026-02-14 18:48:52.032800
TXN_004270,ACC_0200,ACC_0331,472.88,2026-02-14 18:50:50.491766
TXN_007615,ACC_0390,ACC_0152,2996.75,2026-02-14 18:53:59.328166
TXN_008395,ACC_0220,ACC_0160,737.28,2026-02-14 18:54:31.687492
TXN_005998,ACC_0453,ACC_0462,1836.79,2026-02-14 18:55:15.868470
TXN_001833,ACC_0114,ACC_0035,2132.37,2026-02-14 18:57:17.537434
TXN_002894,ACC_0344,ACC_0210,2999.21,2026-02-14 19:00:02.209374
TXN_007748,ACC_0292,ACC_0116,928.77,2026-02-14 19:15:22.022680
TXN_009340,ACC_0194,ACC_0147,4617.52,2026-02-14 19:18:42.114598
TXN_006165,ACC_0055,ACC_0248,4027.8,2026-02-14 19:18:53.180000
TXN_000694,ACC_0134,ACC_0379,4375.68,2026-02-14 19:25:32.762216
TXN_009371,ACC_0259,ACC_0029,4009.48,2026-02-14 19:28:55.458787
TXN_002087,ACC_0250,ACC_0466,1097.17,2026-02-14 19:31:53.547425
TXN_006903,ACC_0231,ACC_0162,3969.62,2026-02-14 19:34:18.858410
TXN_008274,ACC_0092,ACC_0269,4670.82,2026-02-14 19:36:47.905542
TXN_005635,ACC_0262,ACC_0249,1479.87,2026-02-14 19:37:37.521772
TXN_007832,ACC_0459,ACC_0227,3349.01,2026-02-14 19:38:33.037644
TXN_008813,ACC_0319,ACC_0327,354.33,2026-02-14 19:49:07.812948
TXN_002160,ACC_0012,ACC_0279,3153.59,2026-02-14 20:03:35.878055
TXN_008792,ACC_0280,ACC_0463,2404.18,2026-02-14 20:06:34.777705
TXN_002807,ACC_0438,ACC_0222,122.1,2026-02-14 20:31:54.189290
TXN_007431,ACC_0140,ACC_0354,2083.04,2026-02-14 20:34:35.395753
TXN_001573,ACC_0465,ACC_0254,2900.31,2026-02-14 20:35:20.249172
TXN_005097,ACC_0423,ACC_0191,3868.28,2026-02-14 20:37:02.371133
TXN_004090,ACC_0207,ACC_0168,630.9,2026-02-14 20:38:28.311888
TXN_005895,ACC_0060,ACC_0316,4058.6,2026-02-14 20:44:44.875688
TXN_002975,ACC_0306,ACC_0127,1607.91,2026-02-14 20:46:39.242996
TXN_008025,ACC_0321,ACC_0250,224.11,2026-02-14 20:47:30.272547
TXN_000571,ACC_0123,ACC_0046,3604.32,2026-02-14 20:47:45.939812
TXN_003100,ACC_0116,ACC_0228,2391.18,2026-02-14 20:51:27.906538
TXN_000028,ACC_0476,ACC_0477,10605.12,2026-02-14 20:53:41.597038
TXN_000970,ACC_0327,ACC_0457,824.32,2026-02-14 20:55:40.321533
TXN_008103,ACC_0057,ACC_0090,2699.39,2026-02-14 21:04:24.661440
TXN_007762,ACC_0122,ACC_0151,2185.84,2026-02-14 21:11:55.547358
TXN_000086,ACC_0474,ACC_0475,6018.29,2026-02-14 21:15:22.592884
TXN_003579,ACC_0187,ACC_0364,2038.0,2026-02-14 21:15:34.153034
TXN_002050,ACC_0440,ACC_0416,4762.56,2026-02-14 21:19:46.749609
TXN_001594,ACC_0010,ACC_0221,2754.45,2026-02-14 21:22:49.438760
TXN_005496,ACC_0149,ACC_0385,1781.91,2026-02-14 21:30:53.194325
TXN_005771,ACC_0371,ACC_0372,4830.55,2026-02-14 21:39:53.735224
TXN_009642,ACC_0442,ACC_0259,3372.49,2026-02-14 21:45:00.031418
TXN_003710,ACC_0063,ACC_0261,793.08,2026-02-14 21:49:37.305303
TXN_007096,ACC_0462,ACC_0260,3459.61,2026-02-14 21:51:26.144813
TXN_004173,ACC_0295,ACC_0106,2235.16,2026-02-14 22:05:14.669950
TXN_008135,ACC_0175,ACC_0093,3949.31,2026-02-14 22:06:49.305716
TXN_001738,ACC_0344,ACC_0046,2136.35,2026-02-14 22:12:21.235375
TXN_003440,ACC_0321,ACC_0396,2544.71,2026-02-14 22:26:17.949914
TXN_005575,ACC_0221,ACC_0209,2469.92,2026-02-14 22:29:07.365203
TXN_005172,ACC_0001,ACC_0391,2878.8,2026-02-14 22:29:19.241688
TXN_008979,ACC_0148,ACC_0118,4096.27,2026-02-14 22:29:54.003871
TXN_005870,ACC_0097,ACC_0317,3912.49,2026-02-14 22:33:09.480741
TXN_003194,ACC_0209,ACC_0289,4858.83,2026-02-14 22:39:28.920444
TXN_004537,ACC_0198,ACC_0117,3262.31,2026-02-14 22:43:19.624628
TXN_004100,ACC_0387,ACC_0017,2371.64,2026-02-14 22:46:06.660378
TXN_005386,ACC_0179,ACC_0450,968.05,2026-02-14 22:47:53.603647
TXN_007940,ACC_0074,ACC_0134,4843.52,2026-02-14 22:48:56.924155
TXN_007969,ACC_0042,ACC_0432,4007.61,2026-02-14 22:50:03.232058
TXN_008286,ACC_0402,ACC_0352,3132.0,2026-02-14 22:56:18.244165
TXN_004765,ACC_0389,ACC_0278,1159.8,2026-02-14 23:01:35.980218
TXN_001620,ACC_0103,ACC_0288,644.93,2026-02-14 23:02:52.470573
TXN_003433,ACC_0448,ACC_0411,4052.03,2026-02-14 23:07:41.433753
TXN_000101,ACC_0471,ACC_0472,21976.03,2026-02-14 23:13:20.862779
TXN_009522,ACC_0461,ACC_0042,3331.84,2026-02-14 23:19:06.881840
TXN_002203,ACC_0013,ACC_0111,4612.27,2026-02-14 23:21:28.905346
TXN_003070,ACC_0311,ACC_0337,1941.06,2026-02-14 23:24:23.542456
TXN_006841,ACC_0074,ACC_0434,3912.54,2026-02-14 23:26:28.572457
TXN_005654,ACC_0170,ACC_0225,1118.24,2026-02-14 23:29:00.855329
TXN_009739,ACC_0177,ACC_0301,816.57,2026-02-14 23:36:31.169097
TXN_009923,ACC_0160,ACC_0130,3429.49,2026-02-14 23:37:35.743892
TXN_006067,ACC_0458,ACC_0217,3698.1,2026-02-14 23:42:53.405861
TXN_007388,ACC_0318,ACC_0442,401.9,2026-02-14 23:43:38.217079
TXN_009476,ACC_0061,ACC_0261,335.64,2026-02-14 23:44:25.428127
TXN_001424,ACC_0273,ACC_0224,106.9,2026-02-14 23:46:53.761930
TXN_000854,ACC_0003,ACC_0369,2177.87,2026-02-14 23:49:06.026382
TXN_008554,ACC_0432,ACC_0459,382.41,2026-02-14 23:50:08.579317
TXN_005850,ACC_0323,ACC_0032,346.95,2026-02-14 23:53:51.411684
TXN_002069,ACC_0193,ACC_0039,2518.94,2026-02-14 23:54:28.280088
TXN_009817,ACC_0261,ACC_0408,4969.18,2026-02-14 23:58:16.837015
TXN_003034,ACC_0084,ACC_0290,2920.97,2026-02-15 00:02:29.333511
TXN_003555,ACC_0345,ACC_0409,2023.96,2026-02-15 00:26:45.972473
TXN_008277,ACC_0317,ACC_0382,4843.37,2026-02-15 00:29:20.764298
TXN_009908,ACC_0265,ACC_0289,1315.03,2026-02-15 00:33:35.615121
TXN_000965,ACC_0153,ACC_0132,1445.22,2026-02-15 00:38:32.718490
TXN_008599,ACC_0208,ACC_0369,3223.05,2026-02-15 00:41:45.685403
TXN_003810,ACC_0322,ACC_0252,4448.54,2026-02-15 00:53:41.304113
TXN_006509,ACC_0260,ACC_0093,3282.8,2026-02-15 00:54:48.398617
TXN_008861,ACC_0404,ACC_0243,4704.23,2026-02-15 01:01:51.839442
TXN_009519,ACC_0312,ACC_0029,1743.03,2026-02-15 01:16:06.270250
TXN_002876,ACC_0088,ACC_0130,2810.62,2026-02-15 01:21:28.970957
TXN_004697,ACC_0128,ACC_0321,3894.2,2026-02-15 01:25:47.732399
TXN_009695,ACC_0230,ACC_0287,2059.02,2026-02-15 01:35:01.970764
TXN_008287,ACC_0469,ACC_0365,3752.87,2026-02-15 01:48:29.158476
TXN_009658,ACC_0218,ACC_0327,1098.89,2026-02-15 01:48:44.567060
TXN_001451,ACC_0117,ACC_0310,405.25,2026-02-15 01:50:09.660855
TXN_003629,ACC_0310,ACC_0216,1657.44,2026-02-15 01:50:40.502560
TXN_006981,ACC_0347,ACC_0354,1419.63,2026-02-15 01:51:21.007489
TXN_001097,ACC_0364,ACC_0138,1060.31,2026-02-15 01:56:56.069197
TXN_003012,ACC_0154,ACC_0269,2402.7,2026-02-15 02:05:33.690251
TXN_000622,ACC_0449,ACC_0008,4129.16,2026-02-15 02:07:09.441184
TXN_007080,ACC_0218,ACC_0123,3836.96,2026-02-15 02:20:28.330900
TXN_008560,ACC_0199,ACC_0334,2750.27,2026-02-15 02:20:30.297686
TXN_007531,ACC_0263,ACC_0240,3085.05,2026-02-15 02:20:58.042420
TXN_007912,ACC_0031,ACC_0033,3063.8,2026-02-15 02:25:49.563338
TXN_004289,ACC_0057,ACC_0277,4768.2,2026-02-15 02:30:11.833483
TXN_009360,ACC_0321,ACC_0218,3738.61,2026-02-15 02:34:04.730895
TXN_007991,ACC_0390,ACC_0407,571.43,2026-02-15 02:34:53.763450
TXN_004739,ACC_0311,ACC_0123,3820.17,2026-02-15 02:39:29.960374
TXN_003134,ACC_0218,ACC_0153,1250.91,2026-02-15 02:41:20.668636
TXN_004359,ACC_0393,ACC_0116,4463.39,2026-02-15 02:42:15.499962
TXN_005788,ACC_0002,ACC_0132,580.06,2026-02-15 02:42:46.389512
TXN_001218,ACC_0159,ACC_0334,2592.63,2026-02-15 02:46:26.673920
TXN_006501,ACC_0079,ACC_0026,2077.23,2026-02-15 02:48:24.203641
TXN_009537,ACC_0002,ACC_0462,4590.8,2026-02-15 02:48:32.930816
TXN_005480,ACC_0099,ACC_0131,530.71,2026-02-15 02:48:35.364327
TXN_002082,ACC_0229,ACC_0421,1179.2,2026-02-15 02:52:49.867228
TXN_007372,ACC_0127,ACC_0384,2653.02,2026-02-15 03:17:58.617176
TXN_000597,ACC_0409,ACC_0383,4203.02,2026-02-15 03:27:37.550080
TXN_009135,ACC_0350,ACC_0386,950.18,2026-02-15 03:44:33.408871
TXN_002502,ACC_0111,ACC_0137,4121.14,2026-02-15 03:47:32.249768
TXN_004095,ACC_0267,ACC_0226,309.43,2026-02-15 03:51:39.655302
TXN_001707,ACC_0248,ACC_0168,4262.57,2026-02-15 04:00:25.283870
TXN_003063,ACC_0036,ACC_0373,1842.53,2026-02-15 04:06:36.165517
TXN_003931,ACC_0337,ACC_0248,4497.17,2026-02-15 04:07:50.919542
TXN_004516,ACC_0010,ACC_0195,439.04,2026-02-15 04:10:48.870189
TXN_004857,ACC_0114,ACC_0365,3718.88,2026-02-15 04:21:17.453468
TXN_004926,ACC_0043,ACC_0022,4387.1,2026-02-15 04:21:38.585690
TXN_000239,ACC_0313,ACC_0493,7722.03,2026-02-15 04:22:58.647545
TXN_009213,ACC_0107,ACC_0178,4427.41,2026-02-15 04:23:05.311919
TXN_001932,ACC_0351,ACC_0218,2577.2,2026-02-15 04:26:01.641763
TXN_009224,ACC_0435,ACC_0189,1870.52,2026-02-15 04:26:57.373931
TXN_002773,ACC_0044,ACC_0422,4877.32,2026-02-15 04:28:55.856647
TXN_002871,ACC_0131,ACC_0057,4962.87,2026-02-15 04:33:48.691960
TXN_004208,ACC_0453,ACC_0366,942.99,2026-02-15 04:42:04.832478
TXN_003080,ACC_0007,ACC_0089,981.37,2026-02-15 04:42:18.553617
TXN_009588,ACC_0208,ACC_0413,4769.18,2026-02-15 04:48:34.569079
TXN_004913,ACC_0189,ACC_0156,4613.47,2026-02-15 04:53:13.130539
TXN_006899,ACC_0306,ACC_0307,3688.65,2026-02-15 05:00:10.893399
TXN_009825,ACC_0351,ACC_0155,400.1,2026-02-15 05:01:37.411396
TXN_008826,ACC_0252,ACC_0268,1565.53,2026-02-15 05:01:43.042201
TXN_001714,ACC_0015,ACC_0343,3811.85,2026-02-15 05:09:12.716892
TXN_001609,ACC_0025,ACC_0465,2808.11,2026-02-15 05:12:34.777966
TXN_000494,ACC_0440,ACC_0448,4941.21,2026-02-15 05:13:54.853815
TXN_000240,ACC_0493,ACC_0211,7335.93,2026-02-15 05:18:54.619551
TXN_002596,ACC_0007,ACC_0257,288.0,2026-02-15 05:19:53.810291
TXN_006303,ACC_0460,ACC_0142,4413.14,2026-02-15 05:20:18.084495
TXN_001784,ACC_0259,ACC_0088,3886.48,2026-02-15 05:21:12.823402
TXN_005910,ACC_0352,ACC_0102,805.98,2026-02-15 05:21:57.526360
TXN_001024,ACC_0017,ACC_0456,3836.93,2026-02-15 05:24:42.748722
TXN_004216,ACC_0444,ACC_0194,3323.72,2026-02-15 05:30:55.476469
TXN_003857,ACC_0223,ACC_0236,4361.6,2026-02-15 05:42:49.765924
TXN_003265,ACC_0441,ACC_0005,2303.4,2026-02-15 05:45:32.159893
TXN_006917,ACC_0281,ACC_0079,1808.76,2026-02-15 05:46:48.869578
TXN_001231,ACC_0466,ACC_0013,3612.32,2026-02-15 05:47:16.912870
TXN_005055,ACC_0365,ACC_0344,2561.46,2026-02-15 05:52:01.784690
TXN_002146,ACC_0157,ACC_0219,3501.67,2026-02-15 05:55:24.489876
TXN_008414,ACC_0342,ACC_0225,1054.5,2026-02-15 05:58:49.878465
TXN_001487,ACC_0259,ACC_0324,892.36,2026-02-15 06:01:34.652209
TXN_006916,ACC_0329,ACC_0092,2797.95,2026-02-15 06:05:33.855606
TXN_005856,ACC_0453,ACC_0410,4763.43,2026-02-15 06:07:36.120121
TXN_005964,ACC_0382,ACC_0315,1303.17,2026-02-15 06:09:04.040127
TXN_001749,ACC_0255,ACC_0301,466.49,2026-02-15 06:23:47.147833
TXN_004997,ACC_0302,ACC_0285,4481.42,2026-02-15 06:25:00.678773
TXN_007891,ACC_0082,ACC_0014,939.31,2026-02-15 06:25:33.598052
TXN_005814,ACC_0263,ACC_0022,4134.84,2026-02-15 06:26:10.165783
TXN_005179,ACC_0283,ACC_0063,927.5,2026-02-15 06:27:39.046234
TXN_009113,ACC_0310,ACC_0027,3003.57,2026-02-15 06:37:45.257796
TXN_001697,ACC_0391,ACC_0418,1966.95,2026-02-15 06:38:37.373120
TXN_008371,ACC_0216,ACC_0455,2541.8,2026-02-15 06:38:52.860201
TXN_007971,ACC_0261,ACC_0404,1616.6,2026-02-15 06:40:38.641688
TXN_005582,ACC_0416,ACC_0231,545.11,2026-02-15 06:46:59.058692
TXN_007988,ACC_0320,ACC_0125,2048.91,2026-02-15 06:54:09.665157
TXN_005929,ACC_0014,ACC_0044,4264.25,2026-02-15 07:11:06.945292
TXN_006312,ACC_0059,ACC_0159,361.26,2026-02-15 07:23:16.138464
TXN_000575,ACC_0074,ACC_0088,4444.68,2026-02-15 07:23:32.861518
TXN_001812,ACC_0024,ACC_0248,742.84,2026-02-15 07:34:17.952359
TXN_001633,ACC_0019,ACC_0337,1421.19,2026-02-15 07:34:26.614652
TXN_005901,ACC_0100,ACC_0420,3193.13,2026-02-15 07:35:23.850292
TXN_002157,ACC_0403,ACC_0429,3192.98,2026-02-15 07:39:59.216479
TXN_004766,ACC_0268,ACC_0435,4382.85,2026-02-15 07:43:34.497572
TXN_007636,ACC_0026,ACC_0158,155.83,2026-02-15 07:45:33.189923
TXN_009803,ACC_0123,ACC_0445,3911.82,2026-02-15 07:48:50.456669
TXN_004397,ACC_0039,ACC_0413,3955.42,2026-02-15 07:50:03.275978
TXN_004732,ACC_0446,ACC_0081,2070.1,2026-02-15 07:55:02.974526
TXN_009098,ACC_0360,ACC_0029,1858.46,2026-02-15 08:01:27.627540
TXN_003983,ACC_0017,ACC_0052,1587.01,2026-02-15 08:02:25.112428
TXN_002819,ACC_0435,ACC_0463,1684.39,2026-02-15 08:08:24.941971
TXN_002273,ACC_0012,ACC_0336,3365.88,2026-02-15 08:26:46.298635
TXN_008548,ACC_0234,ACC_0314,2642.6,2026-02-15 08:27:13.670555
TXN_006834,ACC_0209,ACC_0027,259.11,2026-02-15 08:29:31.424638
TXN_001088,ACC_0040,ACC_0425,263.1,2026-02-15 08:40:23.201172
TXN_002427,ACC_0370,ACC_0087,2834.46,2026-02-15 08:43:53.039464
TXN_008307,ACC_0304,ACC_0398,3536.55,2026-02-15 08:53:11.350181
TXN_001935,ACC_0175,ACC_0433,1323.66,2026-02-15 08:53:13.615489
TXN_008291,ACC_0238,ACC_0268,3500.85,2026-02-15 08:56:28.233137
TXN_003770,ACC_0320,ACC_0221,4554.2,2026-02-15 08:58:05.088492
TXN_000560,ACC_0336,ACC_0391,2300.87,2026-02-15 09:04:26.337452
TXN_003029,ACC_0428,ACC_0151,4858.04,2026-02-15 09:06:41.587850
TXN_004363,ACC_0429,ACC_0072,2588.77,2026-02-15 09:07:00.581031
TXN_005421,ACC_0028,ACC_0400,1852.76,2026-02-15 09:08:17.292896
TXN_008790,ACC_0011,ACC_0412,2815.6,2026-02-15 09:13:12.769328
TXN_009091,ACC_0201,ACC_0326,2462.66,2026-02-15 09:13:16.639429
TXN_009387,ACC_0062,ACC_0316,4019.52,2026-02-15 09:19:18.772020
TXN_003254,ACC_0187,ACC_0173,2274.15,2026-02-15 09:28:59.121263
TXN_004089,ACC_0394,ACC_0062,1450.97,2026-02-15 09:29:00.523899
TXN_004426,ACC_0377,ACC_0054,4043.02,2026-02-15 09:31:14.612596
TXN_002740,ACC_0236,ACC_0231,3505.25,2026-02-15 09:33:56.675435
TXN_004735,ACC_0204,ACC_0238,3114.88,2026-02-15 09:36:21.057909
TXN_007739,ACC_0331,ACC_0427,1968.99,2026-02-15 09:47:03.250511
TXN_000089,ACC_0474,ACC_0475,17979.72,2026-02-15 09:48:40.405851
TXN_009555,ACC_0304,ACC_0319,504.23,2026-02-15 09:49:26.155859
TXN_006932,ACC_0361,ACC_0139,1870.17,2026-02-15 09:49:49.205943
TXN_006138,ACC_0228,ACC_0416,2524.42,2026-02-15 09:50:01.138512
TXN_001971,ACC_0290,ACC_0349,4088.83,2026-02-15 10:10:07.157963
TXN_007649,ACC_0323,ACC_0187,2764.08,2026-02-15 10:11:03.931345
TXN_003337,ACC_0365,ACC_0243,713.29,2026-02-15 10:13:00.594049
TXN_004770,ACC_0335,ACC_0251,2423.37,2026-02-15 10:17:06.161615
TXN_006726,ACC_0007,ACC_0129,4667.18,2026-02-15 10:19:18.708204
TXN_004877,ACC_0109,ACC_0050,543.05,2026-02-15 10:19:39.684982
TXN_006029,ACC_0218,ACC_0280,3679.13,2026-02-15 10:23:28.651398
TXN_003787,ACC_0334,ACC_0058,1462.99,2026-02-15 10:33:03.346960
TXN_002408,ACC_0338,ACC_0141,1301.06,2026-02-15 10:36:04.623432
TXN_002862,ACC_0193,ACC_0186,2584.18,2026-02-15 10:41:14.734696
TXN_004492,ACC_0196,ACC_0430,3090.39,2026-02-15 10:42:49.851356
TXN_002433,ACC_0066,ACC_0415,1980.15,2026-02-15 10:44:19.803606
TXN_003577,ACC_0356,ACC_0009,1243.35,2026-02-15 10:44:37.730431
TXN_004367,ACC_0238,ACC_0388,4042.06,2026-02-15 10:48:24.612025
TXN_008402,ACC_0468,ACC_0245,4867.69,2026-02-15 10:50:27.454460
TXN_001934,ACC_0016,ACC_0221,2011.69,2026-02-15 10:59:33.744905
TXN_007796,ACC_0256,ACC_0413,131.19,2026-02-15 11:00:06.463646
TXN_008505,ACC_0344,ACC_0231,1933.1,2026-02-15 11:03:56.925151
TXN_004498,ACC_0264,ACC_0442,2230.67,2026-02-15 11:04:55.949262
TXN_009859,ACC_0167,ACC_0307,2844.93,2026-02-15 11:06:07.969036
TXN_005614,ACC_0106,ACC_0158,1865.25,2026-02-15 11:06:26.715705
TXN_003880,ACC_0451,ACC_0374,4370.4,2026-02-15 11:11:14.285039
TXN_009786,ACC_0085,ACC_0435,547.07,2026-02-15 11:13:37.332732
TXN_007387,ACC_0015,ACC_0223,1934.0,2026-02-15 11:15:10.276844
TXN_002314,ACC_0388,ACC_0088,4475.11,2026-02-15 11:23:23.247418
TXN_001364,ACC_0410,ACC_0352,4034.63,2026-02-15 11:24:24.371304
TXN_005071,ACC_0251,ACC_0007,2436.96,2026-02-15 11:24:32.004850
TXN_006140,ACC_0379,ACC_0449,826.98,2026-02-15 11:25:11.822947
TXN_000720,ACC_0451,ACC_0239,3538.6,2026-02-15 11:43:06.988864
TXN_005884,ACC_0350,ACC_0370,4086.94,2026-02-15 11:43:41.108538
TXN_001074,ACC_0210,ACC_0195,4506.3,2026-02-15 11:47:10.332671
TXN_008349,ACC_0139,ACC_0162,827.92,2026-02-15 11:47:15.980817
TXN_000690,ACC_0167,ACC_0071,1373.13,2026-02-15 11:51:50.305688
TXN_007632,ACC_0269,ACC_0252,4294.05,2026-02-15 11:54:06.585859
TXN_004183,ACC_0141,ACC_0245,1009.23,2026-02-15 11:54:57.319816
TXN_006483,ACC_0459,ACC_0031,153.1,2026-02-15 11:59:52.672886
TXN_008559,ACC_0219,ACC_0426,204.82,2026-02-15 12:06:58.941547
TXN_005652,ACC_0263,ACC_0397,181.07,2026-02-15 12:08:29.374428
TXN_007051,ACC_0252,ACC_0228,2296.88,2026-02-15 12:17:06.775602
TXN_009470,ACC_0467,ACC_0429,3014.18,2026-02-15 12:23:08.715970
TXN_007216,ACC_0267,ACC_0087,3461.0,2026-02-15 12:27:24.742915
TXN_009920,ACC_0205,ACC_0272,2656.78,2026-02-15 12:41:05.400407
TXN_009443,ACC_0125,ACC_0107,3231.85,2026-02-15 12:45:32.557621
TXN_008748,ACC_0442,ACC_0156,4854.75,2026-02-15 12:56:11.454726
TXN_004341,ACC_0129,ACC_0083,4399.04,2026-02-15 13:01:44.615730
TXN_001033,ACC_0287,ACC_0337,3567.68,2026-02-15 13:04:15.585446
TXN_000843,ACC_0013,ACC_0016,3977.17,2026-02-15 13:05:02.075717
TXN_007472,ACC_0160,ACC_0435,2194.06,2026-02-15 13:09:39.154428
TXN_002177,ACC_0231,ACC_0223,3356.84,2026-02-15 13:23:44.165256
TXN_009627,ACC_0003,ACC_0384,4934.22,2026-02-15 13:27:20.757794
TXN_006975,ACC_0199,ACC_0189,1996.79,2026-02-15 13:28:23.352355
TXN_003718,ACC_0192,ACC_0122,2489.68,2026-02-15 13:31:13.943206
TXN_003479,ACC_0385,ACC_0408,4823.19,2026-02-15 13:33:38.032534
TXN_003061,ACC_0171,ACC_0288,2242.18,2026-02-15 13:34:28.951558
TXN_009256,ACC_0327,ACC_0190,3519.43,2026-02-15 13:39:50.406109
TXN_002318,ACC_0281,ACC_0035,140.87,2026-02-15 13:40:31.431117
TXN_007621,ACC_0368,ACC_0419,4147.22,2026-02-15 13:54:59.809843
TXN_003702,ACC_0160,ACC_0163,3863.25,2026-02-15 13:55:12.984199
TXN_001752,ACC_0152,ACC_0076,2919.37,2026-02-15 13:56:08.681747
TXN_004956,ACC_0004,ACC_0318,4721.43,2026-02-15 13:58:12.150214
TXN_008018,ACC_0467,ACC_0334,3110.19,2026-02-15 14:03:03.852778
TXN_004920,ACC_0003,ACC_0159,2405.54,2026-02-15 14:20:35.960080
TXN_000623,ACC_0303,ACC_0327,1580.84,2026-02-15 14:24:50.233437
TXN_002846,ACC_0270,ACC_0261,3459.85,2026-02-15 14:24:57.337712
TXN_004901,ACC_0044,ACC_0268,4807.57,2026-02-15 14:38:27.785868
TXN_007778,ACC_0366,ACC_0298,3825.27,2026-02-15 14:41:31.601890
TXN_001205,ACC_0097,ACC_0435,4801.22,2026-02-15 14:41:38.382771
TXN_008985,ACC_0051,ACC_0098,4954.55,2026-02-15 14:45:38.913012
TXN_001992,ACC_0287,ACC_0301,737.29,2026-02-15 14:46:30.938139
TXN_009854,ACC_0370,ACC_0018,668.22,2026-02-15 14:46:48.950051
TXN_009925,ACC_0109,ACC_0253,2748.26,2026-02-15 14:53:19.379137
TXN_000982,ACC_0347,ACC_0233,1472.7,2026-02-15 15:01:00.186597
TXN_002879,ACC_0112,ACC_0070,1238.0,2026-02-15 15:03:58.833618
TXN_009282,ACC_0036,ACC_0137,4376.02,2026-02-15 15:07:19.376419
TXN_004840,ACC_0366,ACC_0166,1284.72,2026-02-15 15:08:26.510424
TXN_004205,ACC_0187,ACC_0287,355.59,2026-02-15 15:20:09.004209
TXN_009595,ACC_0090,ACC_0014,3600.69,2026-02-15 15:22:40.792379
TXN_007146,ACC_0268,ACC_0122,3466.1,2026-02-15 15:28:10.013770
TXN_001944,ACC_0319,ACC_0127,870.77,2026-02-15 15:33:00.930749
TXN_006440,ACC_0319,ACC_0151,2041.53,2026-02-15 15:33:01.197653
TXN_006734,ACC_0224,ACC_0255,4827.18,2026-02-15 15:34:10.253274
TXN_008396,ACC_0441,ACC_0058,3335.41,2026-02-15 15:36:44.915451
TXN_003359,ACC_0315,ACC_0363,1325.61,2026-02-15 15:40:42.434652
TXN_005147,ACC_0163,ACC_0211,3643.28,2026-02-15 15:45:13.810492
TXN_002284,ACC_0091,ACC_0391,1396.47,2026-02-15 15:45:23.857104
TXN_007888,ACC_0226,ACC_0342,4833.18,2026-02-15 15:47:26.699727
TXN_001283,ACC_0407,ACC_0126,3215.26,2026-02-15 15:47:42.631179
TXN_004859,ACC_0081,ACC_0199,3019.86,2026-02-15 15:49:59.632423
TXN_009577,ACC_0039,ACC_0258,4708.53,2026-02-15 15:49:59.881935
TXN_007489,ACC_0222,ACC_0155,2306.18,2026-02-15 15:53:24.204931
TXN_006209,ACC_0047,ACC_0445,3146.59,2026-02-15 15:54:25.783014
TXN_001659,ACC_0070,ACC_0185,4703.39,2026-02-15 16:00:14.159787
TXN_003221,ACC_0294,ACC_0097,2129.01,2026-02-15 16:15:43.180097
TXN_006269,ACC_0384,ACC_0167,1796.1,2026-02-15 16:17:56.268597
TXN_001094,ACC_0049,ACC_0179,2194.94,2026-02-15 16:20:38.236808
TXN_005356,ACC_0253,ACC_0238,3791.66,2026-02-15 16:28:41.659056
TXN_000933,ACC_0153,ACC_0069,1493.5,2026-02-15 16:35:42.744837
TXN_006146,ACC_0134,ACC_0298,4746.98,2026-02-15 16:37:14.406527
TXN_001817,ACC_0163,ACC_0407,2590.51,2026-02-15 16:37:18.601000
TXN_006220,ACC_0083,ACC_0051,4387.9,2026-02-15 16:38:41.060479
TXN_000265,ACC_0178,ACC_0494,4673.45,2026-02-15 16:41:34.052277
TXN_007485,ACC_0124,ACC_0445,3379.11,2026-02-15 16:45:53.511634
TXN_008827,ACC_0315,ACC_0294,172.3,2026-02-15 17:00:35.210735
TXN_002000,ACC_0336,ACC_0027,2268.09,2026-02-15 17:05:09.401958
TXN_003083,ACC_0446,ACC_0366,4038.31,2026-02-15 17:06:57.780574
TXN_001827,ACC_0329,ACC_0451,4097.19,2026-02-15 17:07:46.857577
TXN_007128,ACC_0416,ACC_0434,3220.62,2026-02-15 17:15:16.348992
TXN_004619,ACC_0225,ACC_0426,4895.29,2026-02-15 17:18:20.651764
TXN_005805,ACC_0262,ACC_0174,404.9,2026-02-15 17:21:23.152023
TXN_009086,ACC_0457,ACC_0295,2428.32,2026-02-15 17:27:43.059863
TXN_008540,ACC_0312,ACC_0351,4142.37,2026-02-15 17:29:13.760538
TXN_002813,ACC_0300,ACC_0243,4011.64,2026-02-15 17:29:24.321290
TXN_009955,ACC_0385,ACC_0058,1798.06,2026-02-15 17:47:44.017509
TXN_001816,ACC_0207,ACC_0185,1906.64,2026-02-15 17:49:58.882275
TXN_009126,ACC_0156,ACC_0339,243.24,2026-02-15 17:54:37.807872
TXN_000266,ACC_0494,ACC_0104,4439.78,2026-02-15 17:55:59.090065
TXN_004170,ACC_0313,ACC_0368,1354.64,2026-02-15 17:57:56.598872
TXN_009820,ACC_0213,ACC_0375,874.98,2026-02-15 17:59:25.717781
TXN_009919,ACC_0403,ACC_0347,2329.79,2026-02-15 18:06:16.816386
TXN_007671,ACC_0206,ACC_0021,3878.39,2026-02-15 18:11:11.222787
TXN_003400,ACC_0030,ACC_0177,2154.16,2026-02-15 18:11:59.649217
TXN_002900,ACC_0141,ACC_0049,3097.03,2026-02-15 18:14:19.478223
TXN_006214,ACC_0305,ACC_0385,4579.73,2026-02-15 18:16:08.309126
TXN_002833,ACC_0163,ACC_0235,712.02,2026-02-15 18:20:51.879056
TXN_008181,ACC_0176,ACC_0399,3841.09,2026-02-15 18:22:17.078823
TXN_008294,ACC_0378,ACC_0375,4139.29,2026-02-15 18:23:45.507614
TXN_000153,ACC_0396,ACC_0488,3827.87,2026-02-15 18:25:12.744441
TXN_005458,ACC_0198,ACC_0189,4859.79,2026-02-15 18:33:05.342214
TXN_007998,ACC_0187,ACC_0046,448.91,2026-02-15 18:36:56.451760
TXN_008845,ACC_0304,ACC_0220,3178.66,2026-02-15 18:41:34.204895
TXN_008519,ACC_0210,ACC_0204,4484.68,2026-02-15 18:56:16.690850
TXN_007279,ACC_0337,ACC_0054,3424.86,2026-02-15 18:58:06.256409
TXN_004742,ACC_0199,ACC_0033,1007.9,2026-02-15 18:59:07.877962
TXN_002037,ACC_0460,ACC_0252,1831.69,2026-02-15 19:04:03.569532
TXN_002616,ACC_0452,ACC_0302,1509.95,2026-02-15 19:05:33.987859
TXN_006485,ACC_0019,ACC_0287,4872.54,2026-02-15 19:11:04.461839
TXN_000596,ACC_0307,ACC_0282,1571.29,2026-02-15 19:14:00.984641
TXN_009052,ACC_0446,ACC_0421,3016.84,2026-02-15 19:17:57.653360
TXN_006338,ACC_0220,ACC_0156,609.39,2026-02-15 19:18:43.204163
TXN_001926,ACC_0214,ACC_0237,3241.86,2026-02-15 19:21:19.326521
TXN_004384,ACC_0186,ACC_0045,4286.52,2026-02-15 19:21:32.939757
TXN_000864,ACC_0397,ACC_0317,4530.32,2026-02-15 19:22:54.790705
TXN_000154,ACC_0488,ACC_0377,3636.48,2026-02-15 19:25:15.689276
TXN_009202,ACC_0045,ACC_0407,3415.6,2026-02-15 19:30:00.368192
TXN_000940,ACC_0399,ACC_0462,3526.71,2026-02-15 19:31:17.495073
TXN_003000,ACC_0211,ACC_0155,212.36,2026-02-15 19:39:46.858485
TXN_002785,ACC_0295,ACC_0081,4420.95,2026-02-15 19:40:30.849798
TXN_003406,ACC_0153,ACC_0346,4468.01,2026-02-15 19:43:20.077893
TXN_001421,ACC_0068,ACC_0325,610.8,2026-02-15 19:44:05.308519
TXN_008405,ACC_0420,ACC_0174,3992.93,2026-02-15 19:45:02.045934
TXN_004669,ACC_0002,ACC_0074,1545.12,2026-02-15 19:46:47.420643
TXN_000545,ACC_0463,ACC_0384,1713.36,2026-02-15 19:47:04.843978
TXN_009138,ACC_0351,ACC_0299,1810.75,2026-02-15 19:51:26.063562
TXN_008614,ACC_0384,ACC_0174,2270.61,2026-02-15 19:57:13.151753
TXN_007619,ACC_0330,ACC_0237,3879.35,2026-02-15 20:20:34.067090
TXN_003780,ACC_0461,ACC_0272,677.81,2026-02-15 20:22:03.240157
TXN_000127,ACC_0444,ACC_0487,5198.36,2026-02-15 20:28:13.316535
TXN_001381,ACC_0091,ACC_0211,919.98,2026-02-15 20:35:43.270913
TXN_002230,ACC_0139,ACC_0371,1508.77,2026-02-15 20:39:08.707211
TXN_002969,ACC_0064,ACC_0297,3683.1,2026-02-15 20:41:31.639026
TXN_004496,ACC_0239,ACC_0133,4615.72,2026-02-15 20:42:20.341950
TXN_001212,ACC_0310,ACC_0022,3307.55,2026-02-15 20:46:01.591109
TXN_006059,ACC_0023,ACC_0032,4811.62,2026-02-15 20:47:42.602512
TXN_009541,ACC_0009,ACC_0034,1884.85,2026-02-15 20:50:17.019345
TXN_002513,ACC_0300,ACC_0025,2030.08,2026-02-15 20:54:09.542253
TXN_000193,ACC_0279,ACC_0490,4172.1,2026-02-15 21:02:52.855862
TXN_008791,ACC_0097,ACC_0308,1356.1,2026-02-15 21:03:37.593219
TXN_007714,ACC_0377,ACC_0379,4752.8,2026-02-15 21:10:10.315351
TXN_001763,ACC_0022,ACC_0098,4538.43,2026-02-15 21:10:57.060906
TXN_000128,ACC_0487,ACC_0384,4938.44,2026-02-15 21:13:42.551405
TXN_009261,ACC_0195,ACC_0051,3154.7,2026-02-15 21:14:31.521151
TXN_000161,ACC_0097,ACC_0489,14583.76,2026-02-15 21:18:49.307564
TXN_002174,ACC_0243,ACC_0470,3698.52,2026-02-15 21:27:43.976764
TXN_004606,ACC_0213,ACC_0389,1840.28,2026-02-15 21:33:17.600628
TXN_006539,ACC_0417,ACC_0111,3043.87,2026-02-15 21:38:20.138712
TXN_004392,ACC_0395,ACC_0244,1378.0,2026-02-15 21:41:12.918345
TXN_008936,ACC_0121,ACC_0261,1213.25,2026-02-15 21:46:29.656325
TXN_001057,ACC_0469,ACC_0127,788.65,2026-02-15 21:47:39.662508
TXN_007453,ACC_0374,ACC_0228,3412.94,2026-02-15 21:53:19.189772
TXN_005567,ACC_0289,ACC_0104,2663.76,2026-02-15 21:58:40.392250
TXN_000162,ACC_0489,ACC_0134,13854.57,2026-02-15 21:59:38.924989
TXN_003153,ACC_0209,ACC_0393,4627.74,2026-02-15 21:59:43.355483
TXN_006453,ACC_0086,ACC_0192,1980.92,2026-02-15 22:01:20.157635
TXN_007079,ACC_0182,ACC_0249,2592.51,2026-02-15 22:02:58.823705
TXN_003589,ACC_0235,ACC_0331,293.38,2026-02-15 22:10:56.998659
TXN_009176,ACC_0347,ACC_0121,2637.13,2026-02-15 22:13:57.237112
TXN_005587,ACC_0387,ACC_0207,4614.66,2026-02-15 22:18:07.845149
TXN_001282,ACC_0126,ACC_0102,1183.93,2026-02-15 22:22:22.689127
TXN_007820,ACC_0092,ACC_0274,4796.75,2026-02-15 22:28:38.009776
TXN_002516,ACC_0252,ACC_0153,3669.51,2026-02-15 22:30:57.537421
TXN_007327,ACC_0217,ACC_0374,1263.5,2026-02-15 22:32:23.025665
TXN_000995,ACC_0248,ACC_0235,4352.82,2026-02-15 22:33:25.997393
TXN_009477,ACC_0162,ACC_0249,3469.81,2026-02-15 22:35:41.294586
TXN_007460,ACC_0145,ACC_0059,3016.72,2026-02-15 22:35:59.038573
TXN_002436,ACC_0310,ACC_0125,190.74,2026-02-15 22:40:08.271195
TXN_000194,ACC_0490,ACC_0315,3963.49,2026-02-15 22:45:02.142794
TXN_008210,ACC_0252,ACC_0313,4644.93,2026-02-15 22:47:05.398648
TXN_005934,ACC_0459,ACC_0431,3251.82,2026-02-15 22:53:20.000123
TXN_002189,ACC_0405,ACC_0441,759.85,2026-02-15 22:54:53.690423
TXN_003987,ACC_0233,ACC_0135,2940.12,2026-02-15 23:04:21.201058
TXN_008282,ACC_0056,ACC_0461,1163.87,2026-02-15 23:05:00.630604
TXN_001987,ACC_0338,ACC_0307,343.05,2026-02-15 23:05:30.516700
TXN_001098,ACC_0306,ACC_0276,3211.5,2026-02-15 23:13:13.735536
TXN_007440,ACC_0080,ACC_0372,3498.15,2026-02-15 23:14:22.116866
TXN_003286,ACC_0096,ACC_0168,3514.07,2026-02-15 23:20:24.488059
TXN_008611,ACC_0397,ACC_0303,564.81,2026-02-15 23:25:20.522518
TXN_009501,ACC_0273,ACC_0345,3631.64,2026-02-15 23:26:39.315119
TXN_004301,ACC_0430,ACC_0033,194.43,2026-02-15 23:29:29.972343
TXN_002131,ACC_0289,ACC_0270,2318.81,2026-02-15 23:30:50.165214
TXN_007479,ACC_0278,ACC_0405,3500.36,2026-02-15 23:39:13.995750
TXN_001662,ACC_0165,ACC_0351,1350.1,2026-02-15 23:46:03.807932
TXN_009471,ACC_0357,ACC_0235,3053.45,2026-02-15 23:48:18.469176
TXN_000054,ACC_0480,ACC_0476,17719.44,2026-02-15 23:54:54.114733
TXN_007166,ACC_0360,ACC_0442,4265.51,2026-02-15 23:55:14.266564
TXN_006956,ACC_0373,ACC_0002,3105.3,2026-02-15 23:58:41.454328
TXN_005547,ACC_0173,ACC_0337,1808.35,2026-02-15 23:59:33.595227
TXN_001050,ACC_0090,ACC_0381,3887.57,2026-02-16 00:05:36.423254
TXN_002331,ACC_0460,ACC_0133,195.73,2026-02-16 00:07:26.502907
TXN_000699,ACC_0115,ACC_0442,693.43,2026-02-16 00:10:52.774912
TXN_004597,ACC_0408,ACC_0008,2887.1,2026-02-16 00:11:30.603687
TXN_003023,ACC_0451,ACC_0138,4555.23,2026-02-16 00:13:45.239842
TXN_002398,ACC_0209,ACC_0461,3444.04,2026-02-16 00:18:42.183900
TXN_000666,ACC_0229,ACC_0193,4239.4,2026-02-16 00:27:16.178894
TXN_006690,ACC_0233,ACC_0184,1988.47,2026-02-16 00:35:36.680881
TXN_001129,ACC_0021,ACC_0009,4239.33,2026-02-16 00:50:22.752460
TXN_004256,ACC_0248,ACC_0342,4925.66,2026-02-16 00:53:50.703892
TXN_002717,ACC_0460,ACC_0108,3348.94,2026-02-16 00:55:46.320695
TXN_008394,ACC_0407,ACC_0263,241.02,2026-02-16 00:59:48.336842
TXN_003620,ACC_0136,ACC_0293,256.63,2026-02-16 01:00:07.244677
TXN_008859,ACC_0091,ACC_0234,1124.61,2026-02-16 01:06:37.446242
TXN_003296,ACC_0199,ACC_0436,372.09,2026-02-16 01:09:40.197060
TXN_006663,ACC_0023,ACC_0382,1984.81,2026-02-16 01:12:28.042939
TXN_000649,ACC_0396,ACC_0304,4046.43,2026-02-16 01:18:06.194488
TXN_006821,ACC_0296,ACC_0444,4355.31,2026-02-16 01:22:36.849980
TXN_007687,ACC_0195,ACC_0133,3525.34,2026-02-16 01:25:36.271161
TXN_001025,ACC_0337,ACC_0414,1338.12,2026-02-16 01:26:24.440069
TXN_004522,ACC_0372,ACC_0354,4750.55,2026-02-16 01:26:28.910611
TXN_002865,ACC_0265,ACC_0112,4222.11,2026-02-16 01:32:10.957118
TXN_001660,ACC_0236,ACC_0439,4969.02,2026-02-16 01:35:33.354107
TXN_005735,ACC_0432,ACC_0192,1459.13,2026-02-16 01:35:55.603480
TXN_009483,ACC_0355,ACC_0341,4058.19,2026-02-16 01:42:59.675497
TXN_000912,ACC_0359,ACC_0456,4449.21,2026-02-16 01:43:43.273764
TXN_006955,ACC_0004,ACC_0163,4163.82,2026-02-16 01:45:54.795036
TXN_003846,ACC_0019,ACC_0414,3162.34,2026-02-16 01:55:21.561235
TXN_006091,ACC_0312,ACC_0388,170.14,2026-02-16 01:55:43.582066
TXN_000644,ACC_0285,ACC_0466,4639.44,2026-02-16 02:02:23.924174
TXN_005947,ACC_0463,ACC_0102,2722.16,2026-02-16 02:09:33.917621
TXN_006435,ACC_0230,ACC_0298,248.46,2026-02-16 02:11:21.100343
TXN_000033,ACC_0477,ACC_0478,11571.09,2026-02-16 02:17:23.472375
TXN_005625,ACC_0132,ACC_0468,4043.55,2026-02-16 02:23:32.470307
TXN_007274,ACC_0376,ACC_0125,2352.45,2026-02-16 02:32:25.671718
TXN_006562,ACC_0182,ACC_0330,3014.67,2026-02-16 02:32:41.819190
TXN_004316,ACC_0003,ACC_0211,2529.04,2026-02-16 02:45:38.502186
TXN_009079,ACC_0422,ACC_0025,1171.65,2026-02-16 02:46:51.455014
TXN_001689,ACC_0201,ACC_0025,1431.26,2026-02-16 02:47:56.091314
TXN_000704,ACC_0163,ACC_0361,3128.25,2026-02-16 02:49:35.377397
TXN_000540,ACC_0129,ACC_0357,1723.72,2026-02-16 02:49:56.730880
TXN_009367,ACC_0171,ACC_0365,3228.62,2026-02-16 02:50:39.193462
TXN_005815,ACC_0434,ACC_0450,3634.98,2026-02-16 02:52:04.065162
TXN_000618,ACC_0250,ACC_0048,2402.2,2026-02-16 02:56:22.414444
TXN_003057,ACC_0283,ACC_0452,4684.77,2026-02-16 02:57:23.179220
TXN_003130,ACC_0394,ACC_0281,4272.04,2026-02-16 02:58:17.289530
TXN_006402,ACC_0173,ACC_0206,1093.05,2026-02-16 02:59:45.699491
TXN_005682,ACC_0179,ACC_0316,200.34,2026-02-16 02:59:55.437103
TXN_000954,ACC_0225,ACC_0157,4274.99,2026-02-16 03:03:09.490533
TXN_005220,ACC_0215,ACC_0117,2521.81,2026-02-16 03:08:21.380541
TXN_001792,ACC_0113,ACC_0333,2435.88,2026-02-16 03:14:51.684915
TXN_000053,ACC_0480,ACC_0476,12027.9,2026-02-16 03:16:52.347906
TXN_006489,ACC_0326,ACC_0100,2098.2,2026-02-16 03:19:02.111129
TXN_000039,ACC_0477,ACC_0478,20094.26,2026-02-16 03:28:43.079196
TXN_005785,ACC_0001,ACC_0270,4724.74,2026-02-16 03:35:16.896034
TXN_009746,ACC_0047,ACC_0281,3772.3,2026-02-16 03:37:21.175005
TXN_004181,ACC_0132,ACC_0413,3360.01,2026-02-16 03:42:38.282945
TXN_008738,ACC_0331,ACC_0460,1064.89,2026-02-16 03:45:43.432087
TXN_007835,ACC_0117,ACC_0002,2319.27,2026-02-16 03:46:53.170707
TXN_007288,ACC_0052,ACC_0130,2649.43,2026-02-16 03:47:56.608058
TXN_005694,ACC_0469,ACC_0295,3326.21,2026-02-16 03:48:31.484208
TXN_001558,ACC_0108,ACC_0132,2582.2,2026-02-16 03:49:06.177445
TXN_008636,ACC_0343,ACC_0286,4711.82,2026-02-16 03:53:16.973360
TXN_003978,ACC_0173,ACC_0463,2953.44,2026-02-16 03:58:17.412310
TXN_009096,ACC_0466,ACC_0030,4593.22,2026-02-16 04:08:12.508128
TXN_009220,ACC_0149,ACC_0271,4451.28,2026-02-16 04:11:40.119813
TXN_004598,ACC_0107,ACC_0435,1255.44,2026-02-16 04:24:30.257126
TXN_003174,ACC_0039,ACC_0417,1675.45,2026-02-16 04:29:58.019497
TXN_003047,ACC_0426,ACC_0328,615.35,2026-02-16 04:40:49.211460
TXN_006877,ACC_0211,ACC_0136,625.71,2026-02-16 04:40:58.812288
TXN_004223,ACC_0211,ACC_0100,1678.76,2026-02-16 04:43:10.350798
TXN_004578,ACC_0234,ACC_0074,2135.89,2026-02-16 04:45:31.780904
TXN_007229,ACC_0126,ACC_0083,2142.66,2026-02-16 04:47:42.814107
TXN_001913,ACC_0274,ACC_0458,2835.42,2026-02-16 04:48:31.528683
TXN_007040,ACC_0363,ACC_0144,3174.31,2026-02-16 04:50:46.308562
TXN_002471,ACC_0140,ACC_0220,1209.6,2026-02-16 04:54:49.114199
TXN_002233,ACC_0399,ACC_0127,3568.41,2026-02-16 05:14:03.175091
TXN_005049,ACC_0082,ACC_0078,666.7,2026-02-16 05:19:07.595806
TXN_009718,ACC_0287,ACC_0289,1757.77,2026-02-16 05:21:28.808242
TXN_003839,ACC_0243,ACC_0001,4369.47,2026-02-16 05:29:52.296165
TXN_002400,ACC_0292,ACC_0138,3554.61,2026-02-16 05:38:41.134648
TXN_005807,ACC_0099,ACC_0192,1323.54,2026-02-16 05:48:28.916088
TXN_004361,ACC_0468,ACC_0053,4740.29,2026-02-16 05:53:53.343398
TXN_002173,ACC_0389,ACC_0080,4500.49,2026-02-16 05:57:16.115982
TXN_004517,ACC_0398,ACC_0414,3646.95,2026-02-16 06:08:11.999046
TXN_000452,ACC_0470,ACC_0147,902.71,2026-02-16 06:22:53.409775
TXN_002957,ACC_0462,ACC_0240,1011.09,2026-02-16 06:27:52.623717
TXN_003126,ACC_0287,ACC_0120,3775.08,2026-02-16 06:31:10.623058
TXN_005426,ACC_0434,ACC_0267,3668.62,2026-02-16 06:35:33.247864
TXN_008858,ACC_0261,ACC_0399,1197.85,2026-02-16 06:44:33.858288
TXN_002474,ACC_0304,ACC_0265,529.87,2026-02-16 06:52:51.011566
TXN_009683,ACC_0285,ACC_0120,4889.02,2026-02-16 06:54:08.951796
TXN_003888,ACC_0299,ACC_0020,3274.46,2026-02-16 06:54:30.040337
TXN_003615,ACC_0356,ACC_0249,2539.46,2026-02-16 07:00:46.046094
TXN_004603,ACC_0031,ACC_0017,3824.88,2026-02-16 07:03:24.538277
TXN_001608,ACC_0092,ACC_0448,1655.05,2026-02-16 07:04:27.688211
TXN_005774,ACC_0254,ACC_0408,3444.51,2026-02-16 07:05:36.989275
TXN_004490,ACC_0399,ACC_0175,4371.51,2026-02-16 07:05:57.610015
TXN_004824,ACC_0066,ACC_0392,3606.23,2026-02-16 07:12:11.843030
TXN_008061,ACC_0170,ACC_0071,2731.25,2026-02-16 07:18:24.489864
TXN_000041,ACC_0478,ACC_0479,12816.76,2026-02-16 07:25:26.730956
TXN_000945,ACC_0195,ACC_0364,1688.9,2026-02-16 07:26:47.454738
TXN_000572,ACC_0191,ACC_0138,4377.37,2026-02-16 07:30:49.877178
TXN_007193,ACC_0030,ACC_0444,3032.99,2026-02-16 07:31:44.300355
TXN_001734,ACC_0059,ACC_0255,3381.36,2026-02-16 07:32:28.875328
TXN_008093,ACC_0112,ACC_0046,4998.31,2026-02-16 07:33:04.118313
TXN_002388,ACC_0215,ACC_0342,4355.93,2026-02-16 07:36:14.298297
TXN_004213,ACC_0350,ACC_0007,1664.08,2026-02-16 07:36:14.804666
TXN_004290,ACC_0415,ACC_0176,3393.56,2026-02-16 07:41:06.094003
TXN_001957,ACC_0230,ACC_0067,2700.9,2026-02-16 07:47:57.669051
TXN_009324,ACC_0012,ACC_0381,3135.31,2026-02-16 07:49:59.047781
TXN_006487,ACC_0324,ACC_0128,2767.0,2026-02-16 07:53:59.117072
TXN_007161,ACC_0314,ACC_0261,3147.61,2026-02-16 07:55:11.839940
TXN_004519,ACC_0153,ACC_0270,1277.51,2026-02-16 07:55:57.381437
TXN_000092,ACC_0475,ACC_0476,22946.83,2026-02-16 07:56:32.628565
TXN_007592,ACC_0274,ACC_0465,3459.27,2026-02-16 08:06:07.564528
TXN_006919,ACC_0076,ACC_0226,2816.34,2026-02-16 08:12:57.765535
TXN_002663,ACC_0405,ACC_0172,1413.45,2026-02-16 08:14:08.777217
TXN_007829,ACC_0122,ACC_0092,4148.51,2026-02-16 08:20:18.462930
TXN_008369,ACC_0361,ACC_0378,3348.89,2026-02-16 08:25:05.607330
TXN_008279,ACC_0203,ACC_0032,1521.37,2026-02-16 08:30:26.524020
TXN_003477,ACC_0431,ACC_0087,1318.1,2026-02-16 08:30:27.498354
TXN_004017,ACC_0185,ACC_0169,4867.47,2026-02-16 08:32:55.853925
TXN_004786,ACC_0021,ACC_0138,3579.25,2026-02-16 08:34:15.002659
TXN_002749,ACC_0342,ACC_0095,4796.0,2026-02-16 08:48:09.769854
TXN_009330,ACC_0147,ACC_0266,667.6,2026-02-16 08:48:26.218892
TXN_006755,ACC_0169,ACC_0264,1087.71,2026-02-16 08:59:13.612300
TXN_000751,ACC_0053,ACC_0228,391.23,2026-02-16 08:59:25.482747
TXN_009929,ACC_0031,ACC_0180,2300.63,2026-02-16 09:06:10.474412
TXN_008290,ACC_0090,ACC_0063,1296.05,2026-02-16 09:08:50.258052
TXN_005782,ACC_0456,ACC_0424,424.22,2026-02-16 09:10:04.772787
TXN_006365,ACC_0172,ACC_0421,3353.54,2026-02-16 09:13:36.998696
TXN_003735,ACC_0057,ACC_0199,1452.29,2026-02-16 09:19:42.769901
TXN_004514,ACC_0272,ACC_0398,4456.99,2026-02-16 09:21:08.152624
TXN_004366,ACC_0143,ACC_0370,3209.82,2026-02-16 09:38:28.156059
TXN_007733,ACC_0385,ACC_0009,3353.87,2026-02-16 09:38:47.281291
TXN_001285,ACC_0030,ACC_0441,2552.7,2026-02-16 09:41:43.517117
TXN_009310,ACC_0120,ACC_0463,1758.65,2026-02-16 09:44:45.326384
TXN_002987,ACC_0426,ACC_0417,315.82,2026-02-16 09:47:40.527900
TXN_009257,ACC_0112,ACC_0313,2215.39,2026-02-16 09:48:48.887652
TXN_000715,ACC_0284,ACC_0303,3679.56,2026-02-16 09:55:26.941131
TXN_001811,ACC_0151,ACC_0367,1256.35,2026-02-16 10:00:37.832722
TXN_005192,ACC_0062,ACC_0405,1013.57,2026-02-16 10:05:40.395171
TXN_008163,ACC_0044,ACC_0016,1357.24,2026-02-16 10:06:49.714095
TXN_007655,ACC_0117,ACC_0456,1900.77,2026-02-16 10:11:09.740658
TXN_004016,ACC_0082,ACC_0130,990.3,2026-02-16 10:19:58.106083
TXN_008523,ACC_0051,ACC_0186,2999.1,2026-02-16 10:28:05.062446
TXN_008382,ACC_0273,ACC_0123,1770.8,2026-02-16 10:30:53.295178
TXN_008111,ACC_0263,ACC_0398,989.07,2026-02-16 10:41:13.110470
TXN_006524,ACC_0055,ACC_0370,1072.92,2026-02-16 10:44:20.156803
TXN_007803,ACC_0110,ACC_0392,4648.44,2026-02-16 10:51:04.258951
TXN_008293,ACC_0390,ACC_0433,2725.27,2026-02-16 10:51:37.789279
TXN_000149,ACC_0233,ACC_0487,10769.73,2026-02-16 10:52:47.634490
TXN_002842,ACC_0006,ACC_0194,2277.91,2026-02-16 10:55:10.315521
TXN_008378,ACC_0242,ACC_0228,1588.36,2026-02-16 10:59:03.795478
TXN_007732,ACC_0297,ACC_0122,3271.12,2026-02-16 11:00:22.597105
TXN_008736,ACC_0192,ACC_0370,2259.37,2026-02-16 11:01:35.504283
TXN_000565,ACC_0281,ACC_0036,1257.68,2026-02-16 11:08:53.589302
TXN_000150,ACC_0487,ACC_0406,10231.24,2026-02-16 11:20:20.929903
TXN_007205,ACC_0194,ACC_0269,4581.77,2026-02-16 11:22:08.025580
TXN_003437,ACC_0229,ACC_0222,449.18,2026-02-16 11:23:51.396792
TXN_000726,ACC_0091,ACC_0264,443.24,2026-02-16 11:26:10.546218
TXN_009508,ACC_0435,ACC_0241,2487.1,2026-02-16 11:27:49.562490
TXN_000402,ACC_0214,ACC_0231,964.74,2026-02-16 11:38:05.419381
TXN_006940,ACC_0464,ACC_0294,2025.03,2026-02-16 12:03:42.261610
TXN_004622,ACC_0324,ACC_0313,2760.59,2026-02-16 12:06:56.230756
TXN_002416,ACC_0164,ACC_0099,3528.41,2026-02-16 12:25:07.241804
TXN_001572,ACC_0439,ACC_0155,2038.91,2026-02-16 12:25:27.085196
TXN_005877,ACC_0085,ACC_0430,3066.58,2026-02-16 12:33:14.553443
TXN_000621,ACC_0027,ACC_0272,3257.18,2026-02-16 12:34:01.686811
TXN_006319,ACC_0438,ACC_0108,2432.88,2026-02-16 12:35:36.751268
TXN_006545,ACC_0345,ACC_0074,548.16,2026-02-16 12:36:37.324740
TXN_006496,ACC_0105,ACC_0260,4076.31,2026-02-16 12:41:00.936429
TXN_003636,ACC_0429,ACC_0226,1696.42,2026-02-16 12:53:50.967135
TXN_006305,ACC_0468,ACC_0102,738.47,2026-02-16 12:55:32.457004
TXN_006897,ACC_0015,ACC_0087,1218.26,2026-02-16 13:01:17.752147
TXN_003585,ACC_0381,ACC_0416,2658.66,2026-02-16 13:04:29.286645
TXN_003803,ACC_0381,ACC_0145,2283.79,2026-02-16 13:13:13.160516
TXN_008776,ACC_0063,ACC_0417,3303.7,2026-02-16 13:13:49.927167
TXN_006637,ACC_0031,ACC_0007,2509.13,2026-02-16 13:17:39.207242
TXN_007513,ACC_0222,ACC_0332,736.32,2026-02-16 13:25:00.501162
TXN_006444,ACC_0344,ACC_0012,1931.38,2026-02-16 13:25:30.395403
TXN_009144,ACC_0243,ACC_0302,4234.26,2026-02-16 13:42:11.068548
TXN_001503,ACC_0065,ACC_0425,610.83,2026-02-16 13:44:50.228342
TXN_001634,ACC_0074,ACC_0301,1245.96,2026-02-16 13:52:02.513149
TXN_007724,ACC_0031,ACC_0216,3667.32,2026-02-16 14:01:41.602740
TXN_000792,ACC_0237,ACC_0048,3423.47,2026-02-16 14:05:53.942258
TXN_008217,ACC_0179,ACC_0461,1384.52,2026-02-16 14:26:02.839516
TXN_008622,ACC_0233,ACC_0229,4147.01,2026-02-16 14:28:24.836915
TXN_001157,ACC_0033,ACC_0234,2013.69,2026-02-16 14:38:29.783348
TXN_008713,ACC_0275,ACC_0113,4349.08,2026-02-16 14:38:50.011060
TXN_005450,ACC_0308,ACC_0121,2748.48,2026-02-16 14:42:29.900015
TXN_003756,ACC_0394,ACC_0234,320.18,2026-02-16 14:42:30.144143
TXN_005095,ACC_0296,ACC_0050,4623.32,2026-02-16 14:43:47.178616
TXN_003944,ACC_0335,ACC_0039,3487.43,2026-02-16 14:47:59.219424
TXN_006097,ACC_0220,ACC_0174,4140.69,2026-02-16 14:51:46.159660
TXN_009646,ACC_0207,ACC_0294,2083.75,2026-02-16 14:54:13.423451
TXN_007521,ACC_0254,ACC_0095,3309.08,2026-02-16 14:59:14.751855
TXN_001054,ACC_0360,ACC_0011,2472.81,2026-02-16 15:00:57.742874
TXN_002597,ACC_0409,ACC_0298,1810.4,2026-02-16 15:12:06.651732
TXN_005961,ACC_0142,ACC_0270,1991.87,2026-02-16 15:15:13.157266
TXN_008134,ACC_0245,ACC_0040,2505.09,2026-02-16 15:15:35.788193
TXN_004386,ACC_0329,ACC_0392,4465.56,2026-02-16 15:18:36.566347
TXN_004976,ACC_0422,ACC_0381,3926.46,2026-02-16 15:34:19.474681
TXN_008944,ACC_0271,ACC_0283,3674.64,2026-02-16 15:37:32.681906
TXN_009334,ACC_0285,ACC_0187,2889.23,2026-02-16 15:40:56.996461
TXN_007402,ACC_0274,ACC_0376,1208.25,2026-02-16 15:43:35.786006
TXN_003501,ACC_0225,ACC_0323,3606.92,2026-02-16 15:49:43.951517
TXN_003045,ACC_0412,ACC_0112,1195.99,2026-02-16 15:55:08.913330
TXN_006069,ACC_0237,ACC_0144,477.06,2026-02-16 15:56:29.460848
TXN_000986,ACC_0463,ACC_0084,790.1,2026-02-16 16:02:55.990009
TXN_005120,ACC_0110,ACC_0423,2689.07,2026-02-16 16:05:39.097975
TXN_003016,ACC_0232,ACC_0328,2966.03,2026-02-16 16:06:31.364865
TXN_001517,ACC_0053,ACC_0180,3258.76,2026-02-16 16:07:51.372587
TXN_009142,ACC_0096,ACC_0189,4299.14,2026-02-16 16:11:01.315234
TXN_003562,ACC_0310,ACC_0365,1185.21,2026-02-16 16:14:59.453263
TXN_006644,ACC_0045,ACC_0350,3716.31,2026-02-16 16:16:00.828880
TXN_001352,ACC_0268,ACC_0343,905.29,2026-02-16 16:16:51.916453
TXN_008234,ACC_0119,ACC_0339,1313.52,2026-02-16 16:25:39.056307
TXN_001959,ACC_0190,ACC_0316,4877.28,2026-02-16 16:27:40.779349
TXN_006790,ACC_0165,ACC_0277,1875.66,2026-02-16 16:28:01.275427
TXN_002299,ACC_0241,ACC_0339,382.79,2026-02-16 16:32:45.917147
TXN_009874,ACC_0452,ACC_0199,1393.23,2026-02-16 16:34:39.103396
TXN_009612,ACC_0341,ACC_0287,3639.63,2026-02-16 16:59:38.877936
TXN_006984,ACC_0470,ACC_0464,4643.35,2026-02-16 17:02:08.559438
TXN_009916,ACC_0207,ACC_0425,4814.48,2026-02-16 17:08:55.838330
TXN_002464,ACC_0434,ACC_0203,2759.95,2026-02-16 17:16:52.902433
TXN_000099,ACC_0476,ACC_0474,6554.99,2026-02-16 17:21:40.675024
TXN_000821,ACC_0074,ACC_0416,1466.91,2026-02-16 17:24:16.325880
TXN_004252,ACC_0230,ACC_0241,592.52,2026-02-16 17:24:57.181773
TXN_005269,ACC_0265,ACC_0054,4323.85,2026-02-16 17:35:42.369013
TXN_003445,ACC_0447,ACC_0357,3698.85,2026-02-16 17:45:11.477884
TXN_004957,ACC_0443,ACC_0294,1671.31,2026-02-16 17:49:05.143487
TXN_004541,ACC_0009,ACC_0138,4869.16,2026-02-16 17:56:12.360555
TXN_002356,ACC_0311,ACC_0188,4319.2,2026-02-16 17:58:38.228486
TXN_008824,ACC_0298,ACC_0245,4498.44,2026-02-16 17:59:22.246212
TXN_003808,ACC_0270,ACC_0317,3913.41,2026-02-16 18:05:43.056153
TXN_003222,ACC_0398,ACC_0399,586.55,2026-02-16 18:06:13.072961
TXN_007865,ACC_0183,ACC_0341,2784.42,2026-02-16 18:09:19.249920
TXN_009385,ACC_0046,ACC_0182,1237.73,2026-02-16 18:14:19.337016
TXN_007057,ACC_0267,ACC_0060,4237.08,2026-02-16 18:29:00.874255
TXN_007694,ACC_0423,ACC_0243,4393.86,2026-02-16 18:34:06.891625
TXN_005932,ACC_0147,ACC_0337,1082.95,2026-02-16 18:34:28.520250
TXN_006582,ACC_0318,ACC_0211,2323.01,2026-02-16 18:35:45.150968
TXN_000987,ACC_0465,ACC_0360,2692.45,2026-02-16 18:37:57.983631
TXN_007982,ACC_0291,ACC_0294,274.83,2026-02-16 18:39:48.515969
TXN_003054,ACC_0259,ACC_0393,2643.67,2026-02-16 18:40:10.022948
TXN_002435,ACC_0232,ACC_0384,2718.87,2026-02-16 18:44:43.603210
TXN_002771,ACC_0087,ACC_0148,2626.49,2026-02-16 18:54:17.992205
TXN_006619,ACC_0286,ACC_0085,3128.05,2026-02-16 19:10:48.441628
TXN_005265,ACC_0057,ACC_0116,4751.62,2026-02-16 19:12:34.444866
TXN_005123,ACC_0064,ACC_0263,3790.7,2026-02-16 19:14:45.047744
TXN_009801,ACC_0342,ACC_0410,2223.69,2026-02-16 19:21:51.647968
TXN_003552,ACC_0420,ACC_0114,1040.37,2026-02-16 19:25:38.928754
TXN_003532,ACC_0298,ACC_0356,2662.93,2026-02-16 19:35:08.976516
TXN_002697,ACC_0214,ACC_0006,226.7,2026-02-16 19:40:46.080860
TXN_008760,ACC_0173,ACC_0445,644.43,2026-02-16 20:00:37.491977
TXN_001280,ACC_0057,ACC_0364,4082.36,2026-02-16 20:06:02.819311
TXN_003920,ACC_0075,ACC_0107,513.71,2026-02-16 20:11:11.860221
TXN_004067,ACC_0162,ACC_0215,2847.34,2026-02-16 20:13:46.154832
TXN_009313,ACC_0427,ACC_0128,4466.59,2026-02-16 20:18:18.949214
TXN_004167,ACC_0400,ACC_0384,2374.33,2026-02-16 20:37:33.737066
TXN_004045,ACC_0251,ACC_0160,2844.04,2026-02-16 20:39:58.535451
TXN_008502,ACC_0030,ACC_0109,3533.38,2026-02-16 20:50:33.603183
TXN_008433,ACC_0179,ACC_0024,2769.28,2026-02-16 20:58:25.388362
TXN_009268,ACC_0159,ACC_0031,1486.04,2026-02-16 21:03:52.519669
TXN_007693,ACC_0286,ACC_0247,1445.49,2026-02-16 21:06:27.474308
TXN_004971,ACC_0180,ACC_0145,787.04,2026-02-16 21:13:14.024936
TXN_002135,ACC_0174,ACC_0155,3050.7,2026-02-16 21:14:36.625279
TXN_008335,ACC_0030,ACC_0355,3261.8,2026-02-16 21:16:48.723943
TXN_009784,ACC_0464,ACC_0013,2662.79,2026-02-16 21:18:42.056784
TXN_005341,ACC_0191,ACC_0271,1650.37,2026-02-16 21:18:44.309144
TXN_005462,ACC_0139,ACC_0461,4557.53,2026-02-16 21:23:18.492752
TXN_004618,ACC_0274,ACC_0257,2367.83,2026-02-16 21:23:35.480185
TXN_003385,ACC_0405,ACC_0001,2902.64,2026-02-16 21:24:29.573129
TXN_004891,ACC_0150,ACC_0036,1801.29,2026-02-16 21:36:29.275416
TXN_007003,ACC_0335,ACC_0093,967.61,2026-02-16 21:40:28.290843
TXN_002797,ACC_0451,ACC_0263,997.91,2026-02-16 21:48:45.874427
TXN_001007,ACC_0063,ACC_0096,2105.78,2026-02-16 21:50:20.677305
TXN_002685,ACC_0400,ACC_0227,4219.49,2026-02-16 21:52:02.396827
TXN_005152,ACC_0276,ACC_0090,3755.85,2026-02-16 21:53:22.492401
TXN_004625,ACC_0315,ACC_0370,880.81,2026-02-16 21:58:43.600425
TXN_003085,ACC_0172,ACC_0048,4403.33,2026-02-16 21:59:25.776764
TXN_001404,ACC_0368,ACC_0139,4146.65,2026-02-16 22:04:23.415342
TXN_005605,ACC_0332,ACC_0125,3574.11,2026-02-16 22:13:37.260706
TXN_003287,ACC_0357,ACC_0433,2798.64,2026-02-16 22:21:39.327436
TXN_009809,ACC_0039,ACC_0417,365.29,2026-02-16 22:28:29.757247
TXN_004271,ACC_0142,ACC_0086,2519.41,2026-02-16 22:40:11.915319
TXN_009672,ACC_0370,ACC_0377,1661.67,2026-02-16 22:44:04.922453
TXN_001528,ACC_0382,ACC_0381,1777.33,2026-02-16 22:45:56.116232
TXN_004450,ACC_0216,ACC_0365,2653.22,2026-02-16 22:48:41.747501
TXN_001673,ACC_0163,ACC_0052,4965.98,2026-02-16 22:49:41.666342
TXN_006868,ACC_0016,ACC_0383,3331.43,2026-02-16 22:49:50.762441
TXN_008947,ACC_0056,ACC_0295,126.2,2026-02-16 22:52:26.221130
TXN_001764,ACC_0041,ACC_0417,2275.57,2026-02-16 22:56:37.826181
TXN_007436,ACC_0395,ACC_0019,1214.8,2026-02-16 22:58:10.779160
TXN_008130,ACC_0256,ACC_0108,4768.43,2026-02-16 23:04:00.543543
TXN_005721,ACC_0439,ACC_0450,1766.44,2026-02-16 23:13:10.720728
TXN_005295,ACC_0200,ACC_0033,3570.51,2026-02-16 23:13:57.318880
TXN_002287,ACC_0465,ACC_0025,1053.4,2026-02-16 23:14:30.751305
TXN_000931,ACC_0161,ACC_0469,4898.25,2026-02-16 23:16:51.550957
TXN_005754,ACC_0031,ACC_0417,1076.9,2026-02-16 23:31:48.278902
TXN_001456,ACC_0263,ACC_0021,3672.18,2026-02-16 23:35:04.537605
TXN_002207,ACC_0069,ACC_0467,4647.75,2026-02-16 23:38:09.622949
TXN_002711,ACC_0338,ACC_0183,4635.06,2026-02-16 23:44:01.076172
TXN_006620,ACC_0426,ACC_0416,584.96,2026-02-16 23:45:32.865092
TXN_006342,ACC_0106,ACC_0270,508.84,2026-02-16 23:46:18.346128
TXN_003392,ACC_0113,ACC_0198,4830.46,2026-02-16 23:46:20.383585
TXN_001039,ACC_0226,ACC_0375,2943.05,2026-02-16 23:47:12.107534
TXN_002201,ACC_0073,ACC_0200,3537.8,2026-02-16 23:51:32.809287
TXN_006235,ACC_0346,ACC_0201,187.47,2026-02-16 23:55:57.523493
TXN_004435,ACC_0294,ACC_0066,1421.93,2026-02-16 23:57:08.598548
TXN_000107,ACC_0472,ACC_0473,22724.93,2026-02-17 00:08:44.415743
TXN_000549,ACC_0022,ACC_0365,4685.54,2026-02-17 00:10:35.737686
TXN_004580,ACC_0157,ACC_0413,2698.42,2026-02-17 00:11:45.885156
TXN_006326,ACC_0353,ACC_0187,2127.44,2026-02-17 00:12:39.324967
TXN_006884,ACC_0126,ACC_0261,772.11,2026-02-17 00:13:44.886406
TXN_006513,ACC_0266,ACC_0364,1546.01,2026-02-17 00:16:39.968217
TXN_004456,ACC_0387,ACC_0426,2491.24,2026-02-17 00:20:42.454150
TXN_004587,ACC_0119,ACC_0325,1228.14,2026-02-17 00:32:50.882133
TXN_000624,ACC_0252,ACC_0336,2897.74,2026-02-17 00:34:35.124721
TXN_005759,ACC_0048,ACC_0128,971.09,2026-02-17 00:35:04.662668
TXN_006773,ACC_0387,ACC_0184,352.84,2026-02-17 00:35:30.565552
TXN_000027,ACC_0476,ACC_0477,8642.38,2026-02-17 00:36:44.529598
TXN_002148,ACC_0109,ACC_0099,4533.57,2026-02-17 00:47:20.218424
TXN_007212,ACC_0316,ACC_0369,207.18,2026-02-17 00:53:11.128883
TXN_008697,ACC_0402,ACC_0134,2840.38,2026-02-17 00:55:06.390373
TXN_004294,ACC_0387,ACC_0245,3131.19,2026-02-17 00:55:29.497519
TXN_002486,ACC_0205,ACC_0403,718.4,2026-02-17 01:03:01.534154
TXN_006505,ACC_0264,ACC_0239,3130.13,2026-02-17 01:09:29.951117
TXN_009456,ACC_0050,ACC_0051,2445.49,2026-02-17 01:14:08.664246
TXN_001168,ACC_0165,ACC_0368,299.37,2026-02-17 01:18:53.292852
TXN_001124,ACC_0232,ACC_0356,4892.48,2026-02-17 01:19:06.357970
TXN_005315,ACC_0460,ACC_0403,519.01,2026-02-17 01:23:17.003402
TXN_008341,ACC_0037,ACC_0236,1696.36,2026-02-17 01:30:28.808085
TXN_006289,ACC_0352,ACC_0270,2823.81,2026-02-17 01:32:03.191334
TXN_009217,ACC_0117,ACC_0318,4743.91,2026-02-17 01:37:14.654290
TXN_005876,ACC_0138,ACC_0343,868.92,2026-02-17 01:38:00.350081
TXN_007705,ACC_0163,ACC_0036,2197.23,2026-02-17 01:46:08.814046
TXN_005592,ACC_0417,ACC_0353,4926.42,2026-02-17 01:47:49.345109
TXN_001790,ACC_0249,ACC_0461,4980.25,2026-02-17 01:56:44.130064
TXN_006409,ACC_0078,ACC_0072,4281.21,2026-02-17 02:05:02.801412
TXN_007172,ACC_0398,ACC_0400,4050.85,2026-02-17 02:05:58.937314
TXN_009200,ACC_0012,ACC_0211,4162.61,2026-02-17 02:10:14.110149
TXN_004086,ACC_0380,ACC_0120,2379.0,2026-02-17 02:10:52.885703
TXN_003904,ACC_0203,ACC_0432,1718.88,2026-02-17 02:16:01.325383
TXN_009619,ACC_0349,ACC_0285,1255.17,2026-02-17 02:26:49.904895
TXN_004353,ACC_0365,ACC_0453,875.71,2026-02-17 02:28:22.923997
TXN_004058,ACC_0184,ACC_0458,3597.55,2026-02-17 02:32:02.225478
TXN_004858,ACC_0283,ACC_0053,3266.87,2026-02-17 02:48:59.666698
TXN_009828,ACC_0463,ACC_0182,4472.37,2026-02-17 02:52:40.874563
TXN_009793,ACC_0165,ACC_0135,3459.88,2026-02-17 02:57:16.974294
TXN_005185,ACC_0384,ACC_0430,4433.93,2026-02-17 02:59:38.967816
TXN_007734,ACC_0310,ACC_0311,4131.91,2026-02-17 02:59:56.104009
TXN_000537,ACC_0071,ACC_0065,1065.43,2026-02-17 03:00:40.287622
TXN_003036,ACC_0058,ACC_0177,2843.79,2026-02-17 03:03:31.248751
TXN_005217,ACC_0120,ACC_0437,938.43,2026-02-17 03:08:26.432653
TXN_007848,ACC_0090,ACC_0125,1978.0,2026-02-17 03:17:14.540897
TXN_009688,ACC_0036,ACC_0136,4289.26,2026-02-17 03:17:16.754034
TXN_007520,ACC_0086,ACC_0367,2901.41,2026-02-17 03:21:01.437924
TXN_002563,ACC_0296,ACC_0228,2956.29,2026-02-17 03:35:47.652584
TXN_003882,ACC_0412,ACC_0298,4653.8,2026-02-17 03:36:16.108034
TXN_005670,ACC_0233,ACC_0293,4379.91,2026-02-17 03:40:13.078038
TXN_009100,ACC_0246,ACC_0062,386.68,2026-02-17 03:45:18.286423
TXN_004958,ACC_0357,ACC_0132,2692.16,2026-02-17 03:52:07.948857
TXN_009643,ACC_0148,ACC_0012,308.02,2026-02-17 03:57:30.903322
TXN_000722,ACC_0192,ACC_0133,891.81,2026-02-17 04:01:44.489084
TXN_005309,ACC_0303,ACC_0090,1746.32,2026-02-17 04:07:09.914611
TXN_006599,ACC_0271,ACC_0443,3987.35,2026-02-17 04:12:57.265062
TXN_006270,ACC_0427,ACC_0087,1760.22,2026-02-17 04:13:48.839397
TXN_002091,ACC_0214,ACC_0286,1220.23,2026-02-17 04:14:13.125554
TXN_006754,ACC_0221,ACC_0337,4962.68,2026-02-17 04:33:09.873191
TXN_006656,ACC_0232,ACC_0443,589.45,2026-02-17 04:38:11.345919
TXN_002511,ACC_0157,ACC_0132,4004.76,2026-02-17 04:55:25.979950
TXN_005264,ACC_0275,ACC_0261,1615.78,2026-02-17 04:56:25.824020
TXN_006983,ACC_0046,ACC_0359,475.54,2026-02-17 04:57:25.123738
TXN_008377,ACC_0008,ACC_0426,2932.78,2026-02-17 05:03:25.723468
TXN_001031,ACC_0457,ACC_0140,3770.78,2026-02-17 05:05:41.865347
TXN_008235,ACC_0309,ACC_0016,149.22,2026-02-17 05:12:19.302615
TXN_002736,ACC_0161,ACC_0240,4834.68,2026-02-17 05:20:13.581833
TXN_003416,ACC_0416,ACC_0258,4240.71,2026-02-17 05:25:36.278089
TXN_007601,ACC_0276,ACC_0311,3255.75,2026-02-17 05:27:03.305905
TXN_000878,ACC_0302,ACC_0273,955.04,2026-02-17 05:39:59.072731
TXN_006678,ACC_0258,ACC_0312,3605.14,2026-02-17 05:43:44.235049
TXN_009867,ACC_0425,ACC_0090,855.16,2026-02-17 05:52:23.122888
TXN_008060,ACC_0446,ACC_0008,1479.94,2026-02-17 06:06:17.877604
TXN_008002,ACC_0014,ACC_0016,2458.54,2026-02-17 06:16:11.580942
TXN_003436,ACC_0141,ACC_0017,490.39,2026-02-17 06:18:54.394242
TXN_001661,ACC_0389,ACC_0018,4906.85,2026-02-17 06:23:06.149460
TXN_001787,ACC_0335,ACC_0078,4238.75,2026-02-17 06:23:31.692584
TXN_007164,ACC_0099,ACC_0185,4312.98,2026-02-17 06:25:45.161474
TXN_006831,ACC_0335,ACC_0035,3040.49,2026-02-17 06:28:14.949257
TXN_007294,ACC_0198,ACC_0187,2478.69,2026-02-17 06:31:37.445967
TXN_003004,ACC_0300,ACC_0454,4485.4,2026-02-17 06:34:57.975259
TXN_000221,ACC_0279,ACC_0492,4828.7,2026-02-17 06:42:28.468423
TXN_002601,ACC_0338,ACC_0213,4810.58,2026-02-17 06:43:43.739547
TXN_005728,ACC_0094,ACC_0406,163.74,2026-02-17 06:45:52.548482
TXN_003899,ACC_0195,ACC_0372,4805.28,2026-02-17 06:46:45.967323
TXN_005221,ACC_0442,ACC_0066,4506.03,2026-02-17 06:59:47.396331
TXN_000988,ACC_0358,ACC_0469,1205.03,2026-02-17 07:00:15.939298
TXN_002310,ACC_0400,ACC_0217,687.61,2026-02-17 07:04:42.895097
TXN_003658,ACC_0156,ACC_0114,2457.23,2026-02-17 07:08:31.240527
TXN_000095,ACC_0476,ACC_0474,17261.66,2026-02-17 07:09:46.726585
TXN_002968,ACC_0009,ACC_0213,4276.36,2026-02-17 07:15:13.757542
TXN_000222,ACC_0492,ACC_0355,4587.26,2026-02-17 07:20:12.754624
TXN_008434,ACC_0097,ACC_0247,2836.2,2026-02-17 07:24:24.991091
TXN_004105,ACC_0368,ACC_0417,991.54,2026-02-17 07:28:22.071507
TXN_006016,ACC_0264,ACC_0162,1808.35,2026-02-17 07:37:35.568422
TXN_001945,ACC_0258,ACC_0401,2054.19,2026-02-17 07:49:36.102238
TXN_002763,ACC_0291,ACC_0170,3981.88,2026-02-17 07:53:49.901356
TXN_006185,ACC_0376,ACC_0008,1487.03,2026-02-17 07:56:26.362934
TXN_000007,ACC_0482,ACC_0483,6496.78,2026-02-17 08:00:37.576187
TXN_002816,ACC_0069,ACC_0094,1253.56,2026-02-17 08:09:40.821810
TXN_008324,ACC_0208,ACC_0449,3875.6,2026-02-17 08:09:42.142273
TXN_007917,ACC_0400,ACC_0222,4538.36,2026-02-17 08:11:57.677718
TXN_007225,ACC_0344,ACC_0327,2441.11,2026-02-17 08:17:12.507390
TXN_009219,ACC_0146,ACC_0276,1643.0,2026-02-17 08:18:24.454322
TXN_009797,ACC_0246,ACC_0153,138.49,2026-02-17 08:35:13.705816
TXN_004935,ACC_0245,ACC_0435,3442.69,2026-02-17 08:37:12.883753
TXN_000466,ACC_0049,ACC_0281,1354.09,2026-02-17 08:37:15.886675
TXN_001751,ACC_0175,ACC_0013,3105.51,2026-02-17 08:37:53.154481
TXN_004998,ACC_0280,ACC_0329,2412.92,2026-02-17 08:38:18.883987
TXN_003529,ACC_0142,ACC_0377,1044.03,2026-02-17 08:44:55.720347
TXN_009909,ACC_0170,ACC_0469,211.13,2026-02-17 08:45:12.066844
TXN_001256,ACC_0409,ACC_0108,1918.93,2026-02-17 08:51:51.543335
TXN_007860,ACC_0313,ACC_0408,160.86,2026-02-17 08:57:46.532785
TXN_004568,ACC_0257,ACC_0402,3508.11,2026-02-17 08:58:21.893552
TXN_006769,ACC_0274,ACC_0221,1567.62,2026-02-17 09:07:33.247266
TXN_008464,ACC_0331,ACC_0436,1051.68,2026-02-17 09:12:51.448640
TXN_004327,ACC_0136,ACC_0332,4292.47,2026-02-17 09:16:56.413175
TXN_005535,ACC_0096,ACC_0423,827.01,2026-02-17 09:19:44.533920
TXN_009328,ACC_0116,ACC_0285,1145.33,2026-02-17 09:37:12.337120
TXN_006951,ACC_0287,ACC_0328,1242.52,2026-02-17 09:37:29.781147
TXN_006668,ACC_0262,ACC_0231,3799.0,2026-02-17 09:38:28.661909
TXN_004533,ACC_0361,ACC_0014,4714.32,2026-02-17 09:51:41.181565
TXN_009573,ACC_0154,ACC_0446,3128.59,2026-02-17 09:54:14.641084
TXN_005596,ACC_0254,ACC_0271,445.76,2026-02-17 09:55:03.730113
TXN_004571,ACC_0261,ACC_0106,1378.5,2026-02-17 09:57:37.510521
TXN_002870,ACC_0055,ACC_0360,133.59,2026-02-17 09:58:19.480569
TXN_005066,ACC_0127,ACC_0056,3027.14,2026-02-17 09:58:34.634131
TXN_009686,ACC_0322,ACC_0035,4238.09,2026-02-17 10:03:14.012249
TXN_004228,ACC_0220,ACC_0236,1584.09,2026-02-17 10:07:06.293423
TXN_006302,ACC_0272,ACC_0187,2503.51,2026-02-17 10:08:54.891703
TXN_002478,ACC_0213,ACC_0351,4903.76,2026-02-17 10:11:21.102995
TXN_008439,ACC_0339,ACC_0328,1726.21,2026-02-17 10:21:48.103878
TXN_007178,ACC_0379,ACC_0017,1048.68,2026-02-17 10:36:58.623212
TXN_000613,ACC_0470,ACC_0056,1813.55,2026-02-17 10:37:14.526450
TXN_003434,ACC_0153,ACC_0469,861.0,2026-02-17 10:44:00.631232
TXN_004641,ACC_0169,ACC_0056,196.41,2026-02-17 10:48:54.469469
TXN_008982,ACC_0406,ACC_0393,767.94,2026-02-17 10:49:17.057515
TXN_007182,ACC_0384,ACC_0103,2338.87,2026-02-17 10:50:13.582849
TXN_002475,ACC_0334,ACC_0292,1805.09,2026-02-17 10:54:41.666496
TXN_002534,ACC_0044,ACC_0018,4241.06,2026-02-17 11:01:18.662482
TXN_006683,ACC_0338,ACC_0056,1950.64,2026-02-17 11:16:42.393089
TXN_002650,ACC_0246,ACC_0157,1695.38,2026-02-17 11:21:20.114130
TXN_001766,ACC_0268,ACC_0308,3054.01,2026-02-17 11:25:08.785654
TXN_001046,ACC_0404,ACC_0450,1558.15,2026-02-17 11:27:16.338420
TXN_005511,ACC_0394,ACC_0161,2039.09,2026-02-17 11:36:49.766140
TXN_008734,ACC_0065,ACC_0024,210.35,2026-02-17 11:37:43.763345
TXN_006164,ACC_0442,ACC_0227,2059.53,2026-02-17 11:41:26.596003
TXN_001259,ACC_0422,ACC_0113,889.62,2026-02-17 11:45:05.734865
TXN_007751,ACC_0180,ACC_0099,3767.16,2026-02-17 11:47:13.105431
TXN_001318,ACC_0389,ACC_0264,205.88,2026-02-17 11:48:59.254655
TXN_001713,ACC_0147,ACC_0178,1089.45,2026-02-17 11:51:32.575910
TXN_003486,ACC_0317,ACC_0173,479.34,2026-02-17 11:53:29.846723
TXN_006134,ACC_0088,ACC_0050,3324.19,2026-02-17 11:57:58.717906
TXN_003730,ACC_0185,ACC_0283,1742.73,2026-02-17 11:58:35.824039
TXN_003041,ACC_0118,ACC_0283,3888.67,2026-02-17 12:00:33.957241
TXN_004022,ACC_0188,ACC_0285,4838.04,2026-02-17 12:06:28.519070
TXN_001053,ACC_0305,ACC_0151,2392.17,2026-02-17 12:14:16.787989
TXN_000711,ACC_0307,ACC_0163,1675.52,2026-02-17 12:17:58.511705
TXN_000967,ACC_0111,ACC_0354,2083.58,2026-02-17 12:19:24.835282
TXN_003896,ACC_0458,ACC_0350,2289.23,2026-02-17 12:26:40.768071
TXN_000822,ACC_0326,ACC_0245,4076.38,2026-02-17 12:30:01.386041
TXN_006958,ACC_0153,ACC_0257,3698.89,2026-02-17 12:33:01.166932
TXN_005100,ACC_0081,ACC_0249,2316.37,2026-02-17 12:33:35.738158
TXN_001030,ACC_0042,ACC_0132,828.96,2026-02-17 12:33:56.509341
TXN_001516,ACC_0165,ACC_0257,2136.6,2026-02-17 12:41:43.087450
TXN_002483,ACC_0032,ACC_0059,2842.23,2026-02-17 12:53:00.535468
TXN_008993,ACC_0216,ACC_0276,3989.41,2026-02-17 12:57:30.133686
TXN_001895,ACC_0327,ACC_0086,1704.67,2026-02-17 12:58:43.051180
TXN_009504,ACC_0338,ACC_0366,4385.26,2026-02-17 13:21:54.072553
TXN_005597,ACC_0293,ACC_0455,478.89,2026-02-17 13:22:37.675236
TXN_004134,ACC_0371,ACC_0383,615.66,2026-02-17 13:24:46.559070
TXN_007938,ACC_0274,ACC_0447,4397.51,2026-02-17 13:25:34.189886
TXN_006404,ACC_0408,ACC_0307,2312.73,2026-02-17 13:26:24.661805
TXN_008623,ACC_0409,ACC_0018,2365.26,2026-02-17 13:28:23.485358
TXN_006717,ACC_0336,ACC_0462,1634.41,2026-02-17 13:29:49.306493
TXN_008958,ACC_0325,ACC_0124,3329.36,2026-02-17 13:39:16.645464
TXN_006987,ACC_0108,ACC_0190,3539.14,2026-02-17 13:43:18.116690
TXN_003120,ACC_0014,ACC_0077,4721.91,2026-02-17 14:01:39.708560
TXN_002333,ACC_0082,ACC_0293,3052.68,2026-02-17 14:07:45.140460
TXN_002822,ACC_0429,ACC_0101,715.4,2026-02-17 14:08:25.484025
TXN_002162,ACC_0226,ACC_0102,470.07,2026-02-17 14:13:38.853967
TXN_001437,ACC_0340,ACC_0074,2033.68,2026-02-17 14:18:47.365792
TXN_000703,ACC_0325,ACC_0418,3607.87,2026-02-17 14:20:21.825617
TXN_009717,ACC_0245,ACC_0001,1254.76,2026-02-17 14:21:56.170092
TXN_009737,ACC_0399,ACC_0314,3322.2,2026-02-17 14:22:48.465008
TXN_004691,ACC_0348,ACC_0093,1779.75,2026-02-17 14:25:04.579233
TXN_000474,ACC_0183,ACC_0241,1584.23,2026-02-17 14:37:12.415460
TXN_009078,ACC_0392,ACC_0171,3942.78,2026-02-17 14:38:09.893459
TXN_001322,ACC_0156,ACC_0437,4233.92,2026-02-17 14:40:01.289470
TXN_000886,ACC_0150,ACC_0090,4476.26,2026-02-17 14:41:54.052840
TXN_008348,ACC_0396,ACC_0293,931.27,2026-02-17 14:49:26.469337
TXN_005669,ACC_0367,ACC_0215,4080.89,2026-02-17 14:51:34.166960
TXN_001225,ACC_0205,ACC_0176,3202.24,2026-02-17 14:55:49.104065
TXN_009967,ACC_0402,ACC_0165,2160.75,2026-02-17 14:55:56.550955
TXN_009448,ACC_0285,ACC_0306,2088.83,2026-02-17 14:57:08.606595
TXN_007817,ACC_0309,ACC_0055,2764.35,2026-02-17 14:59:59.202521
TXN_008276,ACC_0213,ACC_0078,1719.4,2026-02-17 15:03:17.702080
TXN_006547,ACC_0379,ACC_0173,2611.5,2026-02-17 15:05:35.583999
TXN_009975,ACC_0319,ACC_0325,2553.66,2026-02-17 15:10:56.307581
TXN_009516,ACC_0121,ACC_0426,4306.12,2026-02-17 15:12:19.646567
TXN_001712,ACC_0255,ACC_0274,291.68,2026-02-17 15:13:13.813286
TXN_006618,ACC_0188,ACC_0156,332.52,2026-02-17 15:15:44.524710
TXN_008204,ACC_0005,ACC_0086,261.69,2026-02-17 15:17:28.164855
TXN_000091,ACC_0475,ACC_0476,15294.64,2026-02-17 15:17:56.686800
TXN_000387,ACC_0423,ACC_0500,7705.95,2026-02-17 15:23:47.790496
TXN_007736,ACC_0202,ACC_0154,3649.69,2026-02-17 15:29:03.266760
TXN_009480,ACC_0444,ACC_0366,3080.92,2026-02-17 15:35:21.304329
TXN_005488,ACC_0029,ACC_0056,1998.67,2026-02-17 15:41:36.005726
TXN_002541,ACC_0310,ACC_0309,168.27,2026-02-17 15:55:36.423848
TXN_009459,ACC_0111,ACC_0254,4537.62,2026-02-17 16:04:28.662077
TXN_006452,ACC_0384,ACC_0096,1803.63,2026-02-17 16:10:25.325629
TXN_007508,ACC_0160,ACC_0073,4141.39,2026-02-17 16:14:11.196167
TXN_004364,ACC_0339,ACC_0151,4439.81,2026-02-17 16:16:05.937116
TXN_003200,ACC_0054,ACC_0122,2521.14,2026-02-17 16:24:18.825655
TXN_006055,ACC_0007,ACC_0391,522.44,2026-02-17 16:28:57.189830
TXN_008442,ACC_0288,ACC_0358,243.45,2026-02-17 16:33:39.390040
TXN_005054,ACC_0278,ACC_0228,2888.28,2026-02-17 16:36:59.153997
TXN_000388,ACC_0500,ACC_0198,7320.65,2026-02-17 16:37:34.436081
TXN_008603,ACC_0118,ACC_0024,2565.29,2026-02-17 16:45:15.135865
TXN_008842,ACC_0395,ACC_0433,1481.2,2026-02-17 16:53:33.529063
TXN_006624,ACC_0127,ACC_0116,783.37,2026-02-17 16:59:53.551198
TXN_005557,ACC_0229,ACC_0420,1350.66,2026-02-17 17:04:36.170600
TXN_009158,ACC_0106,ACC_0010,3350.07,2026-02-17 17:04:45.605794
TXN_009263,ACC_0331,ACC_0460,937.79,2026-02-17 17:16:07.515673
TXN_009852,ACC_0404,ACC_0348,4407.18,2026-02-17 17:17:37.848756
TXN_001977,ACC_0127,ACC_0272,3073.17,2026-02-17 17:21:29.427369
TXN_002640,ACC_0307,ACC_0220,2483.4,2026-02-17 17:27:01.596476
TXN_008133,ACC_0382,ACC_0452,4221.6,2026-02-17 17:45:58.721654
TXN_004330,ACC_0271,ACC_0138,1143.09,2026-02-17 17:49:56.691120
TXN_004318,ACC_0361,ACC_0142,3889.99,2026-02-17 17:52:16.754597
TXN_007968,ACC_0238,ACC_0398,3743.86,2026-02-17 17:54:23.030158
TXN_009037,ACC_0188,ACC_0096,4753.83,2026-02-17 17:56:04.379826
TXN_000817,ACC_0133,ACC_0251,4647.6,2026-02-17 17:57:10.607549
TXN_005561,ACC_0222,ACC_0153,3630.4,2026-02-17 17:57:48.059586
TXN_008759,ACC_0415,ACC_0430,1701.78,2026-02-17 18:21:29.817445
TXN_009965,ACC_0450,ACC_0331,4816.0,2026-02-17 18:23:52.285547
TXN_004306,ACC_0137,ACC_0335,191.09,2026-02-17 18:25:30.543091
TXN_006403,ACC_0090,ACC_0345,1935.29,2026-02-17 18:26:26.614410
TXN_006741,ACC_0031,ACC_0027,4093.57,2026-02-17 18:36:00.922724
TXN_002030,ACC_0431,ACC_0153,1310.95,2026-02-17 18:39:24.912139
TXN_002484,ACC_0101,ACC_0356,4521.44,2026-02-17 18:39:44.724395
TXN_009517,ACC_0462,ACC_0028,4941.35,2026-02-17 18:43:03.039496
TXN_003706,ACC_0371,ACC_0309,3648.58,2026-02-17 18:45:52.115252
TXN_001656,ACC_0115,ACC_0253,1139.54,2026-02-17 18:47:12.954096
TXN_007718,ACC_0086,ACC_0427,3299.97,2026-02-17 18:49:43.680441
TXN_003800,ACC_0426,ACC_0396,2445.33,2026-02-17 19:02:19.116744
TXN_001332,ACC_0169,ACC_0227,1163.47,2026-02-17 19:06:20.399070
TXN_000632,ACC_0159,ACC_0303,2542.46,2026-02-17 19:08:33.321164
TXN_001653,ACC_0243,ACC_0143,3315.38,2026-02-17 19:09:13.364774
TXN_006225,ACC_0317,ACC_0316,3965.0,2026-02-17 19:10:10.530325
TXN_000533,ACC_0434,ACC_0180,4254.95,2026-02-17 19:11:32.491227
TXN_007248,ACC_0437,ACC_0151,2778.92,2026-02-17 19:15:40.660969
TXN_007680,ACC_0246,ACC_0336,476.81,2026-02-17 19:20:51.802909
TXN_007344,ACC_0295,ACC_0333,1892.19,2026-02-17 19:27:37.360888
TXN_003148,ACC_0342,ACC_0113,2866.11,2026-02-17 19:32:15.726941
TXN_009895,ACC_0465,ACC_0292,2157.01,2026-02-17 19:35:07.034371
TXN_008616,ACC_0144,ACC_0344,395.74,2026-02-17 19:36:13.719975
TXN_003409,ACC_0440,ACC_0254,989.58,2026-02-17 19:38:06.818000
TXN_005821,ACC_0376,ACC_0154,2632.42,2026-02-17 19:38:32.326894
TXN_006604,ACC_0046,ACC_0377,192.68,2026-02-17 19:39:16.101474
TXN_002765,ACC_0448,ACC_0453,4546.45,2026-02-17 19:39:55.410184
TXN_005360,ACC_0258,ACC_0291,2888.21,2026-02-17 19:45:51.619141
TXN_004508,ACC_0154,ACC_0187,1092.14,2026-02-17 19:47:00.724213
TXN_007622,ACC_0354,ACC_0167,772.47,2026-02-17 19:53:16.917757
TXN_006833,ACC_0206,ACC_0280,2319.02,2026-02-17 19:59:44.781049
TXN_000672,ACC_0307,ACC_0442,1503.08,2026-02-17 20:04:19.526368
TXN_000999,ACC_0171,ACC_0311,2738.77,2026-02-17 20:07:27.156315
TXN_004835,ACC_0409,ACC_0140,1930.95,2026-02-17 20:07:52.461014
TXN_002453,ACC_0304,ACC_0295,266.16,2026-02-17 20:10:58.146920
TXN_009022,ACC_0259,ACC_0286,2419.15,2026-02-17 20:13:55.361733
TXN_001197,ACC_0330,ACC_0129,4792.71,2026-02-17 20:19:54.675583
TXN_005438,ACC_0322,ACC_0065,1982.52,2026-02-17 20:21:59.666264
TXN_004182,ACC_0082,ACC_0021,1356.22,2026-02-17 20:24:51.435129
TXN_008447,ACC_0343,ACC_0153,836.76,2026-02-17 20:29:03.951510
TXN_004257,ACC_0323,ACC_0038,2626.9,2026-02-17 20:31:27.552730
TXN_001853,ACC_0417,ACC_0093,4485.26,2026-02-17 20:33:08.338215
TXN_004114,ACC_0326,ACC_0143,3633.85,2026-02-17 20:34:36.096557
TXN_003032,ACC_0339,ACC_0127,4495.43,2026-02-17 20:35:07.772300
TXN_002772,ACC_0292,ACC_0458,2795.39,2026-02-17 20:41:48.000972
TXN_009944,ACC_0001,ACC_0030,3052.59,2026-02-17 20:41:57.926957
TXN_000958,ACC_0212,ACC_0164,309.45,2026-02-17 20:45:28.059074
TXN_002265,ACC_0470,ACC_0068,3085.65,2026-02-17 20:52:48.393700
TXN_002929,ACC_0308,ACC_0021,2256.57,2026-02-17 20:53:04.529794
TXN_001497,ACC_0224,ACC_0228,1915.18,2026-02-17 20:56:00.188147
TXN_001799,ACC_0394,ACC_0127,3395.85,2026-02-17 20:57:12.481772
TXN_006414,ACC_0293,ACC_0367,2367.26,2026-02-17 20:57:36.132635
TXN_007488,ACC_0027,ACC_0104,1443.09,2026-02-17 20:59:51.641861
TXN_002397,ACC_0465,ACC_0458,620.16,2026-02-17 21:11:05.605660
TXN_006078,ACC_0420,ACC_0216,2613.47,2026-02-17 21:11:49.108406
TXN_000177,ACC_0212,ACC_0490,6039.47,2026-02-17 21:19:08.345840
TXN_001649,ACC_0431,ACC_0035,4286.2,2026-02-17 21:45:46.029540
TXN_004214,ACC_0289,ACC_0293,1733.71,2026-02-17 21:47:23.992689
TXN_008955,ACC_0323,ACC_0348,4829.28,2026-02-17 21:52:08.749148
TXN_008045,ACC_0427,ACC_0261,1575.94,2026-02-17 21:58:48.260078
TXN_001444,ACC_0438,ACC_0293,172.78,2026-02-17 22:00:39.664121
TXN_002948,ACC_0257,ACC_0337,4384.53,2026-02-17 22:01:17.911456
TXN_001082,ACC_0418,ACC_0161,1009.77,2026-02-17 22:02:51.689103
TXN_000713,ACC_0441,ACC_0043,4528.68,2026-02-17 22:07:48.129503
TXN_009866,ACC_0236,ACC_0364,1982.4,2026-02-17 22:14:02.315671
TXN_006832,ACC_0023,ACC_0408,3475.12,2026-02-17 22:23:08.318895
TXN_005562,ACC_0224,ACC_0088,2642.24,2026-02-17 22:25:15.260154
TXN_006337,ACC_0015,ACC_0192,4539.51,2026-02-17 22:25:21.670269
TXN_008606,ACC_0312,ACC_0359,1652.17,2026-02-17 22:26:45.072420
TXN_006406,ACC_0320,ACC_0171,2307.32,2026-02-17 22:27:37.540164
TXN_007122,ACC_0010,ACC_0093,4899.32,2026-02-17 22:29:55.826052
TXN_006878,ACC_0046,ACC_0088,553.45,2026-02-17 22:36:02.322143
TXN_008177,ACC_0358,ACC_0072,1938.25,2026-02-17 22:50:25.635174
TXN_000602,ACC_0345,ACC_0077,962.21,2026-02-17 22:55:17.816985
TXN_005794,ACC_0124,ACC_0109,3472.17,2026-02-17 23:00:12.812972
TXN_000178,ACC_0490,ACC_0434,5737.5,2026-02-17 23:04:20.090279
TXN_005326,ACC_0006,ACC_0327,1045.8,2026-02-17 23:04:45.608887
TXN_000523,ACC_0458,ACC_0353,173.27,2026-02-17 23:05:07.046867
TXN_004710,ACC_0313,ACC_0020,2806.47,2026-02-17 23:09:11.728562
TXN_005911,ACC_0310,ACC_0102,2003.05,2026-02-17 23:10:50.860483
TXN_008032,ACC_0356,ACC_0458,3179.42,2026-02-17 23:22:36.730819
TXN_002402,ACC_0107,ACC_0097,4890.46,2026-02-17 23:27:01.657333
TXN_006587,ACC_0291,ACC_0220,2213.97,2026-02-17 23:28:24.106999
TXN_003408,ACC_0098,ACC_0269,3661.76,2026-02-17 23:28:54.341593
TXN_007213,ACC_0198,ACC_0365,1950.71,2026-02-17 23:29:48.009406
TXN_005254,ACC_0108,ACC_0054,1218.36,2026-02-17 23:31:26.447102
TXN_006137,ACC_0337,ACC_0372,3914.85,2026-02-17 23:33:59.277406
TXN_005696,ACC_0462,ACC_0029,3041.07,2026-02-17 23:35:29.173452
TXN_000569,ACC_0244,ACC_0371,4334.38,2026-02-17 23:40:31.002909
TXN_002104,ACC_0075,ACC_0183,2904.92,2026-02-17 23:40:40.765227
TXN_006936,ACC_0127,ACC_0458,1103.93,2026-02-17 23:52:26.376576
TXN_000522,ACC_0207,ACC_0376,4438.47,2026-02-17 23:55:48.809486
TXN_008950,ACC_0099,ACC_0223,1555.4,2026-02-17 23:56:58.692918
TXN_005355,ACC_0213,ACC_0353,2561.33,2026-02-18 00:09:31.551438
TXN_007097,ACC_0437,ACC_0427,1541.51,2026-02-18 00:14:58.180086
TXN_004245,ACC_0046,ACC_0328,3770.37,2026-02-18 00:18:13.896981
TXN_005358,ACC_0393,ACC_0320,1423.67,2026-02-18 00:21:39.359424
TXN_008581,ACC_0088,ACC_0468,2363.12,2026-02-18 00:23:24.439989
TXN_002782,ACC_0296,ACC_0095,540.83,2026-02-18 00:26:44.718061
TXN_008219,ACC_0133,ACC_0012,3042.33,2026-02-18 00:27:56.592915
TXN_005593,ACC_0029,ACC_0227,1804.77,2026-02-18 00:29:52.111759
TXN_005318,ACC_0140,ACC_0281,4910.53,2026-02-18 00:31:52.179543
TXN_006687,ACC_0209,ACC_0348,1252.87,2026-02-18 00:35:17.752086
TXN_006389,ACC_0429,ACC_0259,579.89,2026-02-18 00:37:05.635600
TXN_000784,ACC_0162,ACC_0444,1159.19,2026-02-18 00:37:32.805868
TXN_007030,ACC_0233,ACC_0054,3375.37,2026-02-18 00:46:24.886332
TXN_004780,ACC_0462,ACC_0384,4212.72,2026-02-18 00:52:19.279274
TXN_007032,ACC_0394,ACC_0004,1673.03,2026-02-18 00:58:06.877510
TXN_009085,ACC_0080,ACC_0109,1426.98,2026-02-18 01:08:11.516532
TXN_005914,ACC_0345,ACC_0411,2330.16,2026-02-18 01:11:58.581723
TXN_004897,ACC_0048,ACC_0200,3685.65,2026-02-18 01:15:37.859445
TXN_005862,ACC_0402,ACC_0239,2625.98,2026-02-18 01:16:59.558958
TXN_008596,ACC_0084,ACC_0228,4526.14,2026-02-18 01:24:52.288616
TXN_003377,ACC_0389,ACC_0197,4926.67,2026-02-18 01:25:23.900985
TXN_009872,ACC_0127,ACC_0460,303.01,2026-02-18 01:32:44.842976
TXN_006036,ACC_0257,ACC_0187,1580.08,2026-02-18 01:33:55.820204
TXN_008046,ACC_0112,ACC_0305,3022.89,2026-02-18 01:35:23.090919
TXN_001625,ACC_0239,ACC_0292,1394.07,2026-02-18 01:38:20.416701
TXN_007145,ACC_0358,ACC_0035,3716.0,2026-02-18 01:39:02.532491
TXN_001949,ACC_0393,ACC_0128,2707.7,2026-02-18 01:39:07.847387
TXN_009890,ACC_0284,ACC_0067,149.46,2026-02-18 01:41:51.318918
TXN_007007,ACC_0031,ACC_0083,1677.9,2026-02-18 01:42:51.604064
TXN_009386,ACC_0142,ACC_0019,374.04,2026-02-18 01:42:57.683934
TXN_006335,ACC_0033,ACC_0336,3585.36,2026-02-18 01:43:30.810920
TXN_008176,ACC_0347,ACC_0440,4805.4,2026-02-18 01:44:44.731732
TXN_004236,ACC_0145,ACC_0251,2376.23,2026-02-18 01:44:46.428315
TXN_003258,ACC_0200,ACC_0454,4847.36,2026-02-18 01:46:11.117629
TXN_006339,ACC_0337,ACC_0221,377.35,2026-02-18 01:49:58.873287
TXN_008322,ACC_0012,ACC_0045,978.5,2026-02-18 01:57:30.042915
TXN_001012,ACC_0157,ACC_0326,521.72,2026-02-18 02:08:21.895213
TXN_000942,ACC_0237,ACC_0239,4859.2,2026-02-18 02:11:30.125589
TXN_002101,ACC_0034,ACC_0225,4145.5,2026-02-18 02:15:28.331916
TXN_009320,ACC_0467,ACC_0322,2678.27,2026-02-18 02:26:11.073228
TXN_007276,ACC_0069,ACC_0109,1773.8,2026-02-18 02:28:57.689685
TXN_003422,ACC_0238,ACC_0159,2749.99,2026-02-18 02:36:12.880605
TXN_000705,ACC_0330,ACC_0286,4479.69,2026-02-18 02:37:59.792135
TXN_009721,ACC_0314,ACC_0005,1295.14,2026-02-18 02:40:55.977456
TXN_005917,ACC_0077,ACC_0097,3187.32,2026-02-18 02:47:40.851404
TXN_009070,ACC_0467,ACC_0010,3008.78,2026-02-18 02:47:58.092082
TXN_007766,ACC_0065,ACC_0423,3558.9,2026-02-18 02:49:19.724845
TXN_003599,ACC_0149,ACC_0462,4251.46,2026-02-18 02:54:00.544193
TXN_006766,ACC_0156,ACC_0353,2869.15,2026-02-18 02:59:00.006822
TXN_007137,ACC_0033,ACC_0118,2364.79,2026-02-18 03:00:26.230838
TXN_005504,ACC_0125,ACC_0108,3948.04,2026-02-18 03:04:07.890207
TXN_008632,ACC_0085,ACC_0244,1779.51,2026-02-18 03:13:13.138134
TXN_005127,ACC_0054,ACC_0008,3032.24,2026-02-18 03:13:34.916047
TXN_008082,ACC_0307,ACC_0395,877.03,2026-02-18 03:25:25.639489
TXN_004785,ACC_0237,ACC_0157,4251.09,2026-02-18 03:26:23.597423
TXN_001570,ACC_0242,ACC_0153,4490.78,2026-02-18 03:29:36.252883
TXN_006362,ACC_0389,ACC_0232,3960.58,2026-02-18 03:46:21.986126
TXN_004303,ACC_0358,ACC_0443,2087.09,2026-02-18 03:56:33.803432
TXN_005498,ACC_0346,ACC_0033,1068.12,2026-02-18 04:01:12.136274
TXN_000106,ACC_0472,ACC_0473,6619.74,2026-02-18 04:02:41.902803
TXN_001555,ACC_0079,ACC_0337,197.75,2026-02-18 04:02:54.228671
TXN_007899,ACC_0440,ACC_0141,1923.06,2026-02-18 04:03:09.811763
TXN_009687,ACC_0147,ACC_0008,1415.34,2026-02-18 04:07:32.135109
TXN_002610,ACC_0313,ACC_0314,4580.33,2026-02-18 04:19:23.254530
TXN_009237,ACC_0110,ACC_0470,487.59,2026-02-18 04:20:57.284187
TXN_003992,ACC_0361,ACC_0223,652.1,2026-02-18 04:29:18.421953
TXN_009223,ACC_0089,ACC_0110,2546.32,2026-02-18 04:31:50.609203
TXN_006634,ACC_0050,ACC_0405,1991.91,2026-02-18 04:39:51.196559
TXN_003351,ACC_0053,ACC_0332,3400.38,2026-02-18 04:42:03.235132
TXN_004561,ACC_0075,ACC_0039,4482.25,2026-02-18 04:42:23.851307
TXN_005399,ACC_0399,ACC_0262,741.14,2026-02-18 04:43:46.582202
TXN_001603,ACC_0379,ACC_0385,1755.13,2026-02-18 04:48:17.412546
TXN_002348,ACC_0289,ACC_0288,4514.35,2026-02-18 04:49:27.247519
TXN_003797,ACC_0396,ACC_0210,1574.28,2026-02-18 04:57:13.633859
TXN_009775,ACC_0447,ACC_0398,2145.36,2026-02-18 04:58:14.945029
TXN_004362,ACC_0416,ACC_0426,814.89,2026-02-18 05:01:03.513997
TXN_004424,ACC_0108,ACC_0216,829.19,2026-02-18 05:04:20.243861
TXN_005852,ACC_0097,ACC_0442,3463.22,2026-02-18 05:09:53.211403
TXN_005214,ACC_0189,ACC_0364,4810.06,2026-02-18 05:11:06.443736
TXN_004771,ACC_0253,ACC_0051,709.9,2026-02-18 05:20:55.411671
TXN_006642,ACC_0365,ACC_0232,371.72,2026-02-18 05:21:13.915380
TXN_002247,ACC_0233,ACC_0171,3293.83,2026-02-18 05:21:20.932187
TXN_000309,ACC_0467,ACC_0496,4550.73,2026-02-18 05:22:58.261681
TXN_003699,ACC_0235,ACC_0049,2226.19,2026-02-18 05:23:26.703939
TXN_008070,ACC_0425,ACC_0360,1584.56,2026-02-18 05:26:20.182158
TXN_003235,ACC_0407,ACC_0051,250.58,2026-02-18 05:26:57.261616
TXN_008461,ACC_0470,ACC_0431,677.41,2026-02-18 05:29:35.034654
TXN_007928,ACC_0357,ACC_0202,654.39,2026-02-18 05:34:23.255551
TXN_009216,ACC_0319,ACC_0045,1513.91,2026-02-18 05:37:13.976203
TXN_007411,ACC_0179,ACC_0062,311.35,2026-02-18 05:37:39.736316
TXN_005410,ACC_0007,ACC_0261,2144.41,2026-02-18 05:42:34.135166
TXN_007544,ACC_0379,ACC_0295,4017.81,2026-02-18 05:48:41.227317
TXN_002494,ACC_0219,ACC_0068,4074.35,2026-02-18 06:00:31.432841
TXN_003230,ACC_0037,ACC_0111,4776.31,2026-02-18 06:05:39.175551
TXN_000748,ACC_0333,ACC_0094,4928.8,2026-02-18 06:10:23.529598
TXN_004295,ACC_0375,ACC_0199,4332.36,2026-02-18 06:24:43.795190
TXN_004838,ACC_0410,ACC_0031,4536.65,2026-02-18 06:30:06.179008
TXN_002023,ACC_0255,ACC_0113,1644.79,2026-02-18 06:30:43.339634
TXN_008351,ACC_0097,ACC_0216,4626.11,2026-02-18 06:35:30.984259
TXN_000310,ACC_0496,ACC_0227,4323.2,2026-02-18 06:40:04.303856
TXN_006745,ACC_0106,ACC_0099,3009.06,2026-02-18 06:40:50.849846
TXN_004219,ACC_0289,ACC_0408,3802.44,2026-02-18 06:44:20.535048
TXN_001918,ACC_0119,ACC_0232,1435.2,2026-02-18 06:54:33.282376
TXN_001854,ACC_0227,ACC_0181,3784.78,2026-02-18 07:02:44.972874
TXN_002013,ACC_0439,ACC_0013,2598.67,2026-02-18 07:02:45.132563
TXN_006465,ACC_0404,ACC_0061,1228.76,2026-02-18 07:06:37.867544
TXN_005767,ACC_0327,ACC_0349,4063.39,2026-02-18 07:16:30.556257
TXN_003388,ACC_0399,ACC_0241,4115.77,2026-02-18 07:36:38.528091
TXN_001240,ACC_0253,ACC_0260,1332.79,2026-02-18 07:38:12.949758
TXN_004628,ACC_0153,ACC_0095,3548.66,2026-02-18 07:38:25.508816
TXN_003241,ACC_0205,ACC_0407,1674.07,2026-02-18 07:39:55.013385
TXN_008128,ACC_0232,ACC_0424,2424.31,2026-02-18 07:52:25.037807
TXN_005102,ACC_0108,ACC_0082,511.2,2026-02-18 07:52:34.358985
TXN_004994,ACC_0191,ACC_0196,2551.94,2026-02-18 07:59:14.750948
TXN_007843,ACC_0093,ACC_0350,2002.44,2026-02-18 07:59:25.958273
TXN_001405,ACC_0078,ACC_0470,665.17,2026-02-18 08:02:11.350872
TXN_005411,ACC_0227,ACC_0079,3026.83,2026-02-18 08:34:53.613571
TXN_003670,ACC_0317,ACC_0311,2445.0,2026-02-18 08:41:51.961017
TXN_003476,ACC_0384,ACC_0232,4912.61,2026-02-18 08:48:13.820966
TXN_007184,ACC_0311,ACC_0093,2126.63,2026-02-18 08:52:28.403124
TXN_005758,ACC_0374,ACC_0233,1835.65,2026-02-18 08:54:25.170328
TXN_009069,ACC_0022,ACC_0307,1027.99,2026-02-18 08:58:13.993086
TXN_003397,ACC_0299,ACC_0258,1907.41,2026-02-18 09:04:10.249106
TXN_004042,ACC_0096,ACC_0153,1907.44,2026-02-18 09:08:59.021777
TXN_000679,ACC_0300,ACC_0110,2660.62,2026-02-18 09:11:55.593345
TXN_006944,ACC_0327,ACC_0225,2166.89,2026-02-18 09:16:12.603098
TXN_008723,ACC_0316,ACC_0050,587.64,2026-02-18 09:16:21.146071
TXN_007780,ACC_0437,ACC_0104,1227.0,2026-02-18 09:25:55.181327
TXN_008591,ACC_0195,ACC_0075,916.65,2026-02-18 09:32:27.237427
TXN_009794,ACC_0262,ACC_0361,809.16,2026-02-18 09:32:27.633148
TXN_008918,ACC_0339,ACC_0184,2485.95,2026-02-18 09:33:27.985696
TXN_009350,ACC_0174,ACC_0112,1215.55,2026-02-18 09:33:56.368734
TXN_007602,ACC_0096,ACC_0442,4452.94,2026-02-18 09:37:00.126529
TXN_003631,ACC_0450,ACC_0049,3241.13,2026-02-18 09:38:48.067667
TXN_000201,ACC_0228,ACC_0490,14241.27,2026-02-18 09:46:14.674392
TXN_003900,ACC_0188,ACC_0038,802.99,2026-02-18 09:48:20.140153
TXN_001873,ACC_0081,ACC_0025,2858.55,2026-02-18 09:51:32.808315
TXN_001797,ACC_0168,ACC_0012,4227.99,2026-02-18 09:53:15.197106
TXN_009842,ACC_0351,ACC_0005,2599.45,2026-02-18 09:55:04.119654
TXN_000457,ACC_0279,ACC_0290,4599.66,2026-02-18 10:01:40.868986
TXN_000881,ACC_0327,ACC_0256,684.83,2026-02-18 10:11:38.089772
TXN_000301,ACC_0074,ACC_0496,11772.44,2026-02-18 10:18:12.330722
TXN_007528,ACC_0346,ACC_0143,3430.97,2026-02-18 10:20:57.528528
TXN_000202,ACC_0490,ACC_0006,13529.21,2026-02-18 10:22:02.362050
TXN_001337,ACC_0023,ACC_0333,4087.73,2026-02-18 10:23:38.207910
TXN_004198,ACC_0133,ACC_0191,1122.7,2026-02-18 10:28:04.474269
TXN_009806,ACC_0144,ACC_0201,246.06,2026-02-18 10:33:01.667891
TXN_003363,ACC_0202,ACC_0320,2530.75,2026-02-18 10:45:52.587050
TXN_002252,ACC_0402,ACC_0124,2746.75,2026-02-18 10:48:27.883085
TXN_001543,ACC_0093,ACC_0230,2564.39,2026-02-18 10:49:37.963291
TXN_003163,ACC_0333,ACC_0059,3375.15,2026-02-18 10:50:24.733818
TXN_009900,ACC_0423,ACC_0134,1194.15,2026-02-18 10:51:13.654307
TXN_006915,ACC_0027,ACC_0110,3961.3,2026-02-18 10:53:58.744189
TXN_000045,ACC_0478,ACC_0479,11894.44,2026-02-18 10:54:18.993509
TXN_005424,ACC_0362,ACC_0170,1989.54,2026-02-18 10:54:28.934696
TXN_002449,ACC_0266,ACC_0257,1278.91,2026-02-18 11:03:39.864413
TXN_005346,ACC_0190,ACC_0426,3030.6,2026-02-18 11:15:51.653806
TXN_000470,ACC_0384,ACC_0430,1920.58,2026-02-18 11:16:20.965484
TXN_009700,ACC_0306,ACC_0372,1281.26,2026-02-18 11:17:10.076670
TXN_008931,ACC_0236,ACC_0014,4833.07,2026-02-18 11:20:28.356880
TXN_003592,ACC_0460,ACC_0007,1654.72,2026-02-18 11:27:29.574689
TXN_003982,ACC_0146,ACC_0372,2497.24,2026-02-18 11:31:41.472874
TXN_006913,ACC_0006,ACC_0194,667.68,2026-02-18 11:33:14.074623
TXN_006764,ACC_0035,ACC_0248,2658.54,2026-02-18 11:34:25.101296
TXN_000938,ACC_0458,ACC_0004,4448.31,2026-02-18 11:35:59.023166
TXN_006264,ACC_0042,ACC_0205,4553.23,2026-02-18 11:40:01.325653
TXN_000302,ACC_0496,ACC_0467,11183.82,2026-02-18 11:45:19.861043
TXN_000959,ACC_0051,ACC_0191,906.66,2026-02-18 12:03:56.394197
TXN_004842,ACC_0246,ACC_0310,3377.1,2026-02-18 12:11:01.171182
TXN_000862,ACC_0114,ACC_0336,2348.24,2026-02-18 12:18:49.943146
TXN_005371,ACC_0446,ACC_0022,2280.33,2026-02-18 12:20:05.228933
TXN_000891,ACC_0099,ACC_0083,3923.93,2026-02-18 12:20:12.620520
TXN_006249,ACC_0213,ACC_0302,3056.48,2026-02-18 12:38:54.761914
TXN_007014,ACC_0108,ACC_0021,2647.1,2026-02-18 12:43:33.669464
TXN_003439,ACC_0370,ACC_0452,3537.3,2026-02-18 12:45:50.833969
TXN_006087,ACC_0262,ACC_0239,2980.45,2026-02-18 12:48:04.070301
TXN_008305,ACC_0218,ACC_0448,2217.17,2026-02-18 12:49:42.796383
TXN_000481,ACC_0138,ACC_0150,2822.97,2026-02-18 13:00:33.545614
TXN_006746,ACC_0371,ACC_0058,3519.13,2026-02-18 13:01:56.925821
TXN_006336,ACC_0255,ACC_0288,3241.47,2026-02-18 13:04:53.542686
TXN_000810,ACC_0302,ACC_0273,527.69,2026-02-18 13:09:36.633433
TXN_004624,ACC_0379,ACC_0363,4643.93,2026-02-18 13:10:46.491501
TXN_004233,ACC_0194,ACC_0368,2642.93,2026-02-18 13:12:07.465883
TXN_009419,ACC_0234,ACC_0258,3244.37,2026-02-18 13:15:15.870987
TXN_004723,ACC_0119,ACC_0153,2631.03,2026-02-18 13:19:22.904894
TXN_007646,ACC_0466,ACC_0016,1832.12,2026-02-18 13:31:13.818122
TXN_005701,ACC_0385,ACC_0001,4953.64,2026-02-18 13:40:25.177865
TXN_003792,ACC_0407,ACC_0222,2433.64,2026-02-18 13:46:00.378131
TXN_003898,ACC_0415,ACC_0347,1181.71,2026-02-18 13:50:08.361727
TXN_000769,ACC_0442,ACC_0017,1029.64,2026-02-18 13:55:57.641645
TXN_001201,ACC_0017,ACC_0419,1023.43,2026-02-18 13:56:49.897862
TXN_006694,ACC_0184,ACC_0162,2889.54,2026-02-18 13:56:55.353763
TXN_003829,ACC_0005,ACC_0460,1847.98,2026-02-18 13:57:32.184694
TXN_003256,ACC_0166,ACC_0242,4560.15,2026-02-18 13:57:33.778444
TXN_007437,ACC_0309,ACC_0364,719.58,2026-02-18 14:01:59.253014
TXN_001975,ACC_0224,ACC_0050,3300.76,2026-02-18 14:03:06.367844
TXN_009693,ACC_0264,ACC_0040,3929.0,2026-02-18 14:03:58.701536
TXN_005065,ACC_0303,ACC_0276,1199.15,2026-02-18 14:12:58.566165
TXN_008453,ACC_0253,ACC_0061,1798.77,2026-02-18 14:23:49.417135
TXN_001028,ACC_0393,ACC_0177,451.95,2026-02-18 14:30:38.636730
TXN_003020,ACC_0290,ACC_0278,613.62,2026-02-18 14:33:53.546609
TXN_007920,ACC_0071,ACC_0271,3021.23,2026-02-18 14:40:31.730893
TXN_000509,ACC_0134,ACC_0138,2084.62,2026-02-18 14:44:28.669167
TXN_006789,ACC_0188,ACC_0436,2283.71,2026-02-18 14:46:15.964290
TXN_008997,ACC_0105,ACC_0401,3218.37,2026-02-18 14:54:18.308334
TXN_009796,ACC_0334,ACC_0281,2205.29,2026-02-18 14:56:31.257134
TXN_002120,ACC_0399,ACC_0114,3479.44,2026-02-18 14:56:37.750788
TXN_000640,ACC_0415,ACC_0193,2383.87,2026-02-18 15:05:15.607471
TXN_003065,ACC_0228,ACC_0392,2883.5,2026-02-18 15:07:06.873513
TXN_007574,ACC_0080,ACC_0041,3085.14,2026-02-18 15:07:11.905507
TXN_005978,ACC_0114,ACC_0382,1946.12,2026-02-18 15:09:24.288351
TXN_000952,ACC_0068,ACC_0192,1348.17,2026-02-18 15:10:28.203080
TXN_006357,ACC_0419,ACC_0003,620.45,2026-02-18 15:12:29.593264
TXN_001867,ACC_0297,ACC_0332,1827.39,2026-02-18 15:20:47.897314
TXN_007108,ACC_0136,ACC_0378,4902.63,2026-02-18 15:20:54.917685
TXN_009273,ACC_0126,ACC_0039,3535.18,2026-02-18 15:21:19.771587
TXN_005943,ACC_0194,ACC_0368,2480.6,2026-02-18 15:23:28.303107
TXN_005860,ACC_0120,ACC_0450,3410.73,2026-02-18 15:23:52.332727
TXN_008968,ACC_0184,ACC_0435,1575.82,2026-02-18 15:27:09.536441
TXN_007232,ACC_0248,ACC_0031,4823.51,2026-02-18 15:40:40.938303
TXN_002679,ACC_0351,ACC_0118,3785.03,2026-02-18 15:49:20.114890
TXN_002260,ACC_0059,ACC_0372,3381.87,2026-02-18 15:53:42.155945
TXN_007788,ACC_0323,ACC_0425,4855.3,2026-02-18 15:54:28.839258
TXN_005448,ACC_0211,ACC_0216,4883.22,2026-02-18 15:58:32.837295
TXN_002042,ACC_0343,ACC_0051,3203.45,2026-02-18 16:01:30.971314
TXN_004138,ACC_0362,ACC_0177,2553.14,2026-02-18 16:08:05.098679
TXN_000971,ACC_0236,ACC_0333,4246.89,2026-02-18 16:13:09.012996
TXN_009606,ACC_0349,ACC_0309,3824.97,2026-02-18 16:15:08.498865
TXN_008292,ACC_0176,ACC_0143,1083.6,2026-02-18 16:17:00.024597
TXN_003093,ACC_0415,ACC_0333,4339.12,2026-02-18 16:19:11.430945
TXN_001928,ACC_0129,ACC_0190,1853.75,2026-02-18 16:21:33.487034
TXN_004524,ACC_0226,ACC_0264,3674.51,2026-02-18 16:29:57.926264
TXN_009940,ACC_0136,ACC_0316,3932.2,2026-02-18 16:34:01.716943
TXN_005973,ACC_0360,ACC_0224,3223.96,2026-02-18 16:34:23.916809
TXN_006650,ACC_0045,ACC_0203,4293.67,2026-02-18 16:35:18.167483
TXN_002524,ACC_0031,ACC_0443,3737.43,2026-02-18 16:39:14.886609
TXN_007727,ACC_0167,ACC_0160,3002.09,2026-02-18 16:48:19.236249
TXN_008479,ACC_0421,ACC_0221,2999.02,2026-02-18 16:51:48.438481
TXN_001930,ACC_0099,ACC_0194,521.57,2026-02-18 16:52:27.468394
TXN_001591,ACC_0273,ACC_0177,3083.84,2026-02-18 17:06:29.709728
TXN_000589,ACC_0343,ACC_0402,3794.64,2026-02-18 17:14:21.566744
TXN_003051,ACC_0449,ACC_0271,869.57,2026-02-18 17:23:31.925900
TXN_004014,ACC_0109,ACC_0267,3118.59,2026-02-18 17:25:48.598738
TXN_008943,ACC_0343,ACC_0061,2428.57,2026-02-18 17:27:42.272506
TXN_000969,ACC_0028,ACC_0094,672.83,2026-02-18 17:29:12.961609
TXN_007337,ACC_0005,ACC_0146,3590.86,2026-02-18 17:32:11.517623
TXN_004726,ACC_0207,ACC_0395,2728.71,2026-02-18 17:42:37.358664
TXN_007206,ACC_0452,ACC_0017,4216.4,2026-02-18 17:54:57.529541
TXN_001771,ACC_0296,ACC_0374,2960.82,2026-02-18 18:00:33.134382
TXN_002055,ACC_0057,ACC_0243,1850.78,2026-02-18 18:01:40.068497
TXN_002956,ACC_0176,ACC_0343,1620.9,2026-02-18 18:13:25.553508
TXN_000782,ACC_0386,ACC_0351,2502.25,2026-02-18 18:19:42.549631
TXN_007643,ACC_0003,ACC_0186,4478.77,2026-02-18 18:23:35.381974
TXN_007586,ACC_0297,ACC_0421,4457.82,2026-02-18 18:27:14.968190
TXN_005749,ACC_0232,ACC_0119,783.0,2026-02-18 18:30:55.490882
TXN_002221,ACC_0352,ACC_0416,2369.65,2026-02-18 18:40:19.954134
TXN_008360,ACC_0389,ACC_0013,1845.82,2026-02-18 18:43:30.559591
TXN_009910,ACC_0373,ACC_0291,3495.3,2026-02-18 18:47:57.165247
TXN_006584,ACC_0229,ACC_0090,115.86,2026-02-18 18:48:12.062326
TXN_000707,ACC_0194,ACC_0375,3581.99,2026-02-18 19:00:49.771100
TXN_004471,ACC_0338,ACC_0144,1420.17,2026-02-18 19:02:26.035760
TXN_001683,ACC_0242,ACC_0319,1712.83,2026-02-18 19:03:40.581138
TXN_003515,ACC_0189,ACC_0325,3354.24,2026-02-18 19:05:26.298616
TXN_008865,ACC_0224,ACC_0165,2571.83,2026-02-18 19:06:51.495434
TXN_009840,ACC_0007,ACC_0125,3434.3,2026-02-18 19:07:59.362675
TXN_000249,ACC_0083,ACC_0494,10218.71,2026-02-18 19:10:28.324133
TXN_005379,ACC_0252,ACC_0283,612.39,2026-02-18 19:11:42.729316
TXN_003357,ACC_0153,ACC_0460,1168.86,2026-02-18 19:13:44.209749
TXN_007526,ACC_0328,ACC_0133,4268.31,2026-02-18 19:18:27.871105
TXN_007419,ACC_0047,ACC_0087,2784.42,2026-02-18 19:22:35.446887
TXN_003817,ACC_0183,ACC_0289,2138.47,2026-02-18 19:24:26.300758
TXN_000250,ACC_0494,ACC_0421,9707.78,2026-02-18 19:26:40.756889
TXN_009661,ACC_0162,ACC_0357,1855.19,2026-02-18 19:32:16.452286
TXN_002389,ACC_0025,ACC_0402,3825.83,2026-02-18 19:36:12.754882
TXN_006508,ACC_0250,ACC_0083,2392.03,2026-02-18 19:39:05.451154
TXN_007740,ACC_0406,ACC_0191,4276.38,2026-02-18 19:40:43.535180
TXN_009346,ACC_0232,ACC_0290,2862.83,2026-02-18 19:41:02.274910
TXN_000408,ACC_0197,ACC_0400,1896.97,2026-02-18 19:50:14.646971
TXN_005212,ACC_0066,ACC_0353,986.27,2026-02-18 19:50:33.584646
TXN_007836,ACC_0315,ACC_0232,3188.3,2026-02-18 19:58:54.337867
TXN_009966,ACC_0373,ACC_0287,4287.54,2026-02-18 19:59:39.656151
TXN_004607,ACC_0030,ACC_0065,3485.04,2026-02-18 20:02:47.284498
TXN_006564,ACC_0158,ACC_0361,351.45,2026-02-18 20:07:05.588060
TXN_006096,ACC_0316,ACC_0325,1867.88,2026-02-18 20:09:13.218834
TXN_007620,ACC_0465,ACC_0069,2565.25,2026-02-18 20:10:15.725508
TXN_003660,ACC_0460,ACC_0266,3796.0,2026-02-18 20:12:45.829487
TXN_000285,ACC_0323,ACC_0495,9414.34,2026-02-18 20:15:17.922556
TXN_006529,ACC_0091,ACC_0279,3984.46,2026-02-18 20:25:14.203542
TXN_001389,ACC_0391,ACC_0363,4197.21,2026-02-18 20:25:27.706135
TXN_003739,ACC_0129,ACC_0396,1366.89,2026-02-18 20:25:52.803595
TXN_003103,ACC_0433,ACC_0170,3673.3,2026-02-18 20:26:19.979382
TXN_001248,ACC_0096,ACC_0152,2553.66,2026-02-18 20:36:24.585000
TXN_000286,ACC_0495,ACC_0382,8943.62,2026-02-18 20:40:46.573133
TXN_007196,ACC_0167,ACC_0392,348.96,2026-02-18 20:40:57.336615
TXN_000766,ACC_0284,ACC_0030,656.12,2026-02-18 20:43:21.472801
TXN_009707,ACC_0419,ACC_0452,4067.48,2026-02-18 20:47:39.286050
TXN_000479,ACC_0204,ACC_0355,1299.24,2026-02-18 20:50:05.097731
TXN_008562,ACC_0189,ACC_0032,333.3,2026-02-18 20:50:07.787272
TXN_006827,ACC_0363,ACC_0285,1974.76,2026-02-18 20:51:38.838999
TXN_008162,ACC_0088,ACC_0082,1347.37,2026-02-18 20:53:48.818465
TXN_006962,ACC_0217,ACC_0357,3562.05,2026-02-18 20:54:47.440536
TXN_006252,ACC_0232,ACC_0318,2828.89,2026-02-18 21:10:22.017243
TXN_008119,ACC_0143,ACC_0019,3114.12,2026-02-18 21:12:29.053996
TXN_000500,ACC_0381,ACC_0326,4567.1,2026-02-18 21:15:12.910184
TXN_008764,ACC_0377,ACC_0005,4347.61,2026-02-18 21:20:58.308533
TXN_009002,ACC_0077,ACC_0231,1956.88,2026-02-18 21:27:28.722393
TXN_005643,ACC_0321,ACC_0011,3858.06,2026-02-18 21:28:39.115478
TXN_006124,ACC_0060,ACC_0215,4575.0,2026-02-18 21:30:04.269361
TXN_001224,ACC_0012,ACC_0468,1112.98,2026-02-18 21:41:09.008957
TXN_001765,ACC_0073,ACC_0397,994.29,2026-02-18 21:44:21.717673
TXN_001204,ACC_0247,ACC_0383,1310.37,2026-02-18 21:46:05.573783
TXN_009250,ACC_0352,ACC_0260,1793.89,2026-02-18 21:48:18.300201
TXN_001270,ACC_0038,ACC_0057,2140.64,2026-02-18 21:48:23.258882
TXN_007825,ACC_0423,ACC_0126,3895.64,2026-02-18 22:04:20.576591
TXN_005607,ACC_0335,ACC_0238,4723.62,2026-02-18 22:04:43.979375
TXN_008115,ACC_0164,ACC_0429,3277.82,2026-02-18 22:17:18.239787
TXN_003106,ACC_0430,ACC_0192,1993.1,2026-02-18 22:17:48.022824
TXN_000008,ACC_0482,ACC_0483,9971.08,2026-02-18 22:24:36.825744
TXN_005407,ACC_0176,ACC_0182,709.52,2026-02-18 22:28:42.946487
TXN_004728,ACC_0457,ACC_0330,1758.32,2026-02-18 22:34:19.540921
TXN_008406,ACC_0020,ACC_0433,666.35,2026-02-18 22:39:03.009268
TXN_004373,ACC_0031,ACC_0274,4848.19,2026-02-18 22:45:50.454519
TXN_001921,ACC_0035,ACC_0090,3692.4,2026-02-18 22:47:12.491268
TXN_006596,ACC_0447,ACC_0151,1174.26,2026-02-18 22:47:49.636174
TXN_000903,ACC_0056,ACC_0088,1854.31,2026-02-18 22:52:36.158214
TXN_001321,ACC_0203,ACC_0051,4152.83,2026-02-18 22:56:16.423614
TXN_000985,ACC_0033,ACC_0007,728.27,2026-02-18 23:08:29.875147
TXN_009284,ACC_0403,ACC_0244,3800.96,2026-02-18 23:11:08.708913
TXN_004820,ACC_0263,ACC_0423,3880.3,2026-02-18 23:21:42.679066
TXN_007214,ACC_0090,ACC_0419,830.32,2026-02-18 23:31:35.646250
TXN_000678,ACC_0329,ACC_0231,743.83,2026-02-18 23:41:13.697524
TXN_008065,ACC_0334,ACC_0427,4704.38,2026-02-18 23:48:28.460022
TXN_002144,ACC_0077,ACC_0141,3595.09,2026-02-18 23:49:56.814390
TXN_004882,ACC_0261,ACC_0308,217.14,2026-02-19 00:01:39.333992
TXN_008987,ACC_0265,ACC_0040,2711.78,2026-02-19 00:06:41.644591
TXN_008558,ACC_0429,ACC_0039,1664.08,2026-02-19 00:07:28.903155
TXN_002618,ACC_0100,ACC_0414,4271.65,2026-02-19 00:10:21.572174
TXN_000531,ACC_0206,ACC_0246,1204.16,2026-02-19 00:10:30.472061
TXN_007623,ACC_0060,ACC_0217,790.16,2026-02-19 00:11:11.812735
TXN_005111,ACC_0182,ACC_0439,2315.84,2026-02-19 00:14:44.660786
TXN_006876,ACC_0325,ACC_0115,3794.3,2026-02-19 00:15:33.985668
TXN_001043,ACC_0291,ACC_0017,2742.87,2026-02-19 00:16:04.063420
TXN_001049,ACC_0264,ACC_0176,952.03,2026-02-19 00:17:56.413452
TXN_004640,ACC_0272,ACC_0179,3178.18,2026-02-19 00:19:45.368273
TXN_009949,ACC_0348,ACC_0202,4184.1,2026-02-19 00:20:21.974169
TXN_001484,ACC_0121,ACC_0038,894.2,2026-02-19 00:23:00.787221
TXN_006155,ACC_0193,ACC_0390,774.82,2026-02-19 00:28:01.826467
TXN_008768,ACC_0396,ACC_0018,1863.29,2026-02-19 00:48:45.348213
TXN_001378,ACC_0012,ACC_0286,319.89,2026-02-19 00:52:40.666950
TXN_001099,ACC_0120,ACC_0420,3248.72,2026-02-19 00:54:54.573329
TXN_002169,ACC_0106,ACC_0432,2278.51,2026-02-19 00:59:22.880959
TXN_000353,ACC_0151,ACC_0498,4449.75,2026-02-19 01:07:32.555499
TXN_005522,ACC_0136,ACC_0330,3581.24,2026-02-19 01:15:08.462815
TXN_009071,ACC_0251,ACC_0451,4353.93,2026-02-19 01:25:49.569636
TXN_001674,ACC_0124,ACC_0259,2322.98,2026-02-19 01:35:33.581024
TXN_005485,ACC_0083,ACC_0268,3122.53,2026-02-19 01:44:44.966061
TXN_003372,ACC_0355,ACC_0439,3965.25,2026-02-19 01:53:54.451061
TXN_001739,ACC_0027,ACC_0362,4881.58,2026-02-19 01:56:35.587537
TXN_000469,ACC_0011,ACC_0027,3714.06,2026-02-19 01:59:31.286365
TXN_000447,ACC_0413,ACC_0156,1007.28,2026-02-19 02:02:06.415884
TXN_000354,ACC_0498,ACC_0248,4227.27,2026-02-19 02:02:13.510236
TXN_006953,ACC_0374,ACC_0297,2985.71,2026-02-19 02:10:04.004576
TXN_008642,ACC_0174,ACC_0287,4020.92,2026-02-19 02:13:55.541808
TXN_000275,ACC_0036,ACC_0495,11676.18,2026-02-19 02:16:07.210831
TXN_002630,ACC_0123,ACC_0451,2852.67,2026-02-19 02:23:28.449777
TXN_000488,ACC_0287,ACC_0226,1495.73,2026-02-19 02:24:45.064055
TXN_009454,ACC_0147,ACC_0199,724.59,2026-02-19 02:26:03.813585
TXN_008131,ACC_0351,ACC_0297,1658.65,2026-02-19 02:35:21.909125
TXN_003652,ACC_0383,ACC_0190,2503.95,2026-02-19 02:36:23.840847
TXN_001315,ACC_0291,ACC_0008,4010.33,2026-02-19 02:44:17.092675
TXN_009745,ACC_0339,ACC_0053,3273.21,2026-02-19 02:55:35.899022
TXN_007961,ACC_0223,ACC_0071,2826.43,2026-02-19 02:56:10.006917
TXN_008593,ACC_0133,ACC_0235,3830.69,2026-02-19 02:59:39.284095
TXN_006826,ACC_0188,ACC_0424,480.06,2026-02-19 03:00:07.769029
TXN_000276,ACC_0495,ACC_0090,11092.37,2026-02-19 03:03:02.356577
TXN_002790,ACC_0306,ACC_0446,4381.14,2026-02-19 03:04:12.677942
TXN_005112,ACC_0204,ACC_0156,4731.34,2026-02-19 03:12:36.444145
TXN_006721,ACC_0320,ACC_0206,1493.33,2026-02-19 03:14:10.877933
TXN_006548,ACC_0321,ACC_0352,2877.33,2026-02-19 03:14:16.416677
TXN_006693,ACC_0253,ACC_0024,3222.88,2026-02-19 03:19:14.746487
TXN_008633,ACC_0317,ACC_0315,2593.3,2026-02-19 03:26:12.917696
TXN_001850,ACC_0164,ACC_0430,3084.42,2026-02-19 03:29:33.179987
TXN_003177,ACC_0194,ACC_0276,2063.9,2026-02-19 03:30:07.412334
TXN_002352,ACC_0014,ACC_0023,3821.65,2026-02-19 03:39:45.841337
TXN_006391,ACC_0062,ACC_0462,4206.29,2026-02-19 03:40:22.906984
TXN_000795,ACC_0349,ACC_0445,2261.99,2026-02-19 03:43:31.306761
TXN_001834,ACC_0153,ACC_0200,3361.27,2026-02-19 03:52:50.008281
TXN_005704,ACC_0115,ACC_0050,3947.83,2026-02-19 04:01:36.672337
TXN_008104,ACC_0054,ACC_0325,1875.37,2026-02-19 04:04:17.817788
TXN_003044,ACC_0464,ACC_0279,3509.74,2026-02-19 04:04:24.483613
TXN_007155,ACC_0301,ACC_0122,3910.68,2026-02-19 04:05:38.751134
TXN_004267,ACC_0447,ACC_0282,2529.08,2026-02-19 04:10:39.986482
TXN_001965,ACC_0347,ACC_0356,2014.29,2026-02-19 04:12:30.880774
TXN_004716,ACC_0200,ACC_0017,1480.65,2026-02-19 04:15:06.732381
TXN_004576,ACC_0191,ACC_0393,1590.26,2026-02-19 04:16:48.830339
TXN_007944,ACC_0317,ACC_0343,2722.71,2026-02-19 04:29:23.948695
TXN_003801,ACC_0065,ACC_0377,2436.31,2026-02-19 04:33:22.825012
TXN_009509,ACC_0347,ACC_0327,1246.14,2026-02-19 04:34:55.365162
TXN_004593,ACC_0269,ACC_0301,2543.33,2026-02-19 04:46:31.835580
TXN_001393,ACC_0458,ACC_0043,3760.71,2026-02-19 04:47:24.223465
TXN_001465,ACC_0430,ACC_0240,4764.59,2026-02-19 04:47:52.225521
TXN_005646,ACC_0359,ACC_0265,2112.76,2026-02-19 04:54:36.755708
TXN_003101,ACC_0408,ACC_0384,979.12,2026-02-19 04:55:16.416975
TXN_007160,ACC_0089,ACC_0132,545.71,2026-02-19 04:57:41.106011
TXN_002291,ACC_0278,ACC_0276,1311.17,2026-02-19 04:58:33.331785
TXN_005004,ACC_0307,ACC_0316,4879.25,2026-02-19 05:01:11.915962
TXN_007750,ACC_0234,ACC_0138,4714.89,2026-02-19 05:02:43.007980
TXN_009036,ACC_0438,ACC_0025,3804.66,2026-02-19 05:02:55.677590
TXN_006348,ACC_0272,ACC_0288,629.42,2026-02-19 05:04:38.942008
TXN_002119,ACC_0113,ACC_0411,318.93,2026-02-19 05:05:39.400215
TXN_002237,ACC_0319,ACC_0406,2714.48,2026-02-19 05:05:49.215581
TXN_005848,ACC_0455,ACC_0180,3693.22,2026-02-19 05:08:17.024872
TXN_000598,ACC_0263,ACC_0295,2694.97,2026-02-19 05:09:03.827377
TXN_000823,ACC_0381,ACC_0008,235.05,2026-02-19 05:09:15.255120
TXN_000037,ACC_0477,ACC_0478,9980.34,2026-02-19 05:20:30.073886
TXN_003277,ACC_0045,ACC_0053,4880.84,2026-02-19 05:29:32.847383
TXN_001846,ACC_0145,ACC_0007,2560.5,2026-02-19 05:30:25.833400
TXN_006461,ACC_0238,ACC_0055,1253.49,2026-02-19 05:34:10.736562
TXN_005946,ACC_0115,ACC_0081,885.76,2026-02-19 05:35:50.844824
TXN_000207,ACC_0156,ACC_0491,3868.14,2026-02-19 05:38:11.041522
TXN_009065,ACC_0158,ACC_0424,4282.65,2026-02-19 05:38:52.917216
TXN_003497,ACC_0112,ACC_0442,3170.78,2026-02-19 05:39:29.136333
TXN_001090,ACC_0364,ACC_0248,2163.67,2026-02-19 05:40:38.279997
TXN_000793,ACC_0142,ACC_0411,4548.57,2026-02-19 05:43:55.675096
TXN_004500,ACC_0164,ACC_0130,2569.39,2026-02-19 05:49:58.240677
TXN_006139,ACC_0344,ACC_0364,2193.12,2026-02-19 05:55:11.406391
TXN_009203,ACC_0139,ACC_0417,2989.38,2026-02-19 06:03:00.783610
TXN_001859,ACC_0156,ACC_0407,1773.77,2026-02-19 06:08:54.470320
TXN_001498,ACC_0048,ACC_0309,1624.57,2026-02-19 06:11:26.843768
TXN_004337,ACC_0127,ACC_0400,3548.72,2026-02-19 06:11:45.003873
TXN_004937,ACC_0212,ACC_0410,2159.11,2026-02-19 06:15:13.289790
TXN_005404,ACC_0296,ACC_0317,4792.92,2026-02-19 06:26:14.058458
TXN_003295,ACC_0452,ACC_0160,4493.58,2026-02-19 06:27:00.916111
TXN_001883,ACC_0430,ACC_0222,3213.1,2026-02-19 06:29:37.446797
TXN_003138,ACC_0262,ACC_0426,4317.36,2026-02-19 06:29:42.958558
TXN_005844,ACC_0103,ACC_0369,4294.05,2026-02-19 06:35:39.271793
TXN_004013,ACC_0370,ACC_0297,4444.61,2026-02-19 06:36:53.212984
TXN_000197,ACC_0153,ACC_0490,14573.74,2026-02-19 06:41:58.769351
TXN_000198,ACC_0490,ACC_0095,13845.06,2026-02-19 06:52:01.952419
TXN_005310,ACC_0112,ACC_0459,1189.31,2026-02-19 06:53:14.296400
TXN_005992,ACC_0139,ACC_0157,4997.03,2026-02-19 07:06:06.898626
TXN_000208,ACC_0491,ACC_0285,3674.73,2026-02-19 07:09:15.409293
TXN_008416,ACC_0249,ACC_0212,4110.62,2026-02-19 07:09:40.771523
TXN_001939,ACC_0288,ACC_0410,3116.78,2026-02-19 07:11:54.345225
TXN_006159,ACC_0292,ACC_0197,2724.25,2026-02-19 07:14:40.783235
TXN_008705,ACC_0312,ACC_0203,1575.69,2026-02-19 07:17:35.659463
TXN_009253,ACC_0237,ACC_0284,1706.77,2026-02-19 07:18:13.354583
TXN_004545,ACC_0400,ACC_0375,2392.3,2026-02-19 07:20:19.364692
TXN_001132,ACC_0190,ACC_0213,243.3,2026-02-19 07:40:20.795692
TXN_002336,ACC_0142,ACC_0135,4326.83,2026-02-19 07:46:59.230066
TXN_002891,ACC_0181,ACC_0162,4950.48,2026-02-19 07:48:31.301680
TXN_009314,ACC_0303,ACC_0399,1607.25,2026-02-19 07:51:00.788752
TXN_007129,ACC_0088,ACC_0162,2887.63,2026-02-19 07:51:31.859268
TXN_004417,ACC_0114,ACC_0132,4220.66,2026-02-19 07:54:11.336819
TXN_001824,ACC_0328,ACC_0278,634.26,2026-02-19 07:56:15.358330
TXN_009287,ACC_0209,ACC_0085,997.81,2026-02-19 08:00:19.439181
TXN_005826,ACC_0073,ACC_0377,3318.54,2026-02-19 08:06:41.843265
TXN_003953,ACC_0215,ACC_0282,4261.48,2026-02-19 08:09:15.337836
TXN_008137,ACC_0039,ACC_0059,1853.2,2026-02-19 08:12:01.257401
TXN_002047,ACC_0349,ACC_0250,4138.72,2026-02-19 08:12:37.843546
TXN_007400,ACC_0422,ACC_0280,3666.06,2026-02-19 08:13:24.326965
TXN_004024,ACC_0301,ACC_0383,673.04,2026-02-19 08:14:15.900995
TXN_000935,ACC_0134,ACC_0341,408.28,2026-02-19 08:14:32.643802
TXN_008703,ACC_0328,ACC_0123,3182.86,2026-02-19 08:20:34.597290
TXN_006329,ACC_0212,ACC_0330,803.24,2026-02-19 08:25:02.493793
TXN_008747,ACC_0242,ACC_0165,3624.67,2026-02-19 08:27:11.399628
TXN_002756,ACC_0221,ACC_0250,1877.35,2026-02-19 08:28:36.105020
TXN_004153,ACC_0357,ACC_0233,2018.49,2026-02-19 08:29:52.633027
TXN_009856,ACC_0404,ACC_0133,2408.65,2026-02-19 08:33:11.894621
TXN_004012,ACC_0099,ACC_0452,3955.48,2026-02-19 08:36:08.943977
TXN_009689,ACC_0189,ACC_0199,2419.76,2026-02-19 08:45:05.179750
TXN_005067,ACC_0051,ACC_0292,4478.39,2026-02-19 08:52:16.727055
TXN_000921,ACC_0025,ACC_0399,2467.56,2026-02-19 09:04:06.117330
TXN_009000,ACC_0358,ACC_0461,897.54,2026-02-19 09:08:34.377489
TXN_009523,ACC_0375,ACC_0448,1726.7,2026-02-19 09:09:53.692129
TXN_002044,ACC_0271,ACC_0464,122.19,2026-02-19 09:10:02.630954
TXN_004565,ACC_0126,ACC_0282,4925.74,2026-02-19 09:23:14.973518
TXN_006450,ACC_0349,ACC_0040,1121.12,2026-02-19 09:23:35.392602
TXN_002482,ACC_0450,ACC_0001,2354.85,2026-02-19 09:25:12.853030
TXN_005700,ACC_0138,ACC_0397,4658.46,2026-02-19 09:32:32.519516
TXN_005062,ACC_0304,ACC_0428,525.11,2026-02-19 09:32:51.222045
TXN_009836,ACC_0062,ACC_0409,1778.61,2026-02-19 09:40:40.860101
TXN_002521,ACC_0288,ACC_0451,1706.24,2026-02-19 09:41:44.443342
TXN_003312,ACC_0287,ACC_0046,326.01,2026-02-19 09:41:45.690907
TXN_000648,ACC_0342,ACC_0121,1508.14,2026-02-19 09:48:43.034596
TXN_000904,ACC_0050,ACC_0248,852.99,2026-02-19 09:50:54.910506
TXN_006886,ACC_0256,ACC_0014,4140.16,2026-02-19 09:51:03.423858
TXN_000131,ACC_0357,ACC_0487,4518.13,2026-02-19 09:51:45.959582
TXN_000341,ACC_0360,ACC_0498,9617.75,2026-02-19 09:57:07.939163
TXN_005149,ACC_0348,ACC_0416,2922.51,2026-02-19 10:01:06.543641
TXN_004734,ACC_0312,ACC_0154,311.64,2026-02-19 10:03:47.794083
TXN_002960,ACC_0221,ACC_0005,3911.83,2026-02-19 10:03:59.025007
TXN_006740,ACC_0174,ACC_0139,2345.43,2026-02-19 10:06:16.363998
TXN_005322,ACC_0336,ACC_0254,3424.99,2026-02-19 10:12:21.611912
TXN_000342,ACC_0498,ACC_0264,9136.86,2026-02-19 10:25:07.968896
TXN_005134,ACC_0357,ACC_0301,3389.36,2026-02-19 10:35:06.791427
TXN_001055,ACC_0144,ACC_0203,516.83,2026-02-19 10:38:16.368656
TXN_007263,ACC_0469,ACC_0017,3643.68,2026-02-19 10:42:25.027309
TXN_009915,ACC_0042,ACC_0333,2672.2,2026-02-19 10:46:55.344001
TXN_000803,ACC_0360,ACC_0339,2529.42,2026-02-19 11:13:01.091124
TXN_006912,ACC_0423,ACC_0095,3398.71,2026-02-19 11:15:56.862349
TXN_001179,ACC_0151,ACC_0429,742.43,2026-02-19 11:19:49.622486
TXN_005087,ACC_0159,ACC_0136,2755.13,2026-02-19 11:20:47.245642
TXN_009181,ACC_0260,ACC_0296,4679.08,2026-02-19 11:23:52.134123
TXN_005384,ACC_0433,ACC_0130,2589.81,2026-02-19 11:25:02.267231
TXN_002001,ACC_0312,ACC_0054,2860.27,2026-02-19 11:25:16.504618
TXN_000686,ACC_0181,ACC_0315,2541.6,2026-02-19 11:28:36.815439
TXN_000132,ACC_0487,ACC_0466,4292.22,2026-02-19 11:43:56.772497
TXN_001020,ACC_0221,ACC_0067,1635.81,2026-02-19 11:53:40.609216
TXN_009163,ACC_0252,ACC_0161,4258.09,2026-02-19 11:58:51.215267
TXN_002910,ACC_0100,ACC_0262,4369.21,2026-02-19 12:05:56.756224
TXN_006121,ACC_0188,ACC_0182,834.42,2026-02-19 12:06:52.062780
TXN_001611,ACC_0314,ACC_0099,2303.32,2026-02-19 12:07:40.391795
TXN_000763,ACC_0063,ACC_0337,877.58,2026-02-19 12:08:18.336404
TXN_009951,ACC_0196,ACC_0049,985.08,2026-02-19 12:15:09.572943
TXN_002802,ACC_0177,ACC_0161,1046.34,2026-02-19 12:16:35.588448
TXN_009077,ACC_0189,ACC_0072,1543.65,2026-02-19 12:16:37.049453
TXN_005032,ACC_0225,ACC_0422,4199.75,2026-02-19 12:26:28.171662
TXN_008298,ACC_0007,ACC_0242,4864.3,2026-02-19 12:27:05.831380
TXN_000605,ACC_0234,ACC_0384,4382.59,2026-02-19 12:27:38.671973
TXN_005851,ACC_0073,ACC_0276,2249.74,2026-02-19 12:34:12.306182
TXN_000399,ACC_0135,ACC_0166,469.6,2026-02-19 12:42:31.834123
TXN_000424,ACC_0090,ACC_0117,2389.87,2026-02-19 12:45:48.716100
TXN_006991,ACC_0246,ACC_0170,3152.37,2026-02-19 12:50:20.564074
TXN_002332,ACC_0330,ACC_0320,3370.42,2026-02-19 12:54:12.766120
TXN_005923,ACC_0212,ACC_0202,1437.27,2026-02-19 12:58:42.933394
TXN_001084,ACC_0053,ACC_0010,1865.21,2026-02-19 13:00:22.977819
TXN_007701,ACC_0244,ACC_0064,2066.33,2026-02-19 13:08:23.242232
TXN_006216,ACC_0276,ACC_0444,2928.81,2026-02-19 13:13:37.294831
TXN_008651,ACC_0082,ACC_0233,725.0,2026-02-19 13:16:26.942694
TXN_005842,ACC_0300,ACC_0161,960.67,2026-02-19 13:24:53.381860
TXN_001719,ACC_0417,ACC_0167,434.12,2026-02-19 13:29:42.349259
TXN_003789,ACC_0451,ACC_0367,873.14,2026-02-19 13:30:20.318138
TXN_002362,ACC_0132,ACC_0222,628.38,2026-02-19 13:46:04.132270
TXN_003442,ACC_0400,ACC_0378,1057.86,2026-02-19 13:52:14.719440
TXN_009759,ACC_0021,ACC_0060,785.42,2026-02-19 13:53:05.365236
TXN_008530,ACC_0423,ACC_0259,3145.53,2026-02-19 13:55:22.360598
TXN_002678,ACC_0095,ACC_0079,4127.78,2026-02-19 14:06:57.460110
